macro_sector,lv1,lit_lv1,lv2,lit_lv2,lv3,lit_lv3,codigo_nc8
Agroalimentario,11,Sectores Cárnicos,1111,Bovino,111111,Animales vivos de bovinos,01022110
Agroalimentario,11,Sectores Cárnicos,1111,Bovino,111111,Animales vivos de bovinos,01022130
Agroalimentario,11,Sectores Cárnicos,1111,Bovino,111111,Animales vivos de bovinos,01022190
Agroalimentario,11,Sectores Cárnicos,1111,Bovino,111111,Animales vivos de bovinos,01022910
Agroalimentario,11,Sectores Cárnicos,1111,Bovino,111111,Animales vivos de bovinos,01022921
Agroalimentario,11,Sectores Cárnicos,1111,Bovino,111111,Animales vivos de bovinos,01022941
Agroalimentario,11,Sectores Cárnicos,1111,Bovino,111111,Animales vivos de bovinos,01022949
Agroalimentario,11,Sectores Cárnicos,1111,Bovino,111111,Animales vivos de bovinos,01022951
Agroalimentario,11,Sectores Cárnicos,1111,Bovino,111111,Animales vivos de bovinos,01022959
Agroalimentario,11,Sectores Cárnicos,1111,Bovino,111111,Animales vivos de bovinos,01022969
Agroalimentario,11,Sectores Cárnicos,1111,Bovino,111111,Animales vivos de bovinos,01022991
Agroalimentario,11,Sectores Cárnicos,1111,Bovino,111111,Animales vivos de bovinos,01022999
Agroalimentario,11,Sectores Cárnicos,1111,Bovino,111111,Animales vivos de bovinos,01029020
Agroalimentario,11,Sectores Cárnicos,1111,Bovino,111111,Animales vivos de bovinos,01029091
Agroalimentario,11,Sectores Cárnicos,1111,Bovino,111111,Animales vivos de bovinos,01029099
Agroalimentario,11,Sectores Cárnicos,1111,Bovino,111112,Carne fresca o refrigerada de  bovino,02011000
Agroalimentario,11,Sectores Cárnicos,1111,Bovino,111112,Carne fresca o refrigerada de  bovino,02012020
Agroalimentario,11,Sectores Cárnicos,1111,Bovino,111112,Carne fresca o refrigerada de  bovino,02012030
Agroalimentario,11,Sectores Cárnicos,1111,Bovino,111112,Carne fresca o refrigerada de  bovino,02012050
Agroalimentario,11,Sectores Cárnicos,1111,Bovino,111112,Carne fresca o refrigerada de  bovino,02012090
Agroalimentario,11,Sectores Cárnicos,1111,Bovino,111112,Carne fresca o refrigerada de  bovino,02013000
Agroalimentario,11,Sectores Cárnicos,1111,Bovino,111113,Carne congelada de  bovino,02021000
Agroalimentario,11,Sectores Cárnicos,1111,Bovino,111113,Carne congelada de  bovino,02022010
Agroalimentario,11,Sectores Cárnicos,1111,Bovino,111113,Carne congelada de  bovino,02022030
Agroalimentario,11,Sectores Cárnicos,1111,Bovino,111113,Carne congelada de  bovino,02022050
Agroalimentario,11,Sectores Cárnicos,1111,Bovino,111113,Carne congelada de  bovino,02022090
Agroalimentario,11,Sectores Cárnicos,1111,Bovino,111113,Carne congelada de  bovino,02023010
Agroalimentario,11,Sectores Cárnicos,1111,Bovino,111113,Carne congelada de  bovino,02023050
Agroalimentario,11,Sectores Cárnicos,1111,Bovino,111113,Carne congelada de  bovino,02023090
Agroalimentario,11,Sectores Cárnicos,1111,Bovino,111114,Preparaciones y despojos de  bovino,02102010
Agroalimentario,11,Sectores Cárnicos,1111,Bovino,111114,Preparaciones y despojos de  bovino,02102090
Agroalimentario,11,Sectores Cárnicos,1111,Bovino,111114,Preparaciones y despojos de  bovino,02109951
Agroalimentario,11,Sectores Cárnicos,1111,Bovino,111114,Preparaciones y despojos de  bovino,02109959
Agroalimentario,11,Sectores Cárnicos,1111,Bovino,111114,Preparaciones y despojos de  bovino,16025010
Agroalimentario,11,Sectores Cárnicos,1111,Bovino,111114,Preparaciones y despojos de  bovino,16025031
Agroalimentario,11,Sectores Cárnicos,1111,Bovino,111114,Preparaciones y despojos de  bovino,16025095
Agroalimentario,11,Sectores Cárnicos,1111,Bovino,111114,Preparaciones y despojos de  bovino,16029061
Agroalimentario,11,Sectores Cárnicos,1111,Bovino,111114,Preparaciones y despojos de  bovino,16029069
Agroalimentario,11,Sectores Cárnicos,1111,Bovino,111115,Despojos de bovino,02061010
Agroalimentario,11,Sectores Cárnicos,1111,Bovino,111115,Despojos de bovino,02061095
Agroalimentario,11,Sectores Cárnicos,1111,Bovino,111115,Despojos de bovino,02061098
Agroalimentario,11,Sectores Cárnicos,1111,Bovino,111115,Despojos de bovino,02062100
Agroalimentario,11,Sectores Cárnicos,1111,Bovino,111115,Despojos de bovino,02062200
Agroalimentario,11,Sectores Cárnicos,1111,Bovino,111115,Despojos de bovino,02062910
Agroalimentario,11,Sectores Cárnicos,1111,Bovino,111115,Despojos de bovino,02062991
Agroalimentario,11,Sectores Cárnicos,1111,Bovino,111115,Despojos de bovino,02062999
Agroalimentario,11,Sectores Cárnicos,1112,Ovino-caprino,111211,Animales vivos de  ovino-caprino,01041010
Agroalimentario,11,Sectores Cárnicos,1112,Ovino-caprino,111211,Animales vivos de  ovino-caprino,01041030
Agroalimentario,11,Sectores Cárnicos,1112,Ovino-caprino,111211,Animales vivos de  ovino-caprino,01041080
Agroalimentario,11,Sectores Cárnicos,1112,Ovino-caprino,111211,Animales vivos de  ovino-caprino,01042010
Agroalimentario,11,Sectores Cárnicos,1112,Ovino-caprino,111211,Animales vivos de  ovino-caprino,01042090
Agroalimentario,11,Sectores Cárnicos,1112,Ovino-caprino,111212,Carne de ovino-caprino,02041000
Agroalimentario,11,Sectores Cárnicos,1112,Ovino-caprino,111212,Carne de ovino-caprino,02042100
Agroalimentario,11,Sectores Cárnicos,1112,Ovino-caprino,111212,Carne de ovino-caprino,02042210
Agroalimentario,11,Sectores Cárnicos,1112,Ovino-caprino,111212,Carne de ovino-caprino,02042230
Agroalimentario,11,Sectores Cárnicos,1112,Ovino-caprino,111212,Carne de ovino-caprino,02042250
Agroalimentario,11,Sectores Cárnicos,1112,Ovino-caprino,111212,Carne de ovino-caprino,02042290
Agroalimentario,11,Sectores Cárnicos,1112,Ovino-caprino,111212,Carne de ovino-caprino,02042300
Agroalimentario,11,Sectores Cárnicos,1112,Ovino-caprino,111212,Carne de ovino-caprino,02043000
Agroalimentario,11,Sectores Cárnicos,1112,Ovino-caprino,111212,Carne de ovino-caprino,02044100
Agroalimentario,11,Sectores Cárnicos,1112,Ovino-caprino,111212,Carne de ovino-caprino,02044210
Agroalimentario,11,Sectores Cárnicos,1112,Ovino-caprino,111212,Carne de ovino-caprino,02044230
Agroalimentario,11,Sectores Cárnicos,1112,Ovino-caprino,111212,Carne de ovino-caprino,02044250
Agroalimentario,11,Sectores Cárnicos,1112,Ovino-caprino,111212,Carne de ovino-caprino,02044290
Agroalimentario,11,Sectores Cárnicos,1112,Ovino-caprino,111212,Carne de ovino-caprino,02044310
Agroalimentario,11,Sectores Cárnicos,1112,Ovino-caprino,111212,Carne de ovino-caprino,02044390
Agroalimentario,11,Sectores Cárnicos,1112,Ovino-caprino,111212,Carne de ovino-caprino,02045011
Agroalimentario,11,Sectores Cárnicos,1112,Ovino-caprino,111212,Carne de ovino-caprino,02045015
Agroalimentario,11,Sectores Cárnicos,1112,Ovino-caprino,111212,Carne de ovino-caprino,02045019
Agroalimentario,11,Sectores Cárnicos,1112,Ovino-caprino,111212,Carne de ovino-caprino,02045031
Agroalimentario,11,Sectores Cárnicos,1112,Ovino-caprino,111212,Carne de ovino-caprino,02045039
Agroalimentario,11,Sectores Cárnicos,1112,Ovino-caprino,111212,Carne de ovino-caprino,02045051
Agroalimentario,11,Sectores Cárnicos,1112,Ovino-caprino,111212,Carne de ovino-caprino,02045053
Agroalimentario,11,Sectores Cárnicos,1112,Ovino-caprino,111212,Carne de ovino-caprino,02045055
Agroalimentario,11,Sectores Cárnicos,1112,Ovino-caprino,111212,Carne de ovino-caprino,02045059
Agroalimentario,11,Sectores Cárnicos,1112,Ovino-caprino,111212,Carne de ovino-caprino,02045071
Agroalimentario,11,Sectores Cárnicos,1112,Ovino-caprino,111212,Carne de ovino-caprino,02045079
Agroalimentario,11,Sectores Cárnicos,1112,Ovino-caprino,111213,Preparaciones de  ovino-caprino,02109921
Agroalimentario,11,Sectores Cárnicos,1112,Ovino-caprino,111213,Preparaciones de  ovino-caprino,02109929
Agroalimentario,11,Sectores Cárnicos,1112,Ovino-caprino,111213,Preparaciones de  ovino-caprino,16029091
Agroalimentario,11,Sectores Cárnicos,1112,Ovino-caprino,111213,Preparaciones de  ovino-caprino,16029095
Agroalimentario,11,Sectores Cárnicos,1112,Ovino-caprino,111213,Preparaciones de  ovino-caprino,16029099
Agroalimentario,11,Sectores Cárnicos,1112,Ovino-caprino,111214,Despojos,02068099
Agroalimentario,11,Sectores Cárnicos,1112,Ovino-caprino,111214,Despojos,02069099
Agroalimentario,11,Sectores Cárnicos,1113,Porcino,111311,Animales vivos de porcino,01031000
Agroalimentario,11,Sectores Cárnicos,1113,Porcino,111311,Animales vivos de porcino,01039110
Agroalimentario,11,Sectores Cárnicos,1113,Porcino,111311,Animales vivos de porcino,01039190
Agroalimentario,11,Sectores Cárnicos,1113,Porcino,111311,Animales vivos de porcino,01039211
Agroalimentario,11,Sectores Cárnicos,1113,Porcino,111311,Animales vivos de porcino,01039219
Agroalimentario,11,Sectores Cárnicos,1113,Porcino,111311,Animales vivos de porcino,01039290
Agroalimentario,11,Sectores Cárnicos,1113,Porcino,111312,Carne fresca y refrigerada de porcino,02031110
Agroalimentario,11,Sectores Cárnicos,1113,Porcino,111312,Carne fresca y refrigerada de porcino,02031190
Agroalimentario,11,Sectores Cárnicos,1113,Porcino,111312,Carne fresca y refrigerada de porcino,02031211
Agroalimentario,11,Sectores Cárnicos,1113,Porcino,111312,Carne fresca y refrigerada de porcino,02031219
Agroalimentario,11,Sectores Cárnicos,1113,Porcino,111312,Carne fresca y refrigerada de porcino,02031290
Agroalimentario,11,Sectores Cárnicos,1113,Porcino,111312,Carne fresca y refrigerada de porcino,02031911
Agroalimentario,11,Sectores Cárnicos,1113,Porcino,111312,Carne fresca y refrigerada de porcino,02031913
Agroalimentario,11,Sectores Cárnicos,1113,Porcino,111312,Carne fresca y refrigerada de porcino,02031915
Agroalimentario,11,Sectores Cárnicos,1113,Porcino,111312,Carne fresca y refrigerada de porcino,02031955
Agroalimentario,11,Sectores Cárnicos,1113,Porcino,111312,Carne fresca y refrigerada de porcino,02031959
Agroalimentario,11,Sectores Cárnicos,1113,Porcino,111312,Carne fresca y refrigerada de porcino,02031990
Agroalimentario,11,Sectores Cárnicos,1113,Porcino,111313,Carne congelada de  porcino,02032110
Agroalimentario,11,Sectores Cárnicos,1113,Porcino,111313,Carne congelada de  porcino,02032190
Agroalimentario,11,Sectores Cárnicos,1113,Porcino,111313,Carne congelada de  porcino,02032211
Agroalimentario,11,Sectores Cárnicos,1113,Porcino,111313,Carne congelada de  porcino,02032219
Agroalimentario,11,Sectores Cárnicos,1113,Porcino,111313,Carne congelada de  porcino,02032290
Agroalimentario,11,Sectores Cárnicos,1113,Porcino,111313,Carne congelada de  porcino,02032911
Agroalimentario,11,Sectores Cárnicos,1113,Porcino,111313,Carne congelada de  porcino,02032913
Agroalimentario,11,Sectores Cárnicos,1113,Porcino,111313,Carne congelada de  porcino,02032915
Agroalimentario,11,Sectores Cárnicos,1113,Porcino,111313,Carne congelada de  porcino,02032955
Agroalimentario,11,Sectores Cárnicos,1113,Porcino,111313,Carne congelada de  porcino,02032959
Agroalimentario,11,Sectores Cárnicos,1113,Porcino,111313,Carne congelada de  porcino,02032990
Agroalimentario,11,Sectores Cárnicos,1113,Porcino,111314,Tocino de porcino,02091011
Agroalimentario,11,Sectores Cárnicos,1113,Porcino,111314,Tocino de porcino,02091019
Agroalimentario,11,Sectores Cárnicos,1113,Porcino,111314,Tocino de porcino,02091090
Agroalimentario,11,Sectores Cárnicos,1113,Porcino,111315,Jamones y paleta de porcino,02101111
Agroalimentario,11,Sectores Cárnicos,1113,Porcino,111315,Jamones y paleta de porcino,02101119
Agroalimentario,11,Sectores Cárnicos,1113,Porcino,111315,Jamones y paleta de porcino,02101131
Agroalimentario,11,Sectores Cárnicos,1113,Porcino,111315,Jamones y paleta de porcino,02101139
Agroalimentario,11,Sectores Cárnicos,1113,Porcino,111315,Jamones y paleta de porcino,02101190
Agroalimentario,11,Sectores Cárnicos,1113,Porcino,111315,Jamones y paleta de porcino,02101981
Agroalimentario,11,Sectores Cárnicos,1113,Porcino,111316,Preparaciones de  porcino,02101211
Agroalimentario,11,Sectores Cárnicos,1113,Porcino,111316,Preparaciones de  porcino,02101219
Agroalimentario,11,Sectores Cárnicos,1113,Porcino,111316,Preparaciones de  porcino,02101290
Agroalimentario,11,Sectores Cárnicos,1113,Porcino,111316,Preparaciones de  porcino,02101910
Agroalimentario,11,Sectores Cárnicos,1113,Porcino,111316,Preparaciones de  porcino,02101920
Agroalimentario,11,Sectores Cárnicos,1113,Porcino,111316,Preparaciones de  porcino,02101930
Agroalimentario,11,Sectores Cárnicos,1113,Porcino,111316,Preparaciones de  porcino,02101940
Agroalimentario,11,Sectores Cárnicos,1113,Porcino,111316,Preparaciones de  porcino,02101950
Agroalimentario,11,Sectores Cárnicos,1113,Porcino,111316,Preparaciones de  porcino,02101960
Agroalimentario,11,Sectores Cárnicos,1113,Porcino,111316,Preparaciones de  porcino,02101970
Agroalimentario,11,Sectores Cárnicos,1113,Porcino,111316,Preparaciones de  porcino,02101989
Agroalimentario,11,Sectores Cárnicos,1113,Porcino,111316,Preparaciones de  porcino,02101990
Agroalimentario,11,Sectores Cárnicos,1113,Porcino,111316,Preparaciones de  porcino,02109949
Agroalimentario,11,Sectores Cárnicos,1113,Porcino,111316,Preparaciones de  porcino,16010010
Agroalimentario,11,Sectores Cárnicos,1113,Porcino,111316,Preparaciones de  porcino,16010091
Agroalimentario,11,Sectores Cárnicos,1113,Porcino,111316,Preparaciones de  porcino,16010099
Agroalimentario,11,Sectores Cárnicos,1113,Porcino,111316,Preparaciones de  porcino,16021000
Agroalimentario,11,Sectores Cárnicos,1113,Porcino,111316,Preparaciones de  porcino,16022090
Agroalimentario,11,Sectores Cárnicos,1113,Porcino,111316,Preparaciones de  porcino,16024110
Agroalimentario,11,Sectores Cárnicos,1113,Porcino,111316,Preparaciones de  porcino,16024190
Agroalimentario,11,Sectores Cárnicos,1113,Porcino,111316,Preparaciones de  porcino,16024210
Agroalimentario,11,Sectores Cárnicos,1113,Porcino,111316,Preparaciones de  porcino,16024290
Agroalimentario,11,Sectores Cárnicos,1113,Porcino,111316,Preparaciones de  porcino,16024911
Agroalimentario,11,Sectores Cárnicos,1113,Porcino,111316,Preparaciones de  porcino,16024913
Agroalimentario,11,Sectores Cárnicos,1113,Porcino,111316,Preparaciones de  porcino,16024915
Agroalimentario,11,Sectores Cárnicos,1113,Porcino,111316,Preparaciones de  porcino,16024919
Agroalimentario,11,Sectores Cárnicos,1113,Porcino,111316,Preparaciones de  porcino,16024930
Agroalimentario,11,Sectores Cárnicos,1113,Porcino,111316,Preparaciones de  porcino,16024950
Agroalimentario,11,Sectores Cárnicos,1113,Porcino,111316,Preparaciones de  porcino,16024990
Agroalimentario,11,Sectores Cárnicos,1113,Porcino,111316,Preparaciones de  porcino,16029010
Agroalimentario,11,Sectores Cárnicos,1113,Porcino,111316,Preparaciones de  porcino,16029051
Agroalimentario,11,Sectores Cárnicos,1113,Porcino,111317,Despojos de  porcino,02063000
Agroalimentario,11,Sectores Cárnicos,1113,Porcino,111317,Despojos de  porcino,02064100
Agroalimentario,11,Sectores Cárnicos,1113,Porcino,111317,Despojos de  porcino,02064900
Agroalimentario,11,Sectores Cárnicos,1114,Aves y huevos,111411,Animales vivos de  aves,01051111
Agroalimentario,11,Sectores Cárnicos,1114,Aves y huevos,111411,Animales vivos de  aves,01051119
Agroalimentario,11,Sectores Cárnicos,1114,Aves y huevos,111411,Animales vivos de  aves,01051191
Agroalimentario,11,Sectores Cárnicos,1114,Aves y huevos,111411,Animales vivos de  aves,01051199
Agroalimentario,11,Sectores Cárnicos,1114,Aves y huevos,111411,Animales vivos de  aves,01051200
Agroalimentario,11,Sectores Cárnicos,1114,Aves y huevos,111411,Animales vivos de  aves,01051300
Agroalimentario,11,Sectores Cárnicos,1114,Aves y huevos,111411,Animales vivos de  aves,01059400
Agroalimentario,11,Sectores Cárnicos,1114,Aves y huevos,111411,Animales vivos de  aves,01059930
Agroalimentario,11,Sectores Cárnicos,1114,Aves y huevos,111412,Carne de aves,02071110
Agroalimentario,11,Sectores Cárnicos,1114,Aves y huevos,111412,Carne de aves,02071130
Agroalimentario,11,Sectores Cárnicos,1114,Aves y huevos,111412,Carne de aves,02071190
Agroalimentario,11,Sectores Cárnicos,1114,Aves y huevos,111412,Carne de aves,02071210
Agroalimentario,11,Sectores Cárnicos,1114,Aves y huevos,111412,Carne de aves,02071290
Agroalimentario,11,Sectores Cárnicos,1114,Aves y huevos,111412,Carne de aves,02071310
Agroalimentario,11,Sectores Cárnicos,1114,Aves y huevos,111412,Carne de aves,02071320
Agroalimentario,11,Sectores Cárnicos,1114,Aves y huevos,111412,Carne de aves,02071330
Agroalimentario,11,Sectores Cárnicos,1114,Aves y huevos,111412,Carne de aves,02071340
Agroalimentario,11,Sectores Cárnicos,1114,Aves y huevos,111412,Carne de aves,02071350
Agroalimentario,11,Sectores Cárnicos,1114,Aves y huevos,111412,Carne de aves,02071360
Agroalimentario,11,Sectores Cárnicos,1114,Aves y huevos,111412,Carne de aves,02071370
Agroalimentario,11,Sectores Cárnicos,1114,Aves y huevos,111412,Carne de aves,02071391
Agroalimentario,11,Sectores Cárnicos,1114,Aves y huevos,111412,Carne de aves,02071399
Agroalimentario,11,Sectores Cárnicos,1114,Aves y huevos,111412,Carne de aves,02071410
Agroalimentario,11,Sectores Cárnicos,1114,Aves y huevos,111412,Carne de aves,02071420
Agroalimentario,11,Sectores Cárnicos,1114,Aves y huevos,111412,Carne de aves,02071430
Agroalimentario,11,Sectores Cárnicos,1114,Aves y huevos,111412,Carne de aves,02071440
Agroalimentario,11,Sectores Cárnicos,1114,Aves y huevos,111412,Carne de aves,02071450
Agroalimentario,11,Sectores Cárnicos,1114,Aves y huevos,111412,Carne de aves,02071460
Agroalimentario,11,Sectores Cárnicos,1114,Aves y huevos,111412,Carne de aves,02071470
Agroalimentario,11,Sectores Cárnicos,1114,Aves y huevos,111412,Carne de aves,02071491
Agroalimentario,11,Sectores Cárnicos,1114,Aves y huevos,111412,Carne de aves,02071499
Agroalimentario,11,Sectores Cárnicos,1114,Aves y huevos,111412,Carne de aves,02072410
Agroalimentario,11,Sectores Cárnicos,1114,Aves y huevos,111412,Carne de aves,02072490
Agroalimentario,11,Sectores Cárnicos,1114,Aves y huevos,111412,Carne de aves,02072510
Agroalimentario,11,Sectores Cárnicos,1114,Aves y huevos,111412,Carne de aves,02072590
Agroalimentario,11,Sectores Cárnicos,1114,Aves y huevos,111412,Carne de aves,02072610
Agroalimentario,11,Sectores Cárnicos,1114,Aves y huevos,111412,Carne de aves,02072620
Agroalimentario,11,Sectores Cárnicos,1114,Aves y huevos,111412,Carne de aves,02072630
Agroalimentario,11,Sectores Cárnicos,1114,Aves y huevos,111412,Carne de aves,02072640
Agroalimentario,11,Sectores Cárnicos,1114,Aves y huevos,111412,Carne de aves,02072650
Agroalimentario,11,Sectores Cárnicos,1114,Aves y huevos,111412,Carne de aves,02072660
Agroalimentario,11,Sectores Cárnicos,1114,Aves y huevos,111412,Carne de aves,02072670
Agroalimentario,11,Sectores Cárnicos,1114,Aves y huevos,111412,Carne de aves,02072680
Agroalimentario,11,Sectores Cárnicos,1114,Aves y huevos,111412,Carne de aves,02072691
Agroalimentario,11,Sectores Cárnicos,1114,Aves y huevos,111412,Carne de aves,02072699
Agroalimentario,11,Sectores Cárnicos,1114,Aves y huevos,111412,Carne de aves,02072710
Agroalimentario,11,Sectores Cárnicos,1114,Aves y huevos,111412,Carne de aves,02072720
Agroalimentario,11,Sectores Cárnicos,1114,Aves y huevos,111412,Carne de aves,02072730
Agroalimentario,11,Sectores Cárnicos,1114,Aves y huevos,111412,Carne de aves,02072740
Agroalimentario,11,Sectores Cárnicos,1114,Aves y huevos,111412,Carne de aves,02072750
Agroalimentario,11,Sectores Cárnicos,1114,Aves y huevos,111412,Carne de aves,02072760
Agroalimentario,11,Sectores Cárnicos,1114,Aves y huevos,111412,Carne de aves,02072770
Agroalimentario,11,Sectores Cárnicos,1114,Aves y huevos,111412,Carne de aves,02072780
Agroalimentario,11,Sectores Cárnicos,1114,Aves y huevos,111412,Carne de aves,02072791
Agroalimentario,11,Sectores Cárnicos,1114,Aves y huevos,111412,Carne de aves,02072799
Agroalimentario,11,Sectores Cárnicos,1114,Aves y huevos,111412,Carne de aves,02074120
Agroalimentario,11,Sectores Cárnicos,1114,Aves y huevos,111412,Carne de aves,02074130
Agroalimentario,11,Sectores Cárnicos,1114,Aves y huevos,111412,Carne de aves,02074180
Agroalimentario,11,Sectores Cárnicos,1114,Aves y huevos,111412,Carne de aves,02074230
Agroalimentario,11,Sectores Cárnicos,1114,Aves y huevos,111412,Carne de aves,02074280
Agroalimentario,11,Sectores Cárnicos,1114,Aves y huevos,111412,Carne de aves,02074300
Agroalimentario,11,Sectores Cárnicos,1114,Aves y huevos,111412,Carne de aves,02074410
Agroalimentario,11,Sectores Cárnicos,1114,Aves y huevos,111412,Carne de aves,02074421
Agroalimentario,11,Sectores Cárnicos,1114,Aves y huevos,111412,Carne de aves,02074431
Agroalimentario,11,Sectores Cárnicos,1114,Aves y huevos,111412,Carne de aves,02074451
Agroalimentario,11,Sectores Cárnicos,1114,Aves y huevos,111412,Carne de aves,02074461
Agroalimentario,11,Sectores Cárnicos,1114,Aves y huevos,111412,Carne de aves,02074471
Agroalimentario,11,Sectores Cárnicos,1114,Aves y huevos,111412,Carne de aves,02074481
Agroalimentario,11,Sectores Cárnicos,1114,Aves y huevos,111412,Carne de aves,02074491
Agroalimentario,11,Sectores Cárnicos,1114,Aves y huevos,111412,Carne de aves,02074499
Agroalimentario,11,Sectores Cárnicos,1114,Aves y huevos,111412,Carne de aves,02074510
Agroalimentario,11,Sectores Cárnicos,1114,Aves y huevos,111412,Carne de aves,02074521
Agroalimentario,11,Sectores Cárnicos,1114,Aves y huevos,111412,Carne de aves,02074531
Agroalimentario,11,Sectores Cárnicos,1114,Aves y huevos,111412,Carne de aves,02074551
Agroalimentario,11,Sectores Cárnicos,1114,Aves y huevos,111412,Carne de aves,02074561
Agroalimentario,11,Sectores Cárnicos,1114,Aves y huevos,111412,Carne de aves,02074571
Agroalimentario,11,Sectores Cárnicos,1114,Aves y huevos,111412,Carne de aves,02074581
Agroalimentario,11,Sectores Cárnicos,1114,Aves y huevos,111412,Carne de aves,02074593
Agroalimentario,11,Sectores Cárnicos,1114,Aves y huevos,111412,Carne de aves,02074595
Agroalimentario,11,Sectores Cárnicos,1114,Aves y huevos,111412,Carne de aves,02074599
Agroalimentario,11,Sectores Cárnicos,1114,Aves y huevos,111412,Carne de aves,02075210
Agroalimentario,11,Sectores Cárnicos,1114,Aves y huevos,111412,Carne de aves,02075290
Agroalimentario,11,Sectores Cárnicos,1114,Aves y huevos,111412,Carne de aves,02075531
Agroalimentario,11,Sectores Cárnicos,1114,Aves y huevos,111412,Carne de aves,02075541
Agroalimentario,11,Sectores Cárnicos,1114,Aves y huevos,111412,Carne de aves,02075581
Agroalimentario,11,Sectores Cárnicos,1114,Aves y huevos,111412,Carne de aves,02075599
Agroalimentario,11,Sectores Cárnicos,1114,Aves y huevos,111412,Carne de aves,02076005
Agroalimentario,11,Sectores Cárnicos,1114,Aves y huevos,111412,Carne de aves,02076021
Agroalimentario,11,Sectores Cárnicos,1114,Aves y huevos,111412,Carne de aves,02076041
Agroalimentario,11,Sectores Cárnicos,1114,Aves y huevos,111412,Carne de aves,02076051
Agroalimentario,11,Sectores Cárnicos,1114,Aves y huevos,111412,Carne de aves,02076081
Agroalimentario,11,Sectores Cárnicos,1114,Aves y huevos,111412,Carne de aves,02076099
Agroalimentario,11,Sectores Cárnicos,1114,Aves y huevos,111412,Carne de aves,02099000
Agroalimentario,11,Sectores Cárnicos,1114,Aves y huevos,111413,Huevos y Ovoproductos,04071100
Agroalimentario,11,Sectores Cárnicos,1114,Aves y huevos,111413,Huevos y Ovoproductos,04071911
Agroalimentario,11,Sectores Cárnicos,1114,Aves y huevos,111413,Huevos y Ovoproductos,04071919
Agroalimentario,11,Sectores Cárnicos,1114,Aves y huevos,111413,Huevos y Ovoproductos,04071990
Agroalimentario,11,Sectores Cárnicos,1114,Aves y huevos,111413,Huevos y Ovoproductos,04072100
Agroalimentario,11,Sectores Cárnicos,1114,Aves y huevos,111413,Huevos y Ovoproductos,04072910
Agroalimentario,11,Sectores Cárnicos,1114,Aves y huevos,111413,Huevos y Ovoproductos,04072990
Agroalimentario,11,Sectores Cárnicos,1114,Aves y huevos,111413,Huevos y Ovoproductos,04079010
Agroalimentario,11,Sectores Cárnicos,1114,Aves y huevos,111413,Huevos y Ovoproductos,04079090
Agroalimentario,11,Sectores Cárnicos,1114,Aves y huevos,111413,Huevos y Ovoproductos,04081120
Agroalimentario,11,Sectores Cárnicos,1114,Aves y huevos,111413,Huevos y Ovoproductos,04081180
Agroalimentario,11,Sectores Cárnicos,1114,Aves y huevos,111413,Huevos y Ovoproductos,04081920
Agroalimentario,11,Sectores Cárnicos,1114,Aves y huevos,111413,Huevos y Ovoproductos,04081981
Agroalimentario,11,Sectores Cárnicos,1114,Aves y huevos,111413,Huevos y Ovoproductos,04081989
Agroalimentario,11,Sectores Cárnicos,1114,Aves y huevos,111413,Huevos y Ovoproductos,04089120
Agroalimentario,11,Sectores Cárnicos,1114,Aves y huevos,111413,Huevos y Ovoproductos,04089180
Agroalimentario,11,Sectores Cárnicos,1114,Aves y huevos,111413,Huevos y Ovoproductos,04089920
Agroalimentario,11,Sectores Cárnicos,1114,Aves y huevos,111413,Huevos y Ovoproductos,04089980
Agroalimentario,11,Sectores Cárnicos,1114,Aves y huevos,111414,Preparados  de aves,02109939
Agroalimentario,11,Sectores Cárnicos,1114,Aves y huevos,111414,Preparados  de aves,02109971
Agroalimentario,11,Sectores Cárnicos,1114,Aves y huevos,111414,Preparados  de aves,16022010
Agroalimentario,11,Sectores Cárnicos,1114,Aves y huevos,111414,Preparados  de aves,16023111
Agroalimentario,11,Sectores Cárnicos,1114,Aves y huevos,111414,Preparados  de aves,16023119
Agroalimentario,11,Sectores Cárnicos,1114,Aves y huevos,111414,Preparados  de aves,16023180
Agroalimentario,11,Sectores Cárnicos,1114,Aves y huevos,111414,Preparados  de aves,16023211
Agroalimentario,11,Sectores Cárnicos,1114,Aves y huevos,111414,Preparados  de aves,16023219
Agroalimentario,11,Sectores Cárnicos,1114,Aves y huevos,111414,Preparados  de aves,16023230
Agroalimentario,11,Sectores Cárnicos,1114,Aves y huevos,111414,Preparados  de aves,16023290
Agroalimentario,11,Sectores Cárnicos,1114,Aves y huevos,111414,Preparados  de aves,16023921
Agroalimentario,11,Sectores Cárnicos,1114,Aves y huevos,111414,Preparados  de aves,16023929
Agroalimentario,11,Sectores Cárnicos,1114,Aves y huevos,111414,Preparados  de aves,16023985
Agroalimentario,11,Sectores Cárnicos,1115,Otros animales,111511,Otros animales vivos,01012100
Agroalimentario,11,Sectores Cárnicos,1115,Otros animales,111511,Otros animales vivos,01012910
Agroalimentario,11,Sectores Cárnicos,1115,Otros animales,111511,Otros animales vivos,01012990
Agroalimentario,11,Sectores Cárnicos,1115,Otros animales,111511,Otros animales vivos,01013000
Agroalimentario,11,Sectores Cárnicos,1115,Otros animales,111511,Otros animales vivos,01019000
Agroalimentario,11,Sectores Cárnicos,1115,Otros animales,111511,Otros animales vivos,01061100
Agroalimentario,11,Sectores Cárnicos,1115,Otros animales,111511,Otros animales vivos,01061200
Agroalimentario,11,Sectores Cárnicos,1115,Otros animales,111511,Otros animales vivos,01061410
Agroalimentario,11,Sectores Cárnicos,1115,Otros animales,111511,Otros animales vivos,01061490
Agroalimentario,11,Sectores Cárnicos,1115,Otros animales,111511,Otros animales vivos,01061900
Agroalimentario,11,Sectores Cárnicos,1115,Otros animales,111511,Otros animales vivos,01062000
Agroalimentario,11,Sectores Cárnicos,1115,Otros animales,111511,Otros animales vivos,01063100
Agroalimentario,11,Sectores Cárnicos,1115,Otros animales,111511,Otros animales vivos,01063200
Agroalimentario,11,Sectores Cárnicos,1115,Otros animales,111511,Otros animales vivos,01063910
Agroalimentario,11,Sectores Cárnicos,1115,Otros animales,111511,Otros animales vivos,01063980
Agroalimentario,11,Sectores Cárnicos,1115,Otros animales,111511,Otros animales vivos,01064100
Agroalimentario,11,Sectores Cárnicos,1115,Otros animales,111511,Otros animales vivos,01064900
Agroalimentario,11,Sectores Cárnicos,1115,Otros animales,111511,Otros animales vivos,01069000
Agroalimentario,11,Sectores Cárnicos,1115,Otros animales,111512,Carne de otros animales,02050020
Agroalimentario,11,Sectores Cárnicos,1115,Otros animales,111512,Carne de otros animales,02050080
Agroalimentario,11,Sectores Cárnicos,1115,Otros animales,111512,Carne de otros animales,02068010
Agroalimentario,11,Sectores Cárnicos,1115,Otros animales,111512,Carne de otros animales,02068091
Agroalimentario,11,Sectores Cárnicos,1115,Otros animales,111512,Carne de otros animales,02069010
Agroalimentario,11,Sectores Cárnicos,1115,Otros animales,111512,Carne de otros animales,02069091
Agroalimentario,11,Sectores Cárnicos,1115,Otros animales,111512,Carne de otros animales,02081010
Agroalimentario,11,Sectores Cárnicos,1115,Otros animales,111512,Carne de otros animales,02081090
Agroalimentario,11,Sectores Cárnicos,1115,Otros animales,111512,Carne de otros animales,02085000
Agroalimentario,11,Sectores Cárnicos,1115,Otros animales,111512,Carne de otros animales,02089030
Agroalimentario,11,Sectores Cárnicos,1115,Otros animales,111512,Carne de otros animales,02089060
Agroalimentario,11,Sectores Cárnicos,1115,Otros animales,111512,Carne de otros animales,02089070
Agroalimentario,11,Sectores Cárnicos,1115,Otros animales,111512,Carne de otros animales,02089098
Agroalimentario,11,Sectores Cárnicos,1115,Otros animales,111512,Carne de otros animales,02109100
Agroalimentario,11,Sectores Cárnicos,1115,Otros animales,111512,Carne de otros animales,02109291
Agroalimentario,11,Sectores Cárnicos,1115,Otros animales,111512,Carne de otros animales,02109292
Agroalimentario,11,Sectores Cárnicos,1115,Otros animales,111512,Carne de otros animales,02109299
Agroalimentario,11,Sectores Cárnicos,1115,Otros animales,111512,Carne de otros animales,02109910
Agroalimentario,11,Sectores Cárnicos,1115,Otros animales,111512,Carne de otros animales,02109985
Agroalimentario,11,Sectores Cárnicos,1115,Otros animales,111512,Carne de otros animales,02109990
Agroalimentario,11,Sectores Cárnicos,1115,Otros animales,111512,Carne de otros animales,16029031
Agroalimentario,12,Lácteos,1211,Lácteos,121111,Leche,04011010
Agroalimentario,12,Lácteos,1211,Lácteos,121111,Leche,04011090
Agroalimentario,12,Lácteos,1211,Lácteos,121111,Leche,04012011
Agroalimentario,12,Lácteos,1211,Lácteos,121111,Leche,04012019
Agroalimentario,12,Lácteos,1211,Lácteos,121111,Leche,04012091
Agroalimentario,12,Lácteos,1211,Lácteos,121111,Leche,04012099
Agroalimentario,12,Lácteos,1211,Lácteos,121111,Leche,04014010
Agroalimentario,12,Lácteos,1211,Lácteos,121111,Leche,04014090
Agroalimentario,12,Lácteos,1211,Lácteos,121111,Leche,04015011
Agroalimentario,12,Lácteos,1211,Lácteos,121111,Leche,04015019
Agroalimentario,12,Lácteos,1211,Lácteos,121111,Leche,04015031
Agroalimentario,12,Lácteos,1211,Lácteos,121111,Leche,04015039
Agroalimentario,12,Lácteos,1211,Lácteos,121111,Leche,04015091
Agroalimentario,12,Lácteos,1211,Lácteos,121111,Leche,04015099
Agroalimentario,12,Lácteos,1211,Lácteos,121111,Leche,04021011
Agroalimentario,12,Lácteos,1211,Lácteos,121111,Leche,04021019
Agroalimentario,12,Lácteos,1211,Lácteos,121111,Leche,04021091
Agroalimentario,12,Lácteos,1211,Lácteos,121111,Leche,04021099
Agroalimentario,12,Lácteos,1211,Lácteos,121111,Leche,04022111
Agroalimentario,12,Lácteos,1211,Lácteos,121111,Leche,04022118
Agroalimentario,12,Lácteos,1211,Lácteos,121111,Leche,04022191
Agroalimentario,12,Lácteos,1211,Lácteos,121111,Leche,04022199
Agroalimentario,12,Lácteos,1211,Lácteos,121111,Leche,04022911
Agroalimentario,12,Lácteos,1211,Lácteos,121111,Leche,04022915
Agroalimentario,12,Lácteos,1211,Lácteos,121111,Leche,04022919
Agroalimentario,12,Lácteos,1211,Lácteos,121111,Leche,04022991
Agroalimentario,12,Lácteos,1211,Lácteos,121111,Leche,04022999
Agroalimentario,12,Lácteos,1211,Lácteos,121111,Leche,04029110
Agroalimentario,12,Lácteos,1211,Lácteos,121111,Leche,04029130
Agroalimentario,12,Lácteos,1211,Lácteos,121111,Leche,04029151
Agroalimentario,12,Lácteos,1211,Lácteos,121111,Leche,04029159
Agroalimentario,12,Lácteos,1211,Lácteos,121111,Leche,04029199
Agroalimentario,12,Lácteos,1211,Lácteos,121111,Leche,04029910
Agroalimentario,12,Lácteos,1211,Lácteos,121111,Leche,04029931
Agroalimentario,12,Lácteos,1211,Lácteos,121111,Leche,04029939
Agroalimentario,12,Lácteos,1211,Lácteos,121111,Leche,04029991
Agroalimentario,12,Lácteos,1211,Lácteos,121111,Leche,04029999
Agroalimentario,12,Lácteos,1211,Lácteos,121112,Mantequilla,04051011
Agroalimentario,12,Lácteos,1211,Lácteos,121112,Mantequilla,04051019
Agroalimentario,12,Lácteos,1211,Lácteos,121112,Mantequilla,04051030
Agroalimentario,12,Lácteos,1211,Lácteos,121112,Mantequilla,04051050
Agroalimentario,12,Lácteos,1211,Lácteos,121112,Mantequilla,04051090
Agroalimentario,12,Lácteos,1211,Lácteos,121112,Mantequilla,04052010
Agroalimentario,12,Lácteos,1211,Lácteos,121112,Mantequilla,04052030
Agroalimentario,12,Lácteos,1211,Lácteos,121112,Mantequilla,04052090
Agroalimentario,12,Lácteos,1211,Lácteos,121112,Mantequilla,04059010
Agroalimentario,12,Lácteos,1211,Lácteos,121112,Mantequilla,04059090
Agroalimentario,12,Lácteos,1211,Lácteos,121113,Quesos,04061030
Agroalimentario,12,Lácteos,1211,Lácteos,121113,Quesos,04061050
Agroalimentario,12,Lácteos,1211,Lácteos,121113,Quesos,04061080
Agroalimentario,12,Lácteos,1211,Lácteos,121113,Quesos,04062000
Agroalimentario,12,Lácteos,1211,Lácteos,121113,Quesos,04063010
Agroalimentario,12,Lácteos,1211,Lácteos,121113,Quesos,04063031
Agroalimentario,12,Lácteos,1211,Lácteos,121113,Quesos,04063039
Agroalimentario,12,Lácteos,1211,Lácteos,121113,Quesos,04063090
Agroalimentario,12,Lácteos,1211,Lácteos,121113,Quesos,04064010
Agroalimentario,12,Lácteos,1211,Lácteos,121113,Quesos,04064050
Agroalimentario,12,Lácteos,1211,Lácteos,121113,Quesos,04064090
Agroalimentario,12,Lácteos,1211,Lácteos,121113,Quesos,04069001
Agroalimentario,12,Lácteos,1211,Lácteos,121113,Quesos,04069013
Agroalimentario,12,Lácteos,1211,Lácteos,121113,Quesos,04069015
Agroalimentario,12,Lácteos,1211,Lácteos,121113,Quesos,04069017
Agroalimentario,12,Lácteos,1211,Lácteos,121113,Quesos,04069018
Agroalimentario,12,Lácteos,1211,Lácteos,121113,Quesos,04069021
Agroalimentario,12,Lácteos,1211,Lácteos,121113,Quesos,04069023
Agroalimentario,12,Lácteos,1211,Lácteos,121113,Quesos,04069025
Agroalimentario,12,Lácteos,1211,Lácteos,121113,Quesos,04069029
Agroalimentario,12,Lácteos,1211,Lácteos,121113,Quesos,04069032
Agroalimentario,12,Lácteos,1211,Lácteos,121113,Quesos,04069035
Agroalimentario,12,Lácteos,1211,Lácteos,121113,Quesos,04069039
Agroalimentario,12,Lácteos,1211,Lácteos,121113,Quesos,04069050
Agroalimentario,12,Lácteos,1211,Lácteos,121113,Quesos,04069061
Agroalimentario,12,Lácteos,1211,Lácteos,121113,Quesos,04069063
Agroalimentario,12,Lácteos,1211,Lácteos,121113,Quesos,04069069
Agroalimentario,12,Lácteos,1211,Lácteos,121113,Quesos,04069073
Agroalimentario,12,Lácteos,1211,Lácteos,121113,Quesos,04069074
Agroalimentario,12,Lácteos,1211,Lácteos,121113,Quesos,04069075
Agroalimentario,12,Lácteos,1211,Lácteos,121113,Quesos,04069076
Agroalimentario,12,Lácteos,1211,Lácteos,121113,Quesos,04069078
Agroalimentario,12,Lácteos,1211,Lácteos,121113,Quesos,04069079
Agroalimentario,12,Lácteos,1211,Lácteos,121113,Quesos,04069081
Agroalimentario,12,Lácteos,1211,Lácteos,121113,Quesos,04069082
Agroalimentario,12,Lácteos,1211,Lácteos,121113,Quesos,04069084
Agroalimentario,12,Lácteos,1211,Lácteos,121113,Quesos,04069085
Agroalimentario,12,Lácteos,1211,Lácteos,121113,Quesos,04069086
Agroalimentario,12,Lácteos,1211,Lácteos,121113,Quesos,04069089
Agroalimentario,12,Lácteos,1211,Lácteos,121113,Quesos,04069092
Agroalimentario,12,Lácteos,1211,Lácteos,121113,Quesos,04069093
Agroalimentario,12,Lácteos,1211,Lácteos,121113,Quesos,04069099
Agroalimentario,12,Lácteos,1211,Lácteos,121114,Yogures y lactosueros,04032011
Agroalimentario,12,Lácteos,1211,Lácteos,121114,Yogures y lactosueros,04032013
Agroalimentario,12,Lácteos,1211,Lácteos,121114,Yogures y lactosueros,04032019
Agroalimentario,12,Lácteos,1211,Lácteos,121114,Yogures y lactosueros,04032031
Agroalimentario,12,Lácteos,1211,Lácteos,121114,Yogures y lactosueros,04032033
Agroalimentario,12,Lácteos,1211,Lácteos,121114,Yogures y lactosueros,04032039
Agroalimentario,12,Lácteos,1211,Lácteos,121114,Yogures y lactosueros,04032041
Agroalimentario,12,Lácteos,1211,Lácteos,121114,Yogures y lactosueros,04032049
Agroalimentario,12,Lácteos,1211,Lácteos,121114,Yogures y lactosueros,04032051
Agroalimentario,12,Lácteos,1211,Lácteos,121114,Yogures y lactosueros,04032053
Agroalimentario,12,Lácteos,1211,Lácteos,121114,Yogures y lactosueros,04032059
Agroalimentario,12,Lácteos,1211,Lácteos,121114,Yogures y lactosueros,04032091
Agroalimentario,12,Lácteos,1211,Lácteos,121114,Yogures y lactosueros,04032093
Agroalimentario,12,Lácteos,1211,Lácteos,121114,Yogures y lactosueros,04032099
Agroalimentario,12,Lácteos,1211,Lácteos,121114,Yogures y lactosueros,04039011
Agroalimentario,12,Lácteos,1211,Lácteos,121114,Yogures y lactosueros,04039013
Agroalimentario,12,Lácteos,1211,Lácteos,121114,Yogures y lactosueros,04039019
Agroalimentario,12,Lácteos,1211,Lácteos,121114,Yogures y lactosueros,04039031
Agroalimentario,12,Lácteos,1211,Lácteos,121114,Yogures y lactosueros,04039033
Agroalimentario,12,Lácteos,1211,Lácteos,121114,Yogures y lactosueros,04039039
Agroalimentario,12,Lácteos,1211,Lácteos,121114,Yogures y lactosueros,04039051
Agroalimentario,12,Lácteos,1211,Lácteos,121114,Yogures y lactosueros,04039053
Agroalimentario,12,Lácteos,1211,Lácteos,121114,Yogures y lactosueros,04039059
Agroalimentario,12,Lácteos,1211,Lácteos,121114,Yogures y lactosueros,04039061
Agroalimentario,12,Lácteos,1211,Lácteos,121114,Yogures y lactosueros,04039063
Agroalimentario,12,Lácteos,1211,Lácteos,121114,Yogures y lactosueros,04039069
Agroalimentario,12,Lácteos,1211,Lácteos,121114,Yogures y lactosueros,04039071
Agroalimentario,12,Lácteos,1211,Lácteos,121114,Yogures y lactosueros,04039073
Agroalimentario,12,Lácteos,1211,Lácteos,121114,Yogures y lactosueros,04039079
Agroalimentario,12,Lácteos,1211,Lácteos,121114,Yogures y lactosueros,04039091
Agroalimentario,12,Lácteos,1211,Lácteos,121114,Yogures y lactosueros,04039093
Agroalimentario,12,Lácteos,1211,Lácteos,121114,Yogures y lactosueros,04039099
Agroalimentario,12,Lácteos,1211,Lácteos,121114,Yogures y lactosueros,04041002
Agroalimentario,12,Lácteos,1211,Lácteos,121114,Yogures y lactosueros,04041004
Agroalimentario,12,Lácteos,1211,Lácteos,121114,Yogures y lactosueros,04041006
Agroalimentario,12,Lácteos,1211,Lácteos,121114,Yogures y lactosueros,04041012
Agroalimentario,12,Lácteos,1211,Lácteos,121114,Yogures y lactosueros,04041014
Agroalimentario,12,Lácteos,1211,Lácteos,121114,Yogures y lactosueros,04041016
Agroalimentario,12,Lácteos,1211,Lácteos,121114,Yogures y lactosueros,04041026
Agroalimentario,12,Lácteos,1211,Lácteos,121114,Yogures y lactosueros,04041032
Agroalimentario,12,Lácteos,1211,Lácteos,121114,Yogures y lactosueros,04041036
Agroalimentario,12,Lácteos,1211,Lácteos,121114,Yogures y lactosueros,04041048
Agroalimentario,12,Lácteos,1211,Lácteos,121114,Yogures y lactosueros,04041052
Agroalimentario,12,Lácteos,1211,Lácteos,121114,Yogures y lactosueros,04041076
Agroalimentario,12,Lácteos,1211,Lácteos,121114,Yogures y lactosueros,04041078
Agroalimentario,12,Lácteos,1211,Lácteos,121114,Yogures y lactosueros,04041082
Agroalimentario,12,Lácteos,1211,Lácteos,121114,Yogures y lactosueros,04041084
Agroalimentario,12,Lácteos,1211,Lácteos,121114,Yogures y lactosueros,04049021
Agroalimentario,12,Lácteos,1211,Lácteos,121114,Yogures y lactosueros,04049023
Agroalimentario,12,Lácteos,1211,Lácteos,121114,Yogures y lactosueros,04049029
Agroalimentario,12,Lácteos,1211,Lácteos,121114,Yogures y lactosueros,04049081
Agroalimentario,12,Lácteos,1211,Lácteos,121114,Yogures y lactosueros,04049083
Agroalimentario,12,Lácteos,1211,Lácteos,121114,Yogures y lactosueros,04049089
Agroalimentario,13,Pesca,1311,Pesca,131111,Peces vivos,03011100
Agroalimentario,13,Pesca,1311,Pesca,131111,Peces vivos,03011900
Agroalimentario,13,Pesca,1311,Pesca,131111,Peces vivos,03019110
Agroalimentario,13,Pesca,1311,Pesca,131111,Peces vivos,03019190
Agroalimentario,13,Pesca,1311,Pesca,131111,Peces vivos,03019210
Agroalimentario,13,Pesca,1311,Pesca,131111,Peces vivos,03019230
Agroalimentario,13,Pesca,1311,Pesca,131111,Peces vivos,03019290
Agroalimentario,13,Pesca,1311,Pesca,131111,Peces vivos,03019300
Agroalimentario,13,Pesca,1311,Pesca,131111,Peces vivos,03019410
Agroalimentario,13,Pesca,1311,Pesca,131111,Peces vivos,03019490
Agroalimentario,13,Pesca,1311,Pesca,131111,Peces vivos,03019911
Agroalimentario,13,Pesca,1311,Pesca,131111,Peces vivos,03019917
Agroalimentario,13,Pesca,1311,Pesca,131111,Peces vivos,03019985
Agroalimentario,13,Pesca,1311,Pesca,131112,Pescado fresco,03021110
Agroalimentario,13,Pesca,1311,Pesca,131112,Pescado fresco,03021120
Agroalimentario,13,Pesca,1311,Pesca,131112,Pescado fresco,03021180
Agroalimentario,13,Pesca,1311,Pesca,131112,Pescado fresco,03021300
Agroalimentario,13,Pesca,1311,Pesca,131112,Pescado fresco,03021400
Agroalimentario,13,Pesca,1311,Pesca,131112,Pescado fresco,03021900
Agroalimentario,13,Pesca,1311,Pesca,131112,Pescado fresco,03022110
Agroalimentario,13,Pesca,1311,Pesca,131112,Pescado fresco,03022130
Agroalimentario,13,Pesca,1311,Pesca,131112,Pescado fresco,03022200
Agroalimentario,13,Pesca,1311,Pesca,131112,Pescado fresco,03022300
Agroalimentario,13,Pesca,1311,Pesca,131112,Pescado fresco,03022400
Agroalimentario,13,Pesca,1311,Pesca,131112,Pescado fresco,03022910
Agroalimentario,13,Pesca,1311,Pesca,131112,Pescado fresco,03022980
Agroalimentario,13,Pesca,1311,Pesca,131112,Pescado fresco,03023110
Agroalimentario,13,Pesca,1311,Pesca,131112,Pescado fresco,03023190
Agroalimentario,13,Pesca,1311,Pesca,131112,Pescado fresco,03023210
Agroalimentario,13,Pesca,1311,Pesca,131112,Pescado fresco,03023290
Agroalimentario,13,Pesca,1311,Pesca,131112,Pescado fresco,03023390
Agroalimentario,13,Pesca,1311,Pesca,131112,Pescado fresco,03023410
Agroalimentario,13,Pesca,1311,Pesca,131112,Pescado fresco,03023490
Agroalimentario,13,Pesca,1311,Pesca,131112,Pescado fresco,03023511
Agroalimentario,13,Pesca,1311,Pesca,131112,Pescado fresco,03023519
Agroalimentario,13,Pesca,1311,Pesca,131112,Pescado fresco,03023591
Agroalimentario,13,Pesca,1311,Pesca,131112,Pescado fresco,03023599
Agroalimentario,13,Pesca,1311,Pesca,131112,Pescado fresco,03023690
Agroalimentario,13,Pesca,1311,Pesca,131112,Pescado fresco,03023920
Agroalimentario,13,Pesca,1311,Pesca,131112,Pescado fresco,03023980
Agroalimentario,13,Pesca,1311,Pesca,131112,Pescado fresco,03024100
Agroalimentario,13,Pesca,1311,Pesca,131112,Pescado fresco,03024200
Agroalimentario,13,Pesca,1311,Pesca,131112,Pescado fresco,03024310
Agroalimentario,13,Pesca,1311,Pesca,131112,Pescado fresco,03024330
Agroalimentario,13,Pesca,1311,Pesca,131112,Pescado fresco,03024390
Agroalimentario,13,Pesca,1311,Pesca,131112,Pescado fresco,03024400
Agroalimentario,13,Pesca,1311,Pesca,131112,Pescado fresco,03024510
Agroalimentario,13,Pesca,1311,Pesca,131112,Pescado fresco,03024590
Agroalimentario,13,Pesca,1311,Pesca,131112,Pescado fresco,03024600
Agroalimentario,13,Pesca,1311,Pesca,131112,Pescado fresco,03024700
Agroalimentario,13,Pesca,1311,Pesca,131112,Pescado fresco,03024919
Agroalimentario,13,Pesca,1311,Pesca,131112,Pescado fresco,03024990
Agroalimentario,13,Pesca,1311,Pesca,131112,Pescado fresco,03025110
Agroalimentario,13,Pesca,1311,Pesca,131112,Pescado fresco,03025190
Agroalimentario,13,Pesca,1311,Pesca,131112,Pescado fresco,03025200
Agroalimentario,13,Pesca,1311,Pesca,131112,Pescado fresco,03025300
Agroalimentario,13,Pesca,1311,Pesca,131112,Pescado fresco,03025411
Agroalimentario,13,Pesca,1311,Pesca,131112,Pescado fresco,03025415
Agroalimentario,13,Pesca,1311,Pesca,131112,Pescado fresco,03025419
Agroalimentario,13,Pesca,1311,Pesca,131112,Pescado fresco,03025490
Agroalimentario,13,Pesca,1311,Pesca,131112,Pescado fresco,03025600
Agroalimentario,13,Pesca,1311,Pesca,131112,Pescado fresco,03025910
Agroalimentario,13,Pesca,1311,Pesca,131112,Pescado fresco,03025920
Agroalimentario,13,Pesca,1311,Pesca,131112,Pescado fresco,03025930
Agroalimentario,13,Pesca,1311,Pesca,131112,Pescado fresco,03025940
Agroalimentario,13,Pesca,1311,Pesca,131112,Pescado fresco,03025990
Agroalimentario,13,Pesca,1311,Pesca,131112,Pescado fresco,03027100
Agroalimentario,13,Pesca,1311,Pesca,131112,Pescado fresco,03027200
Agroalimentario,13,Pesca,1311,Pesca,131112,Pescado fresco,03027300
Agroalimentario,13,Pesca,1311,Pesca,131112,Pescado fresco,03027400
Agroalimentario,13,Pesca,1311,Pesca,131112,Pescado fresco,03027900
Agroalimentario,13,Pesca,1311,Pesca,131112,Pescado fresco,03028115
Agroalimentario,13,Pesca,1311,Pesca,131112,Pescado fresco,03028130
Agroalimentario,13,Pesca,1311,Pesca,131112,Pescado fresco,03028140
Agroalimentario,13,Pesca,1311,Pesca,131112,Pescado fresco,03028150
Agroalimentario,13,Pesca,1311,Pesca,131112,Pescado fresco,03028170
Agroalimentario,13,Pesca,1311,Pesca,131112,Pescado fresco,03028200
Agroalimentario,13,Pesca,1311,Pesca,131112,Pescado fresco,03028300
Agroalimentario,13,Pesca,1311,Pesca,131112,Pescado fresco,03028410
Agroalimentario,13,Pesca,1311,Pesca,131112,Pescado fresco,03028490
Agroalimentario,13,Pesca,1311,Pesca,131112,Pescado fresco,03028510
Agroalimentario,13,Pesca,1311,Pesca,131112,Pescado fresco,03028530
Agroalimentario,13,Pesca,1311,Pesca,131112,Pescado fresco,03028590
Agroalimentario,13,Pesca,1311,Pesca,131112,Pescado fresco,03028910
Agroalimentario,13,Pesca,1311,Pesca,131112,Pescado fresco,03028921
Agroalimentario,13,Pesca,1311,Pesca,131112,Pescado fresco,03028929
Agroalimentario,13,Pesca,1311,Pesca,131112,Pescado fresco,03028931
Agroalimentario,13,Pesca,1311,Pesca,131112,Pescado fresco,03028939
Agroalimentario,13,Pesca,1311,Pesca,131112,Pescado fresco,03028940
Agroalimentario,13,Pesca,1311,Pesca,131112,Pescado fresco,03028950
Agroalimentario,13,Pesca,1311,Pesca,131112,Pescado fresco,03028960
Agroalimentario,13,Pesca,1311,Pesca,131112,Pescado fresco,03028990
Agroalimentario,13,Pesca,1311,Pesca,131112,Pescado fresco,03029100
Agroalimentario,13,Pesca,1311,Pesca,131112,Pescado fresco,03029900
Agroalimentario,13,Pesca,1311,Pesca,131112,Pescado fresco,03043100
Agroalimentario,13,Pesca,1311,Pesca,131112,Pescado fresco,03043200
Agroalimentario,13,Pesca,1311,Pesca,131112,Pescado fresco,03043300
Agroalimentario,13,Pesca,1311,Pesca,131112,Pescado fresco,03043900
Agroalimentario,13,Pesca,1311,Pesca,131112,Pescado fresco,03044100
Agroalimentario,13,Pesca,1311,Pesca,131112,Pescado fresco,03044210
Agroalimentario,13,Pesca,1311,Pesca,131112,Pescado fresco,03044250
Agroalimentario,13,Pesca,1311,Pesca,131112,Pescado fresco,03044290
Agroalimentario,13,Pesca,1311,Pesca,131112,Pescado fresco,03044300
Agroalimentario,13,Pesca,1311,Pesca,131112,Pescado fresco,03044410
Agroalimentario,13,Pesca,1311,Pesca,131112,Pescado fresco,03044430
Agroalimentario,13,Pesca,1311,Pesca,131112,Pescado fresco,03044490
Agroalimentario,13,Pesca,1311,Pesca,131112,Pescado fresco,03044500
Agroalimentario,13,Pesca,1311,Pesca,131112,Pescado fresco,03044600
Agroalimentario,13,Pesca,1311,Pesca,131112,Pescado fresco,03044730
Agroalimentario,13,Pesca,1311,Pesca,131112,Pescado fresco,03044790
Agroalimentario,13,Pesca,1311,Pesca,131112,Pescado fresco,03044800
Agroalimentario,13,Pesca,1311,Pesca,131112,Pescado fresco,03044910
Agroalimentario,13,Pesca,1311,Pesca,131112,Pescado fresco,03044950
Agroalimentario,13,Pesca,1311,Pesca,131112,Pescado fresco,03044990
Agroalimentario,13,Pesca,1311,Pesca,131112,Pescado fresco,03045100
Agroalimentario,13,Pesca,1311,Pesca,131112,Pescado fresco,03045200
Agroalimentario,13,Pesca,1311,Pesca,131112,Pescado fresco,03045300
Agroalimentario,13,Pesca,1311,Pesca,131112,Pescado fresco,03045400
Agroalimentario,13,Pesca,1311,Pesca,131112,Pescado fresco,03045500
Agroalimentario,13,Pesca,1311,Pesca,131112,Pescado fresco,03045610
Agroalimentario,13,Pesca,1311,Pesca,131112,Pescado fresco,03045630
Agroalimentario,13,Pesca,1311,Pesca,131112,Pescado fresco,03045690
Agroalimentario,13,Pesca,1311,Pesca,131112,Pescado fresco,03045700
Agroalimentario,13,Pesca,1311,Pesca,131112,Pescado fresco,03045990
Agroalimentario,13,Pesca,1311,Pesca,131113,Pescado congelado,03031100
Agroalimentario,13,Pesca,1311,Pesca,131113,Pescado congelado,03031200
Agroalimentario,13,Pesca,1311,Pesca,131113,Pescado congelado,03031300
Agroalimentario,13,Pesca,1311,Pesca,131113,Pescado congelado,03031410
Agroalimentario,13,Pesca,1311,Pesca,131113,Pescado congelado,03031420
Agroalimentario,13,Pesca,1311,Pesca,131113,Pescado congelado,03031490
Agroalimentario,13,Pesca,1311,Pesca,131113,Pescado congelado,03031900
Agroalimentario,13,Pesca,1311,Pesca,131113,Pescado congelado,03032300
Agroalimentario,13,Pesca,1311,Pesca,131113,Pescado congelado,03032400
Agroalimentario,13,Pesca,1311,Pesca,131113,Pescado congelado,03032500
Agroalimentario,13,Pesca,1311,Pesca,131113,Pescado congelado,03032600
Agroalimentario,13,Pesca,1311,Pesca,131113,Pescado congelado,03032900
Agroalimentario,13,Pesca,1311,Pesca,131113,Pescado congelado,03033110
Agroalimentario,13,Pesca,1311,Pesca,131113,Pescado congelado,03033130
Agroalimentario,13,Pesca,1311,Pesca,131113,Pescado congelado,03033190
Agroalimentario,13,Pesca,1311,Pesca,131113,Pescado congelado,03033200
Agroalimentario,13,Pesca,1311,Pesca,131113,Pescado congelado,03033300
Agroalimentario,13,Pesca,1311,Pesca,131113,Pescado congelado,03033400
Agroalimentario,13,Pesca,1311,Pesca,131113,Pescado congelado,03033910
Agroalimentario,13,Pesca,1311,Pesca,131113,Pescado congelado,03033930
Agroalimentario,13,Pesca,1311,Pesca,131113,Pescado congelado,03033950
Agroalimentario,13,Pesca,1311,Pesca,131113,Pescado congelado,03033985
Agroalimentario,13,Pesca,1311,Pesca,131113,Pescado congelado,03034110
Agroalimentario,13,Pesca,1311,Pesca,131113,Pescado congelado,03034190
Agroalimentario,13,Pesca,1311,Pesca,131113,Pescado congelado,03034220
Agroalimentario,13,Pesca,1311,Pesca,131113,Pescado congelado,03034290
Agroalimentario,13,Pesca,1311,Pesca,131113,Pescado congelado,03034310
Agroalimentario,13,Pesca,1311,Pesca,131113,Pescado congelado,03034390
Agroalimentario,13,Pesca,1311,Pesca,131113,Pescado congelado,03034410
Agroalimentario,13,Pesca,1311,Pesca,131113,Pescado congelado,03034490
Agroalimentario,13,Pesca,1311,Pesca,131113,Pescado congelado,03034512
Agroalimentario,13,Pesca,1311,Pesca,131113,Pescado congelado,03034518
Agroalimentario,13,Pesca,1311,Pesca,131113,Pescado congelado,03034591
Agroalimentario,13,Pesca,1311,Pesca,131113,Pescado congelado,03034599
Agroalimentario,13,Pesca,1311,Pesca,131113,Pescado congelado,03034920
Agroalimentario,13,Pesca,1311,Pesca,131113,Pescado congelado,03034985
Agroalimentario,13,Pesca,1311,Pesca,131113,Pescado congelado,03035100
Agroalimentario,13,Pesca,1311,Pesca,131113,Pescado congelado,03035310
Agroalimentario,13,Pesca,1311,Pesca,131113,Pescado congelado,03035330
Agroalimentario,13,Pesca,1311,Pesca,131113,Pescado congelado,03035390
Agroalimentario,13,Pesca,1311,Pesca,131113,Pescado congelado,03035410
Agroalimentario,13,Pesca,1311,Pesca,131113,Pescado congelado,03035490
Agroalimentario,13,Pesca,1311,Pesca,131113,Pescado congelado,03035510
Agroalimentario,13,Pesca,1311,Pesca,131113,Pescado congelado,03035530
Agroalimentario,13,Pesca,1311,Pesca,131113,Pescado congelado,03035590
Agroalimentario,13,Pesca,1311,Pesca,131113,Pescado congelado,03035700
Agroalimentario,13,Pesca,1311,Pesca,131113,Pescado congelado,03035910
Agroalimentario,13,Pesca,1311,Pesca,131113,Pescado congelado,03035921
Agroalimentario,13,Pesca,1311,Pesca,131113,Pescado congelado,03035929
Agroalimentario,13,Pesca,1311,Pesca,131113,Pescado congelado,03035990
Agroalimentario,13,Pesca,1311,Pesca,131113,Pescado congelado,03036310
Agroalimentario,13,Pesca,1311,Pesca,131113,Pescado congelado,03036330
Agroalimentario,13,Pesca,1311,Pesca,131113,Pescado congelado,03036390
Agroalimentario,13,Pesca,1311,Pesca,131113,Pescado congelado,03036400
Agroalimentario,13,Pesca,1311,Pesca,131113,Pescado congelado,03036500
Agroalimentario,13,Pesca,1311,Pesca,131113,Pescado congelado,03036611
Agroalimentario,13,Pesca,1311,Pesca,131113,Pescado congelado,03036612
Agroalimentario,13,Pesca,1311,Pesca,131113,Pescado congelado,03036613
Agroalimentario,13,Pesca,1311,Pesca,131113,Pescado congelado,03036619
Agroalimentario,13,Pesca,1311,Pesca,131113,Pescado congelado,03036690
Agroalimentario,13,Pesca,1311,Pesca,131113,Pescado congelado,03036700
Agroalimentario,13,Pesca,1311,Pesca,131113,Pescado congelado,03036810
Agroalimentario,13,Pesca,1311,Pesca,131113,Pescado congelado,03036890
Agroalimentario,13,Pesca,1311,Pesca,131113,Pescado congelado,03036910
Agroalimentario,13,Pesca,1311,Pesca,131113,Pescado congelado,03036950
Agroalimentario,13,Pesca,1311,Pesca,131113,Pescado congelado,03036970
Agroalimentario,13,Pesca,1311,Pesca,131113,Pescado congelado,03036980
Agroalimentario,13,Pesca,1311,Pesca,131113,Pescado congelado,03036990
Agroalimentario,13,Pesca,1311,Pesca,131113,Pescado congelado,03038115
Agroalimentario,13,Pesca,1311,Pesca,131113,Pescado congelado,03038130
Agroalimentario,13,Pesca,1311,Pesca,131113,Pescado congelado,03038140
Agroalimentario,13,Pesca,1311,Pesca,131113,Pescado congelado,03038150
Agroalimentario,13,Pesca,1311,Pesca,131113,Pescado congelado,03038180
Agroalimentario,13,Pesca,1311,Pesca,131113,Pescado congelado,03038200
Agroalimentario,13,Pesca,1311,Pesca,131113,Pescado congelado,03038300
Agroalimentario,13,Pesca,1311,Pesca,131113,Pescado congelado,03038410
Agroalimentario,13,Pesca,1311,Pesca,131113,Pescado congelado,03038490
Agroalimentario,13,Pesca,1311,Pesca,131113,Pescado congelado,03038910
Agroalimentario,13,Pesca,1311,Pesca,131113,Pescado congelado,03038921
Agroalimentario,13,Pesca,1311,Pesca,131113,Pescado congelado,03038929
Agroalimentario,13,Pesca,1311,Pesca,131113,Pescado congelado,03038931
Agroalimentario,13,Pesca,1311,Pesca,131113,Pescado congelado,03038939
Agroalimentario,13,Pesca,1311,Pesca,131113,Pescado congelado,03038940
Agroalimentario,13,Pesca,1311,Pesca,131113,Pescado congelado,03038950
Agroalimentario,13,Pesca,1311,Pesca,131113,Pescado congelado,03038955
Agroalimentario,13,Pesca,1311,Pesca,131113,Pescado congelado,03038960
Agroalimentario,13,Pesca,1311,Pesca,131113,Pescado congelado,03038965
Agroalimentario,13,Pesca,1311,Pesca,131113,Pescado congelado,03038970
Agroalimentario,13,Pesca,1311,Pesca,131113,Pescado congelado,03038990
Agroalimentario,13,Pesca,1311,Pesca,131113,Pescado congelado,03039110
Agroalimentario,13,Pesca,1311,Pesca,131113,Pescado congelado,03039190
Agroalimentario,13,Pesca,1311,Pesca,131113,Pescado congelado,03039215
Agroalimentario,13,Pesca,1311,Pesca,131113,Pescado congelado,03039230
Agroalimentario,13,Pesca,1311,Pesca,131113,Pescado congelado,03039240
Agroalimentario,13,Pesca,1311,Pesca,131113,Pescado congelado,03039250
Agroalimentario,13,Pesca,1311,Pesca,131113,Pescado congelado,03039290
Agroalimentario,13,Pesca,1311,Pesca,131113,Pescado congelado,03039900
Agroalimentario,13,Pesca,1311,Pesca,131113,Pescado congelado,03046100
Agroalimentario,13,Pesca,1311,Pesca,131113,Pescado congelado,03046200
Agroalimentario,13,Pesca,1311,Pesca,131113,Pescado congelado,03046300
Agroalimentario,13,Pesca,1311,Pesca,131113,Pescado congelado,03046900
Agroalimentario,13,Pesca,1311,Pesca,131113,Pescado congelado,03047110
Agroalimentario,13,Pesca,1311,Pesca,131113,Pescado congelado,03047190
Agroalimentario,13,Pesca,1311,Pesca,131113,Pescado congelado,03047200
Agroalimentario,13,Pesca,1311,Pesca,131113,Pescado congelado,03047300
Agroalimentario,13,Pesca,1311,Pesca,131113,Pescado congelado,03047411
Agroalimentario,13,Pesca,1311,Pesca,131113,Pescado congelado,03047415
Agroalimentario,13,Pesca,1311,Pesca,131113,Pescado congelado,03047419
Agroalimentario,13,Pesca,1311,Pesca,131113,Pescado congelado,03047490
Agroalimentario,13,Pesca,1311,Pesca,131113,Pescado congelado,03047500
Agroalimentario,13,Pesca,1311,Pesca,131113,Pescado congelado,03047930
Agroalimentario,13,Pesca,1311,Pesca,131113,Pescado congelado,03047950
Agroalimentario,13,Pesca,1311,Pesca,131113,Pescado congelado,03047980
Agroalimentario,13,Pesca,1311,Pesca,131113,Pescado congelado,03047990
Agroalimentario,13,Pesca,1311,Pesca,131113,Pescado congelado,03048100
Agroalimentario,13,Pesca,1311,Pesca,131113,Pescado congelado,03048210
Agroalimentario,13,Pesca,1311,Pesca,131113,Pescado congelado,03048290
Agroalimentario,13,Pesca,1311,Pesca,131113,Pescado congelado,03048310
Agroalimentario,13,Pesca,1311,Pesca,131113,Pescado congelado,03048330
Agroalimentario,13,Pesca,1311,Pesca,131113,Pescado congelado,03048350
Agroalimentario,13,Pesca,1311,Pesca,131113,Pescado congelado,03048390
Agroalimentario,13,Pesca,1311,Pesca,131113,Pescado congelado,03048400
Agroalimentario,13,Pesca,1311,Pesca,131113,Pescado congelado,03048500
Agroalimentario,13,Pesca,1311,Pesca,131113,Pescado congelado,03048600
Agroalimentario,13,Pesca,1311,Pesca,131113,Pescado congelado,03048700
Agroalimentario,13,Pesca,1311,Pesca,131113,Pescado congelado,03048818
Agroalimentario,13,Pesca,1311,Pesca,131113,Pescado congelado,03048822
Agroalimentario,13,Pesca,1311,Pesca,131113,Pescado congelado,03048829
Agroalimentario,13,Pesca,1311,Pesca,131113,Pescado congelado,03048890
Agroalimentario,13,Pesca,1311,Pesca,131113,Pescado congelado,03048910
Agroalimentario,13,Pesca,1311,Pesca,131113,Pescado congelado,03048921
Agroalimentario,13,Pesca,1311,Pesca,131113,Pescado congelado,03048929
Agroalimentario,13,Pesca,1311,Pesca,131113,Pescado congelado,03048930
Agroalimentario,13,Pesca,1311,Pesca,131113,Pescado congelado,03048941
Agroalimentario,13,Pesca,1311,Pesca,131113,Pescado congelado,03048949
Agroalimentario,13,Pesca,1311,Pesca,131113,Pescado congelado,03048960
Agroalimentario,13,Pesca,1311,Pesca,131113,Pescado congelado,03048990
Agroalimentario,13,Pesca,1311,Pesca,131113,Pescado congelado,03049100
Agroalimentario,13,Pesca,1311,Pesca,131113,Pescado congelado,03049200
Agroalimentario,13,Pesca,1311,Pesca,131113,Pescado congelado,03049310
Agroalimentario,13,Pesca,1311,Pesca,131113,Pescado congelado,03049390
Agroalimentario,13,Pesca,1311,Pesca,131113,Pescado congelado,03049410
Agroalimentario,13,Pesca,1311,Pesca,131113,Pescado congelado,03049490
Agroalimentario,13,Pesca,1311,Pesca,131113,Pescado congelado,03049510
Agroalimentario,13,Pesca,1311,Pesca,131113,Pescado congelado,03049521
Agroalimentario,13,Pesca,1311,Pesca,131113,Pescado congelado,03049525
Agroalimentario,13,Pesca,1311,Pesca,131113,Pescado congelado,03049529
Agroalimentario,13,Pesca,1311,Pesca,131113,Pescado congelado,03049540
Agroalimentario,13,Pesca,1311,Pesca,131113,Pescado congelado,03049550
Agroalimentario,13,Pesca,1311,Pesca,131113,Pescado congelado,03049590
Agroalimentario,13,Pesca,1311,Pesca,131113,Pescado congelado,03049630
Agroalimentario,13,Pesca,1311,Pesca,131113,Pescado congelado,03049690
Agroalimentario,13,Pesca,1311,Pesca,131113,Pescado congelado,03049700
Agroalimentario,13,Pesca,1311,Pesca,131113,Pescado congelado,03049910
Agroalimentario,13,Pesca,1311,Pesca,131113,Pescado congelado,03049921
Agroalimentario,13,Pesca,1311,Pesca,131113,Pescado congelado,03049923
Agroalimentario,13,Pesca,1311,Pesca,131113,Pescado congelado,03049929
Agroalimentario,13,Pesca,1311,Pesca,131113,Pescado congelado,03049955
Agroalimentario,13,Pesca,1311,Pesca,131113,Pescado congelado,03049961
Agroalimentario,13,Pesca,1311,Pesca,131113,Pescado congelado,03049965
Agroalimentario,13,Pesca,1311,Pesca,131113,Pescado congelado,03049999
Agroalimentario,13,Pesca,1311,Pesca,131114,"Moluscos, crustáceos y otros invertebrados acuá",03061110
Agroalimentario,13,Pesca,1311,Pesca,131114,"Moluscos, crustáceos y otros invertebrados acuá",03061190
Agroalimentario,13,Pesca,1311,Pesca,131114,"Moluscos, crustáceos y otros invertebrados acuá",03061210
Agroalimentario,13,Pesca,1311,Pesca,131114,"Moluscos, crustáceos y otros invertebrados acuá",03061290
Agroalimentario,13,Pesca,1311,Pesca,131114,"Moluscos, crustáceos y otros invertebrados acuá",03061410
Agroalimentario,13,Pesca,1311,Pesca,131114,"Moluscos, crustáceos y otros invertebrados acuá",03061430
Agroalimentario,13,Pesca,1311,Pesca,131114,"Moluscos, crustáceos y otros invertebrados acuá",03061490
Agroalimentario,13,Pesca,1311,Pesca,131114,"Moluscos, crustáceos y otros invertebrados acuá",03061500
Agroalimentario,13,Pesca,1311,Pesca,131114,"Moluscos, crustáceos y otros invertebrados acuá",03061691
Agroalimentario,13,Pesca,1311,Pesca,131114,"Moluscos, crustáceos y otros invertebrados acuá",03061699
Agroalimentario,13,Pesca,1311,Pesca,131114,"Moluscos, crustáceos y otros invertebrados acuá",03061791
Agroalimentario,13,Pesca,1311,Pesca,131114,"Moluscos, crustáceos y otros invertebrados acuá",03061792
Agroalimentario,13,Pesca,1311,Pesca,131114,"Moluscos, crustáceos y otros invertebrados acuá",03061793
Agroalimentario,13,Pesca,1311,Pesca,131114,"Moluscos, crustáceos y otros invertebrados acuá",03061794
Agroalimentario,13,Pesca,1311,Pesca,131114,"Moluscos, crustáceos y otros invertebrados acuá",03061799
Agroalimentario,13,Pesca,1311,Pesca,131114,"Moluscos, crustáceos y otros invertebrados acuá",03061910
Agroalimentario,13,Pesca,1311,Pesca,131114,"Moluscos, crustáceos y otros invertebrados acuá",03061990
Agroalimentario,13,Pesca,1311,Pesca,131114,"Moluscos, crustáceos y otros invertebrados acuá",03063100
Agroalimentario,13,Pesca,1311,Pesca,131114,"Moluscos, crustáceos y otros invertebrados acuá",03063210
Agroalimentario,13,Pesca,1311,Pesca,131114,"Moluscos, crustáceos y otros invertebrados acuá",03063291
Agroalimentario,13,Pesca,1311,Pesca,131114,"Moluscos, crustáceos y otros invertebrados acuá",03063299
Agroalimentario,13,Pesca,1311,Pesca,131114,"Moluscos, crustáceos y otros invertebrados acuá",03063310
Agroalimentario,13,Pesca,1311,Pesca,131114,"Moluscos, crustáceos y otros invertebrados acuá",03063390
Agroalimentario,13,Pesca,1311,Pesca,131114,"Moluscos, crustáceos y otros invertebrados acuá",03063400
Agroalimentario,13,Pesca,1311,Pesca,131114,"Moluscos, crustáceos y otros invertebrados acuá",03063510
Agroalimentario,13,Pesca,1311,Pesca,131114,"Moluscos, crustáceos y otros invertebrados acuá",03063550
Agroalimentario,13,Pesca,1311,Pesca,131114,"Moluscos, crustáceos y otros invertebrados acuá",03063590
Agroalimentario,13,Pesca,1311,Pesca,131114,"Moluscos, crustáceos y otros invertebrados acuá",03063610
Agroalimentario,13,Pesca,1311,Pesca,131114,"Moluscos, crustáceos y otros invertebrados acuá",03063690
Agroalimentario,13,Pesca,1311,Pesca,131114,"Moluscos, crustáceos y otros invertebrados acuá",03063910
Agroalimentario,13,Pesca,1311,Pesca,131114,"Moluscos, crustáceos y otros invertebrados acuá",03063990
Agroalimentario,13,Pesca,1311,Pesca,131114,"Moluscos, crustáceos y otros invertebrados acuá",03069100
Agroalimentario,13,Pesca,1311,Pesca,131114,"Moluscos, crustáceos y otros invertebrados acuá",03069210
Agroalimentario,13,Pesca,1311,Pesca,131114,"Moluscos, crustáceos y otros invertebrados acuá",03069290
Agroalimentario,13,Pesca,1311,Pesca,131114,"Moluscos, crustáceos y otros invertebrados acuá",03069310
Agroalimentario,13,Pesca,1311,Pesca,131114,"Moluscos, crustáceos y otros invertebrados acuá",03069390
Agroalimentario,13,Pesca,1311,Pesca,131114,"Moluscos, crustáceos y otros invertebrados acuá",03069400
Agroalimentario,13,Pesca,1311,Pesca,131114,"Moluscos, crustáceos y otros invertebrados acuá",03069511
Agroalimentario,13,Pesca,1311,Pesca,131114,"Moluscos, crustáceos y otros invertebrados acuá",03069519
Agroalimentario,13,Pesca,1311,Pesca,131114,"Moluscos, crustáceos y otros invertebrados acuá",03069520
Agroalimentario,13,Pesca,1311,Pesca,131114,"Moluscos, crustáceos y otros invertebrados acuá",03069530
Agroalimentario,13,Pesca,1311,Pesca,131114,"Moluscos, crustáceos y otros invertebrados acuá",03069590
Agroalimentario,13,Pesca,1311,Pesca,131114,"Moluscos, crustáceos y otros invertebrados acuá",03069910
Agroalimentario,13,Pesca,1311,Pesca,131114,"Moluscos, crustáceos y otros invertebrados acuá",03069990
Agroalimentario,13,Pesca,1311,Pesca,131114,"Moluscos, crustáceos y otros invertebrados acuá",03071110
Agroalimentario,13,Pesca,1311,Pesca,131114,"Moluscos, crustáceos y otros invertebrados acuá",03071190
Agroalimentario,13,Pesca,1311,Pesca,131114,"Moluscos, crustáceos y otros invertebrados acuá",03071200
Agroalimentario,13,Pesca,1311,Pesca,131114,"Moluscos, crustáceos y otros invertebrados acuá",03071900
Agroalimentario,13,Pesca,1311,Pesca,131114,"Moluscos, crustáceos y otros invertebrados acuá",03072110
Agroalimentario,13,Pesca,1311,Pesca,131114,"Moluscos, crustáceos y otros invertebrados acuá",03072190
Agroalimentario,13,Pesca,1311,Pesca,131114,"Moluscos, crustáceos y otros invertebrados acuá",03072210
Agroalimentario,13,Pesca,1311,Pesca,131114,"Moluscos, crustáceos y otros invertebrados acuá",03072290
Agroalimentario,13,Pesca,1311,Pesca,131114,"Moluscos, crustáceos y otros invertebrados acuá",03072295
Agroalimentario,13,Pesca,1311,Pesca,131114,"Moluscos, crustáceos y otros invertebrados acuá",03072910
Agroalimentario,13,Pesca,1311,Pesca,131114,"Moluscos, crustáceos y otros invertebrados acuá",03072990
Agroalimentario,13,Pesca,1311,Pesca,131114,"Moluscos, crustáceos y otros invertebrados acuá",03073110
Agroalimentario,13,Pesca,1311,Pesca,131114,"Moluscos, crustáceos y otros invertebrados acuá",03073190
Agroalimentario,13,Pesca,1311,Pesca,131114,"Moluscos, crustáceos y otros invertebrados acuá",03073210
Agroalimentario,13,Pesca,1311,Pesca,131114,"Moluscos, crustáceos y otros invertebrados acuá",03073290
Agroalimentario,13,Pesca,1311,Pesca,131114,"Moluscos, crustáceos y otros invertebrados acuá",03073920
Agroalimentario,13,Pesca,1311,Pesca,131114,"Moluscos, crustáceos y otros invertebrados acuá",03073980
Agroalimentario,13,Pesca,1311,Pesca,131114,"Moluscos, crustáceos y otros invertebrados acuá",03074210
Agroalimentario,13,Pesca,1311,Pesca,131114,"Moluscos, crustáceos y otros invertebrados acuá",03074220
Agroalimentario,13,Pesca,1311,Pesca,131114,"Moluscos, crustáceos y otros invertebrados acuá",03074230
Agroalimentario,13,Pesca,1311,Pesca,131114,"Moluscos, crustáceos y otros invertebrados acuá",03074240
Agroalimentario,13,Pesca,1311,Pesca,131114,"Moluscos, crustáceos y otros invertebrados acuá",03074290
Agroalimentario,13,Pesca,1311,Pesca,131114,"Moluscos, crustáceos y otros invertebrados acuá",03074321
Agroalimentario,13,Pesca,1311,Pesca,131114,"Moluscos, crustáceos y otros invertebrados acuá",03074325
Agroalimentario,13,Pesca,1311,Pesca,131114,"Moluscos, crustáceos y otros invertebrados acuá",03074329
Agroalimentario,13,Pesca,1311,Pesca,131114,"Moluscos, crustáceos y otros invertebrados acuá",03074331
Agroalimentario,13,Pesca,1311,Pesca,131114,"Moluscos, crustáceos y otros invertebrados acuá",03074333
Agroalimentario,13,Pesca,1311,Pesca,131114,"Moluscos, crustáceos y otros invertebrados acuá",03074335
Agroalimentario,13,Pesca,1311,Pesca,131114,"Moluscos, crustáceos y otros invertebrados acuá",03074338
Agroalimentario,13,Pesca,1311,Pesca,131114,"Moluscos, crustáceos y otros invertebrados acuá",03074391
Agroalimentario,13,Pesca,1311,Pesca,131114,"Moluscos, crustáceos y otros invertebrados acuá",03074392
Agroalimentario,13,Pesca,1311,Pesca,131114,"Moluscos, crustáceos y otros invertebrados acuá",03074395
Agroalimentario,13,Pesca,1311,Pesca,131114,"Moluscos, crustáceos y otros invertebrados acuá",03074399
Agroalimentario,13,Pesca,1311,Pesca,131114,"Moluscos, crustáceos y otros invertebrados acuá",03074920
Agroalimentario,13,Pesca,1311,Pesca,131114,"Moluscos, crustáceos y otros invertebrados acuá",03074940
Agroalimentario,13,Pesca,1311,Pesca,131114,"Moluscos, crustáceos y otros invertebrados acuá",03074950
Agroalimentario,13,Pesca,1311,Pesca,131114,"Moluscos, crustáceos y otros invertebrados acuá",03074960
Agroalimentario,13,Pesca,1311,Pesca,131114,"Moluscos, crustáceos y otros invertebrados acuá",03074980
Agroalimentario,13,Pesca,1311,Pesca,131114,"Moluscos, crustáceos y otros invertebrados acuá",03075100
Agroalimentario,13,Pesca,1311,Pesca,131114,"Moluscos, crustáceos y otros invertebrados acuá",03075200
Agroalimentario,13,Pesca,1311,Pesca,131114,"Moluscos, crustáceos y otros invertebrados acuá",03075900
Agroalimentario,13,Pesca,1311,Pesca,131114,"Moluscos, crustáceos y otros invertebrados acuá",03076000
Agroalimentario,13,Pesca,1311,Pesca,131114,"Moluscos, crustáceos y otros invertebrados acuá",03077100
Agroalimentario,13,Pesca,1311,Pesca,131114,"Moluscos, crustáceos y otros invertebrados acuá",03077210
Agroalimentario,13,Pesca,1311,Pesca,131114,"Moluscos, crustáceos y otros invertebrados acuá",03077290
Agroalimentario,13,Pesca,1311,Pesca,131114,"Moluscos, crustáceos y otros invertebrados acuá",03077900
Agroalimentario,13,Pesca,1311,Pesca,131114,"Moluscos, crustáceos y otros invertebrados acuá",03078200
Agroalimentario,13,Pesca,1311,Pesca,131114,"Moluscos, crustáceos y otros invertebrados acuá",03078300
Agroalimentario,13,Pesca,1311,Pesca,131114,"Moluscos, crustáceos y otros invertebrados acuá",03078400
Agroalimentario,13,Pesca,1311,Pesca,131114,"Moluscos, crustáceos y otros invertebrados acuá",03078800
Agroalimentario,13,Pesca,1311,Pesca,131114,"Moluscos, crustáceos y otros invertebrados acuá",03079100
Agroalimentario,13,Pesca,1311,Pesca,131114,"Moluscos, crustáceos y otros invertebrados acuá",03079200
Agroalimentario,13,Pesca,1311,Pesca,131114,"Moluscos, crustáceos y otros invertebrados acuá",03079900
Agroalimentario,13,Pesca,1311,Pesca,131114,"Moluscos, crustáceos y otros invertebrados acuá",03081100
Agroalimentario,13,Pesca,1311,Pesca,131114,"Moluscos, crustáceos y otros invertebrados acuá",03081200
Agroalimentario,13,Pesca,1311,Pesca,131114,"Moluscos, crustáceos y otros invertebrados acuá",03081900
Agroalimentario,13,Pesca,1311,Pesca,131114,"Moluscos, crustáceos y otros invertebrados acuá",03082100
Agroalimentario,13,Pesca,1311,Pesca,131114,"Moluscos, crustáceos y otros invertebrados acuá",03082200
Agroalimentario,13,Pesca,1311,Pesca,131114,"Moluscos, crustáceos y otros invertebrados acuá",03082900
Agroalimentario,13,Pesca,1311,Pesca,131114,"Moluscos, crustáceos y otros invertebrados acuá",03083050
Agroalimentario,13,Pesca,1311,Pesca,131114,"Moluscos, crustáceos y otros invertebrados acuá",03083080
Agroalimentario,13,Pesca,1311,Pesca,131114,"Moluscos, crustáceos y otros invertebrados acuá",03089010
Agroalimentario,13,Pesca,1311,Pesca,131114,"Moluscos, crustáceos y otros invertebrados acuá",03089050
Agroalimentario,13,Pesca,1311,Pesca,131114,"Moluscos, crustáceos y otros invertebrados acuá",03089090
Agroalimentario,13,Pesca,1311,Pesca,131115,Los demás preparados de productos de la pesca,03052000
Agroalimentario,13,Pesca,1311,Pesca,131115,Los demás preparados de productos de la pesca,03053100
Agroalimentario,13,Pesca,1311,Pesca,131115,Los demás preparados de productos de la pesca,03053211
Agroalimentario,13,Pesca,1311,Pesca,131115,Los demás preparados de productos de la pesca,03053219
Agroalimentario,13,Pesca,1311,Pesca,131115,Los demás preparados de productos de la pesca,03053290
Agroalimentario,13,Pesca,1311,Pesca,131115,Los demás preparados de productos de la pesca,03053910
Agroalimentario,13,Pesca,1311,Pesca,131115,Los demás preparados de productos de la pesca,03053950
Agroalimentario,13,Pesca,1311,Pesca,131115,Los demás preparados de productos de la pesca,03053990
Agroalimentario,13,Pesca,1311,Pesca,131115,Los demás preparados de productos de la pesca,03054100
Agroalimentario,13,Pesca,1311,Pesca,131115,Los demás preparados de productos de la pesca,03054200
Agroalimentario,13,Pesca,1311,Pesca,131115,Los demás preparados de productos de la pesca,03054300
Agroalimentario,13,Pesca,1311,Pesca,131115,Los demás preparados de productos de la pesca,03054410
Agroalimentario,13,Pesca,1311,Pesca,131115,Los demás preparados de productos de la pesca,03054490
Agroalimentario,13,Pesca,1311,Pesca,131115,Los demás preparados de productos de la pesca,03054930
Agroalimentario,13,Pesca,1311,Pesca,131115,Los demás preparados de productos de la pesca,03054980
Agroalimentario,13,Pesca,1311,Pesca,131115,Los demás preparados de productos de la pesca,03055110
Agroalimentario,13,Pesca,1311,Pesca,131115,Los demás preparados de productos de la pesca,03055190
Agroalimentario,13,Pesca,1311,Pesca,131115,Los demás preparados de productos de la pesca,03055200
Agroalimentario,13,Pesca,1311,Pesca,131115,Los demás preparados de productos de la pesca,03055390
Agroalimentario,13,Pesca,1311,Pesca,131115,Los demás preparados de productos de la pesca,03055430
Agroalimentario,13,Pesca,1311,Pesca,131115,Los demás preparados de productos de la pesca,03055450
Agroalimentario,13,Pesca,1311,Pesca,131115,Los demás preparados de productos de la pesca,03055490
Agroalimentario,13,Pesca,1311,Pesca,131115,Los demás preparados de productos de la pesca,03055985
Agroalimentario,13,Pesca,1311,Pesca,131115,Los demás preparados de productos de la pesca,03056100
Agroalimentario,13,Pesca,1311,Pesca,131115,Los demás preparados de productos de la pesca,03056200
Agroalimentario,13,Pesca,1311,Pesca,131115,Los demás preparados de productos de la pesca,03056300
Agroalimentario,13,Pesca,1311,Pesca,131115,Los demás preparados de productos de la pesca,03056950
Agroalimentario,13,Pesca,1311,Pesca,131115,Los demás preparados de productos de la pesca,03056980
Agroalimentario,13,Pesca,1311,Pesca,131115,Los demás preparados de productos de la pesca,03057130
Agroalimentario,13,Pesca,1311,Pesca,131115,Los demás preparados de productos de la pesca,03057140
Agroalimentario,13,Pesca,1311,Pesca,131115,Los demás preparados de productos de la pesca,03057150
Agroalimentario,13,Pesca,1311,Pesca,131115,Los demás preparados de productos de la pesca,03057200
Agroalimentario,13,Pesca,1311,Pesca,131115,Los demás preparados de productos de la pesca,03057900
Agroalimentario,13,Pesca,1311,Pesca,131115,Los demás preparados de productos de la pesca,03091000
Agroalimentario,13,Pesca,1311,Pesca,131115,Los demás preparados de productos de la pesca,03099000
Agroalimentario,13,Pesca,1311,Pesca,131116,Conservas de pescados,16041100
Agroalimentario,13,Pesca,1311,Pesca,131116,Conservas de pescados,16041210
Agroalimentario,13,Pesca,1311,Pesca,131116,Conservas de pescados,16041291
Agroalimentario,13,Pesca,1311,Pesca,131116,Conservas de pescados,16041299
Agroalimentario,13,Pesca,1311,Pesca,131116,Conservas de pescados,16041311
Agroalimentario,13,Pesca,1311,Pesca,131116,Conservas de pescados,16041319
Agroalimentario,13,Pesca,1311,Pesca,131116,Conservas de pescados,16041390
Agroalimentario,13,Pesca,1311,Pesca,131116,Conservas de pescados,16041421
Agroalimentario,13,Pesca,1311,Pesca,131116,Conservas de pescados,16041426
Agroalimentario,13,Pesca,1311,Pesca,131116,Conservas de pescados,16041428
Agroalimentario,13,Pesca,1311,Pesca,131116,Conservas de pescados,16041431
Agroalimentario,13,Pesca,1311,Pesca,131116,Conservas de pescados,16041436
Agroalimentario,13,Pesca,1311,Pesca,131116,Conservas de pescados,16041438
Agroalimentario,13,Pesca,1311,Pesca,131116,Conservas de pescados,16041441
Agroalimentario,13,Pesca,1311,Pesca,131116,Conservas de pescados,16041446
Agroalimentario,13,Pesca,1311,Pesca,131116,Conservas de pescados,16041448
Agroalimentario,13,Pesca,1311,Pesca,131116,Conservas de pescados,16041490
Agroalimentario,13,Pesca,1311,Pesca,131116,Conservas de pescados,16041511
Agroalimentario,13,Pesca,1311,Pesca,131116,Conservas de pescados,16041519
Agroalimentario,13,Pesca,1311,Pesca,131116,Conservas de pescados,16041590
Agroalimentario,13,Pesca,1311,Pesca,131116,Conservas de pescados,16041600
Agroalimentario,13,Pesca,1311,Pesca,131116,Conservas de pescados,16041700
Agroalimentario,13,Pesca,1311,Pesca,131116,Conservas de pescados,16041800
Agroalimentario,13,Pesca,1311,Pesca,131116,Conservas de pescados,16041910
Agroalimentario,13,Pesca,1311,Pesca,131116,Conservas de pescados,16041931
Agroalimentario,13,Pesca,1311,Pesca,131116,Conservas de pescados,16041939
Agroalimentario,13,Pesca,1311,Pesca,131116,Conservas de pescados,16041950
Agroalimentario,13,Pesca,1311,Pesca,131116,Conservas de pescados,16041991
Agroalimentario,13,Pesca,1311,Pesca,131116,Conservas de pescados,16041992
Agroalimentario,13,Pesca,1311,Pesca,131116,Conservas de pescados,16041993
Agroalimentario,13,Pesca,1311,Pesca,131116,Conservas de pescados,16041994
Agroalimentario,13,Pesca,1311,Pesca,131116,Conservas de pescados,16041995
Agroalimentario,13,Pesca,1311,Pesca,131116,Conservas de pescados,16041997
Agroalimentario,13,Pesca,1311,Pesca,131116,Conservas de pescados,16042005
Agroalimentario,13,Pesca,1311,Pesca,131116,Conservas de pescados,16042010
Agroalimentario,13,Pesca,1311,Pesca,131116,Conservas de pescados,16042030
Agroalimentario,13,Pesca,1311,Pesca,131116,Conservas de pescados,16042040
Agroalimentario,13,Pesca,1311,Pesca,131116,Conservas de pescados,16042050
Agroalimentario,13,Pesca,1311,Pesca,131116,Conservas de pescados,16042070
Agroalimentario,13,Pesca,1311,Pesca,131116,Conservas de pescados,16042090
Agroalimentario,13,Pesca,1311,Pesca,131116,Conservas de pescados,16043100
Agroalimentario,13,Pesca,1311,Pesca,131116,Conservas de pescados,16043200
Agroalimentario,13,Pesca,1311,Pesca,131117,Conservas de moluscos y crustaceos,16051000
Agroalimentario,13,Pesca,1311,Pesca,131117,Conservas de moluscos y crustaceos,16052110
Agroalimentario,13,Pesca,1311,Pesca,131117,Conservas de moluscos y crustaceos,16052190
Agroalimentario,13,Pesca,1311,Pesca,131117,Conservas de moluscos y crustaceos,16052900
Agroalimentario,13,Pesca,1311,Pesca,131117,Conservas de moluscos y crustaceos,16053010
Agroalimentario,13,Pesca,1311,Pesca,131117,Conservas de moluscos y crustaceos,16053090
Agroalimentario,13,Pesca,1311,Pesca,131117,Conservas de moluscos y crustaceos,16054000
Agroalimentario,13,Pesca,1311,Pesca,131117,Conservas de moluscos y crustaceos,16055100
Agroalimentario,13,Pesca,1311,Pesca,131117,Conservas de moluscos y crustaceos,16055200
Agroalimentario,13,Pesca,1311,Pesca,131117,Conservas de moluscos y crustaceos,16055310
Agroalimentario,13,Pesca,1311,Pesca,131117,Conservas de moluscos y crustaceos,16055390
Agroalimentario,13,Pesca,1311,Pesca,131117,Conservas de moluscos y crustaceos,16055400
Agroalimentario,13,Pesca,1311,Pesca,131117,Conservas de moluscos y crustaceos,16055500
Agroalimentario,13,Pesca,1311,Pesca,131117,Conservas de moluscos y crustaceos,16055600
Agroalimentario,13,Pesca,1311,Pesca,131117,Conservas de moluscos y crustaceos,16055800
Agroalimentario,13,Pesca,1311,Pesca,131117,Conservas de moluscos y crustaceos,16055900
Agroalimentario,13,Pesca,1311,Pesca,131117,Conservas de moluscos y crustaceos,16056100
Agroalimentario,13,Pesca,1311,Pesca,131117,Conservas de moluscos y crustaceos,16056200
Agroalimentario,13,Pesca,1311,Pesca,131117,Conservas de moluscos y crustaceos,16056300
Agroalimentario,13,Pesca,1311,Pesca,131117,Conservas de moluscos y crustaceos,16056900
Agroalimentario,14,Cereales y productos de molinera,1411,Cereales,141111,Trigo,10011100
Agroalimentario,14,Cereales y productos de molinera,1411,Cereales,141111,Trigo,10011900
Agroalimentario,14,Cereales y productos de molinera,1411,Cereales,141111,Trigo,10019110
Agroalimentario,14,Cereales y productos de molinera,1411,Cereales,141111,Trigo,10019120
Agroalimentario,14,Cereales y productos de molinera,1411,Cereales,141111,Trigo,10019190
Agroalimentario,14,Cereales y productos de molinera,1411,Cereales,141111,Trigo,10019900
Agroalimentario,14,Cereales y productos de molinera,1411,Cereales,141112,Cebada,10031000
Agroalimentario,14,Cereales y productos de molinera,1411,Cereales,141112,Cebada,10039000
Agroalimentario,14,Cereales y productos de molinera,1411,Cereales,141113,Maiz,10051013
Agroalimentario,14,Cereales y productos de molinera,1411,Cereales,141113,Maiz,10051015
Agroalimentario,14,Cereales y productos de molinera,1411,Cereales,141113,Maiz,10051018
Agroalimentario,14,Cereales y productos de molinera,1411,Cereales,141113,Maiz,10051090
Agroalimentario,14,Cereales y productos de molinera,1411,Cereales,141113,Maiz,10059000
Agroalimentario,14,Cereales y productos de molinera,1411,Cereales,141114,Arroz,10061010
Agroalimentario,14,Cereales y productos de molinera,1411,Cereales,141114,Arroz,10061030
Agroalimentario,14,Cereales y productos de molinera,1411,Cereales,141114,Arroz,10061050
Agroalimentario,14,Cereales y productos de molinera,1411,Cereales,141114,Arroz,10061071
Agroalimentario,14,Cereales y productos de molinera,1411,Cereales,141114,Arroz,10061079
Agroalimentario,14,Cereales y productos de molinera,1411,Cereales,141114,Arroz,10061090
Agroalimentario,14,Cereales y productos de molinera,1411,Cereales,141114,Arroz,10062011
Agroalimentario,14,Cereales y productos de molinera,1411,Cereales,141114,Arroz,10062013
Agroalimentario,14,Cereales y productos de molinera,1411,Cereales,141114,Arroz,10062015
Agroalimentario,14,Cereales y productos de molinera,1411,Cereales,141114,Arroz,10062017
Agroalimentario,14,Cereales y productos de molinera,1411,Cereales,141114,Arroz,10062019
Agroalimentario,14,Cereales y productos de molinera,1411,Cereales,141114,Arroz,10062092
Agroalimentario,14,Cereales y productos de molinera,1411,Cereales,141114,Arroz,10062094
Agroalimentario,14,Cereales y productos de molinera,1411,Cereales,141114,Arroz,10062096
Agroalimentario,14,Cereales y productos de molinera,1411,Cereales,141114,Arroz,10062098
Agroalimentario,14,Cereales y productos de molinera,1411,Cereales,141114,Arroz,10062099
Agroalimentario,14,Cereales y productos de molinera,1411,Cereales,141114,Arroz,10063021
Agroalimentario,14,Cereales y productos de molinera,1411,Cereales,141114,Arroz,10063023
Agroalimentario,14,Cereales y productos de molinera,1411,Cereales,141114,Arroz,10063025
Agroalimentario,14,Cereales y productos de molinera,1411,Cereales,141114,Arroz,10063027
Agroalimentario,14,Cereales y productos de molinera,1411,Cereales,141114,Arroz,10063029
Agroalimentario,14,Cereales y productos de molinera,1411,Cereales,141114,Arroz,10063042
Agroalimentario,14,Cereales y productos de molinera,1411,Cereales,141114,Arroz,10063044
Agroalimentario,14,Cereales y productos de molinera,1411,Cereales,141114,Arroz,10063046
Agroalimentario,14,Cereales y productos de molinera,1411,Cereales,141114,Arroz,10063048
Agroalimentario,14,Cereales y productos de molinera,1411,Cereales,141114,Arroz,10063049
Agroalimentario,14,Cereales y productos de molinera,1411,Cereales,141114,Arroz,10063061
Agroalimentario,14,Cereales y productos de molinera,1411,Cereales,141114,Arroz,10063063
Agroalimentario,14,Cereales y productos de molinera,1411,Cereales,141114,Arroz,10063065
Agroalimentario,14,Cereales y productos de molinera,1411,Cereales,141114,Arroz,10063067
Agroalimentario,14,Cereales y productos de molinera,1411,Cereales,141114,Arroz,10063069
Agroalimentario,14,Cereales y productos de molinera,1411,Cereales,141114,Arroz,10063092
Agroalimentario,14,Cereales y productos de molinera,1411,Cereales,141114,Arroz,10063094
Agroalimentario,14,Cereales y productos de molinera,1411,Cereales,141114,Arroz,10063096
Agroalimentario,14,Cereales y productos de molinera,1411,Cereales,141114,Arroz,10063098
Agroalimentario,14,Cereales y productos de molinera,1411,Cereales,141114,Arroz,10063099
Agroalimentario,14,Cereales y productos de molinera,1411,Cereales,141114,Arroz,10064000
Agroalimentario,14,Cereales y productos de molinera,1411,Cereales,141115,Otros cereales,10021000
Agroalimentario,14,Cereales y productos de molinera,1411,Cereales,141115,Otros cereales,10029000
Agroalimentario,14,Cereales y productos de molinera,1411,Cereales,141115,Otros cereales,10041000
Agroalimentario,14,Cereales y productos de molinera,1411,Cereales,141115,Otros cereales,10049000
Agroalimentario,14,Cereales y productos de molinera,1411,Cereales,141115,Otros cereales,10071010
Agroalimentario,14,Cereales y productos de molinera,1411,Cereales,141115,Otros cereales,10071090
Agroalimentario,14,Cereales y productos de molinera,1411,Cereales,141115,Otros cereales,10079000
Agroalimentario,14,Cereales y productos de molinera,1411,Cereales,141115,Otros cereales,10081000
Agroalimentario,14,Cereales y productos de molinera,1411,Cereales,141115,Otros cereales,10082100
Agroalimentario,14,Cereales y productos de molinera,1411,Cereales,141115,Otros cereales,10082900
Agroalimentario,14,Cereales y productos de molinera,1411,Cereales,141115,Otros cereales,10083000
Agroalimentario,14,Cereales y productos de molinera,1411,Cereales,141115,Otros cereales,10085000
Agroalimentario,14,Cereales y productos de molinera,1411,Cereales,141115,Otros cereales,10086000
Agroalimentario,14,Cereales y productos de molinera,1411,Cereales,141115,Otros cereales,10089000
Agroalimentario,14,Cereales y productos de molinera,1411,Cereales,141116,Harina de trigo,11010011
Agroalimentario,14,Cereales y productos de molinera,1411,Cereales,141116,Harina de trigo,11010015
Agroalimentario,14,Cereales y productos de molinera,1411,Cereales,141116,Harina de trigo,11010090
Agroalimentario,14,Cereales y productos de molinera,1411,Cereales,141117,Otras harinas,11022010
Agroalimentario,14,Cereales y productos de molinera,1411,Cereales,141117,Otras harinas,11022090
Agroalimentario,14,Cereales y productos de molinera,1411,Cereales,141117,Otras harinas,11029010
Agroalimentario,14,Cereales y productos de molinera,1411,Cereales,141117,Otras harinas,11029030
Agroalimentario,14,Cereales y productos de molinera,1411,Cereales,141117,Otras harinas,11029050
Agroalimentario,14,Cereales y productos de molinera,1411,Cereales,141117,Otras harinas,11029070
Agroalimentario,14,Cereales y productos de molinera,1411,Cereales,141117,Otras harinas,11029090
Agroalimentario,14,Cereales y productos de molinera,1411,Cereales,141117,Otras harinas,11051000
Agroalimentario,14,Cereales y productos de molinera,1411,Cereales,141117,Otras harinas,11052000
Agroalimentario,14,Cereales y productos de molinera,1411,Cereales,141118,Malta,11071011
Agroalimentario,14,Cereales y productos de molinera,1411,Cereales,141118,Malta,11071019
Agroalimentario,14,Cereales y productos de molinera,1411,Cereales,141118,Malta,11071091
Agroalimentario,14,Cereales y productos de molinera,1411,Cereales,141118,Malta,11071099
Agroalimentario,14,Cereales y productos de molinera,1411,Cereales,141118,Malta,11072000
Agroalimentario,14,Cereales y productos de molinera,1411,Cereales,141119,Almidón,11081100
Agroalimentario,14,Cereales y productos de molinera,1411,Cereales,141119,Almidón,11081200
Agroalimentario,14,Cereales y productos de molinera,1411,Cereales,141119,Almidón,11081300
Agroalimentario,14,Cereales y productos de molinera,1411,Cereales,141119,Almidón,11081400
Agroalimentario,14,Cereales y productos de molinera,1411,Cereales,141119,Almidón,11081910
Agroalimentario,14,Cereales y productos de molinera,1411,Cereales,141119,Almidón,11081990
Agroalimentario,14,Cereales y productos de molinera,1411,Cereales,141119,Almidón,11082000
Agroalimentario,14,Cereales y productos de molinera,1411,Cereales,141120,Grañones y sémola de trigo,11031110
Agroalimentario,14,Cereales y productos de molinera,1411,Cereales,141120,Grañones y sémola de trigo,11031190
Agroalimentario,14,Cereales y productos de molinera,1411,Cereales,141121,Otros productos de cereales,11031310
Agroalimentario,14,Cereales y productos de molinera,1411,Cereales,141121,Otros productos de cereales,11031390
Agroalimentario,14,Cereales y productos de molinera,1411,Cereales,141121,Otros productos de cereales,11031920
Agroalimentario,14,Cereales y productos de molinera,1411,Cereales,141121,Otros productos de cereales,11031940
Agroalimentario,14,Cereales y productos de molinera,1411,Cereales,141121,Otros productos de cereales,11031950
Agroalimentario,14,Cereales y productos de molinera,1411,Cereales,141121,Otros productos de cereales,11031990
Agroalimentario,14,Cereales y productos de molinera,1411,Cereales,141121,Otros productos de cereales,11032025
Agroalimentario,14,Cereales y productos de molinera,1411,Cereales,141121,Otros productos de cereales,11032030
Agroalimentario,14,Cereales y productos de molinera,1411,Cereales,141121,Otros productos de cereales,11032040
Agroalimentario,14,Cereales y productos de molinera,1411,Cereales,141121,Otros productos de cereales,11032050
Agroalimentario,14,Cereales y productos de molinera,1411,Cereales,141121,Otros productos de cereales,11032060
Agroalimentario,14,Cereales y productos de molinera,1411,Cereales,141121,Otros productos de cereales,11032090
Agroalimentario,14,Cereales y productos de molinera,1411,Cereales,141121,Otros productos de cereales,11041210
Agroalimentario,14,Cereales y productos de molinera,1411,Cereales,141121,Otros productos de cereales,11041290
Agroalimentario,14,Cereales y productos de molinera,1411,Cereales,141121,Otros productos de cereales,11041910
Agroalimentario,14,Cereales y productos de molinera,1411,Cereales,141121,Otros productos de cereales,11041930
Agroalimentario,14,Cereales y productos de molinera,1411,Cereales,141121,Otros productos de cereales,11041950
Agroalimentario,14,Cereales y productos de molinera,1411,Cereales,141121,Otros productos de cereales,11041961
Agroalimentario,14,Cereales y productos de molinera,1411,Cereales,141121,Otros productos de cereales,11041969
Agroalimentario,14,Cereales y productos de molinera,1411,Cereales,141121,Otros productos de cereales,11041991
Agroalimentario,14,Cereales y productos de molinera,1411,Cereales,141121,Otros productos de cereales,11041999
Agroalimentario,14,Cereales y productos de molinera,1411,Cereales,141121,Otros productos de cereales,11042240
Agroalimentario,14,Cereales y productos de molinera,1411,Cereales,141121,Otros productos de cereales,11042250
Agroalimentario,14,Cereales y productos de molinera,1411,Cereales,141121,Otros productos de cereales,11042295
Agroalimentario,14,Cereales y productos de molinera,1411,Cereales,141121,Otros productos de cereales,11042340
Agroalimentario,14,Cereales y productos de molinera,1411,Cereales,141121,Otros productos de cereales,11042398
Agroalimentario,14,Cereales y productos de molinera,1411,Cereales,141121,Otros productos de cereales,11042904
Agroalimentario,14,Cereales y productos de molinera,1411,Cereales,141121,Otros productos de cereales,11042905
Agroalimentario,14,Cereales y productos de molinera,1411,Cereales,141121,Otros productos de cereales,11042908
Agroalimentario,14,Cereales y productos de molinera,1411,Cereales,141121,Otros productos de cereales,11042917
Agroalimentario,14,Cereales y productos de molinera,1411,Cereales,141121,Otros productos de cereales,11042930
Agroalimentario,14,Cereales y productos de molinera,1411,Cereales,141121,Otros productos de cereales,11042959
Agroalimentario,14,Cereales y productos de molinera,1411,Cereales,141121,Otros productos de cereales,11042981
Agroalimentario,14,Cereales y productos de molinera,1411,Cereales,141121,Otros productos de cereales,11042989
Agroalimentario,14,Cereales y productos de molinera,1411,Cereales,141121,Otros productos de cereales,11043010
Agroalimentario,14,Cereales y productos de molinera,1411,Cereales,141121,Otros productos de cereales,11043090
Agroalimentario,14,Cereales y productos de molinera,1411,Cereales,141121,Otros productos de cereales,11061000
Agroalimentario,14,Cereales y productos de molinera,1411,Cereales,141121,Otros productos de cereales,11062010
Agroalimentario,14,Cereales y productos de molinera,1411,Cereales,141121,Otros productos de cereales,11062090
Agroalimentario,14,Cereales y productos de molinera,1411,Cereales,141121,Otros productos de cereales,11063010
Agroalimentario,14,Cereales y productos de molinera,1411,Cereales,141121,Otros productos de cereales,11063090
Agroalimentario,14,Cereales y productos de molinera,1411,Cereales,141121,Otros productos de cereales,11090000
Agroalimentario,15,Industrias alimentarias y piensos,1511,Industrias alimentarias,151111,Residuos de porductos alimentarios,23011000
Agroalimentario,15,Industrias alimentarias y piensos,1511,Industrias alimentarias,151111,Residuos de porductos alimentarios,23012000
Agroalimentario,15,Industrias alimentarias y piensos,1511,Industrias alimentarias,151111,Residuos de porductos alimentarios,23021010
Agroalimentario,15,Industrias alimentarias y piensos,1511,Industrias alimentarias,151111,Residuos de porductos alimentarios,23021090
Agroalimentario,15,Industrias alimentarias y piensos,1511,Industrias alimentarias,151111,Residuos de porductos alimentarios,23023010
Agroalimentario,15,Industrias alimentarias y piensos,1511,Industrias alimentarias,151111,Residuos de porductos alimentarios,23023090
Agroalimentario,15,Industrias alimentarias y piensos,1511,Industrias alimentarias,151111,Residuos de porductos alimentarios,23024002
Agroalimentario,15,Industrias alimentarias y piensos,1511,Industrias alimentarias,151111,Residuos de porductos alimentarios,23024008
Agroalimentario,15,Industrias alimentarias y piensos,1511,Industrias alimentarias,151111,Residuos de porductos alimentarios,23024010
Agroalimentario,15,Industrias alimentarias y piensos,1511,Industrias alimentarias,151111,Residuos de porductos alimentarios,23024090
Agroalimentario,15,Industrias alimentarias y piensos,1511,Industrias alimentarias,151111,Residuos de porductos alimentarios,23025000
Agroalimentario,15,Industrias alimentarias y piensos,1511,Industrias alimentarias,151111,Residuos de porductos alimentarios,23031011
Agroalimentario,15,Industrias alimentarias y piensos,1511,Industrias alimentarias,151111,Residuos de porductos alimentarios,23031019
Agroalimentario,15,Industrias alimentarias y piensos,1511,Industrias alimentarias,151111,Residuos de porductos alimentarios,23031090
Agroalimentario,15,Industrias alimentarias y piensos,1511,Industrias alimentarias,151111,Residuos de porductos alimentarios,23032010
Agroalimentario,15,Industrias alimentarias y piensos,1511,Industrias alimentarias,151111,Residuos de porductos alimentarios,23032090
Agroalimentario,15,Industrias alimentarias y piensos,1511,Industrias alimentarias,151111,Residuos de porductos alimentarios,23033000
Agroalimentario,15,Industrias alimentarias y piensos,1511,Industrias alimentarias,151111,Residuos de porductos alimentarios,23040000
Agroalimentario,15,Industrias alimentarias y piensos,1511,Industrias alimentarias,151111,Residuos de porductos alimentarios,23050000
Agroalimentario,15,Industrias alimentarias y piensos,1511,Industrias alimentarias,151111,Residuos de porductos alimentarios,23062000
Agroalimentario,15,Industrias alimentarias y piensos,1511,Industrias alimentarias,151111,Residuos de porductos alimentarios,23063000
Agroalimentario,15,Industrias alimentarias y piensos,1511,Industrias alimentarias,151111,Residuos de porductos alimentarios,23064100
Agroalimentario,15,Industrias alimentarias y piensos,1511,Industrias alimentarias,151111,Residuos de porductos alimentarios,23064900
Agroalimentario,15,Industrias alimentarias y piensos,1511,Industrias alimentarias,151111,Residuos de porductos alimentarios,23065000
Agroalimentario,15,Industrias alimentarias y piensos,1511,Industrias alimentarias,151111,Residuos de porductos alimentarios,23066000
Agroalimentario,15,Industrias alimentarias y piensos,1511,Industrias alimentarias,151111,Residuos de porductos alimentarios,23069005
Agroalimentario,15,Industrias alimentarias y piensos,1511,Industrias alimentarias,151111,Residuos de porductos alimentarios,23069011
Agroalimentario,15,Industrias alimentarias y piensos,1511,Industrias alimentarias,151111,Residuos de porductos alimentarios,23069019
Agroalimentario,15,Industrias alimentarias y piensos,1511,Industrias alimentarias,151111,Residuos de porductos alimentarios,23069090
Agroalimentario,15,Industrias alimentarias y piensos,1511,Industrias alimentarias,151111,Residuos de porductos alimentarios,23070011
Agroalimentario,15,Industrias alimentarias y piensos,1511,Industrias alimentarias,151111,Residuos de porductos alimentarios,23070019
Agroalimentario,15,Industrias alimentarias y piensos,1511,Industrias alimentarias,151111,Residuos de porductos alimentarios,23070090
Agroalimentario,15,Industrias alimentarias y piensos,1511,Industrias alimentarias,151111,Residuos de porductos alimentarios,23080011
Agroalimentario,15,Industrias alimentarias y piensos,1511,Industrias alimentarias,151111,Residuos de porductos alimentarios,23080019
Agroalimentario,15,Industrias alimentarias y piensos,1511,Industrias alimentarias,151111,Residuos de porductos alimentarios,23080040
Agroalimentario,15,Industrias alimentarias y piensos,1511,Industrias alimentarias,151111,Residuos de porductos alimentarios,23080090
Agroalimentario,15,Industrias alimentarias y piensos,1511,Industrias alimentarias,151112,Piensos,23091011
Agroalimentario,15,Industrias alimentarias y piensos,1511,Industrias alimentarias,151112,Piensos,23091013
Agroalimentario,15,Industrias alimentarias y piensos,1511,Industrias alimentarias,151112,Piensos,23091015
Agroalimentario,15,Industrias alimentarias y piensos,1511,Industrias alimentarias,151112,Piensos,23091019
Agroalimentario,15,Industrias alimentarias y piensos,1511,Industrias alimentarias,151112,Piensos,23091031
Agroalimentario,15,Industrias alimentarias y piensos,1511,Industrias alimentarias,151112,Piensos,23091033
Agroalimentario,15,Industrias alimentarias y piensos,1511,Industrias alimentarias,151112,Piensos,23091039
Agroalimentario,15,Industrias alimentarias y piensos,1511,Industrias alimentarias,151112,Piensos,23091051
Agroalimentario,15,Industrias alimentarias y piensos,1511,Industrias alimentarias,151112,Piensos,23091053
Agroalimentario,15,Industrias alimentarias y piensos,1511,Industrias alimentarias,151112,Piensos,23091059
Agroalimentario,15,Industrias alimentarias y piensos,1511,Industrias alimentarias,151112,Piensos,23091070
Agroalimentario,15,Industrias alimentarias y piensos,1511,Industrias alimentarias,151112,Piensos,23091090
Agroalimentario,15,Industrias alimentarias y piensos,1511,Industrias alimentarias,151112,Piensos,23099010
Agroalimentario,15,Industrias alimentarias y piensos,1511,Industrias alimentarias,151112,Piensos,23099020
Agroalimentario,15,Industrias alimentarias y piensos,1511,Industrias alimentarias,151112,Piensos,23099031
Agroalimentario,15,Industrias alimentarias y piensos,1511,Industrias alimentarias,151112,Piensos,23099033
Agroalimentario,15,Industrias alimentarias y piensos,1511,Industrias alimentarias,151112,Piensos,23099035
Agroalimentario,15,Industrias alimentarias y piensos,1511,Industrias alimentarias,151112,Piensos,23099039
Agroalimentario,15,Industrias alimentarias y piensos,1511,Industrias alimentarias,151112,Piensos,23099041
Agroalimentario,15,Industrias alimentarias y piensos,1511,Industrias alimentarias,151112,Piensos,23099043
Agroalimentario,15,Industrias alimentarias y piensos,1511,Industrias alimentarias,151112,Piensos,23099051
Agroalimentario,15,Industrias alimentarias y piensos,1511,Industrias alimentarias,151112,Piensos,23099053
Agroalimentario,15,Industrias alimentarias y piensos,1511,Industrias alimentarias,151112,Piensos,23099059
Agroalimentario,15,Industrias alimentarias y piensos,1511,Industrias alimentarias,151112,Piensos,23099070
Agroalimentario,15,Industrias alimentarias y piensos,1511,Industrias alimentarias,151112,Piensos,23099091
Agroalimentario,15,Industrias alimentarias y piensos,1511,Industrias alimentarias,151112,Piensos,23099096
Agroalimentario,16,Flores y plantas,1611,Flores y plantas,161111,Flores y plantas,06011010
Agroalimentario,16,Flores y plantas,1611,Flores y plantas,161111,Flores y plantas,06011020
Agroalimentario,16,Flores y plantas,1611,Flores y plantas,161111,Flores y plantas,06011030
Agroalimentario,16,Flores y plantas,1611,Flores y plantas,161111,Flores y plantas,06011040
Agroalimentario,16,Flores y plantas,1611,Flores y plantas,161111,Flores y plantas,06011090
Agroalimentario,16,Flores y plantas,1611,Flores y plantas,161111,Flores y plantas,06012010
Agroalimentario,16,Flores y plantas,1611,Flores y plantas,161111,Flores y plantas,06012030
Agroalimentario,16,Flores y plantas,1611,Flores y plantas,161111,Flores y plantas,06012090
Agroalimentario,16,Flores y plantas,1611,Flores y plantas,161111,Flores y plantas,06021010
Agroalimentario,16,Flores y plantas,1611,Flores y plantas,161111,Flores y plantas,06021090
Agroalimentario,16,Flores y plantas,1611,Flores y plantas,161111,Flores y plantas,06022010
Agroalimentario,16,Flores y plantas,1611,Flores y plantas,161111,Flores y plantas,06022020
Agroalimentario,16,Flores y plantas,1611,Flores y plantas,161111,Flores y plantas,06022030
Agroalimentario,16,Flores y plantas,1611,Flores y plantas,161111,Flores y plantas,06022080
Agroalimentario,16,Flores y plantas,1611,Flores y plantas,161111,Flores y plantas,06023000
Agroalimentario,16,Flores y plantas,1611,Flores y plantas,161111,Flores y plantas,06024000
Agroalimentario,16,Flores y plantas,1611,Flores y plantas,161111,Flores y plantas,06029010
Agroalimentario,16,Flores y plantas,1611,Flores y plantas,161111,Flores y plantas,06029020
Agroalimentario,16,Flores y plantas,1611,Flores y plantas,161111,Flores y plantas,06029030
Agroalimentario,16,Flores y plantas,1611,Flores y plantas,161111,Flores y plantas,06029041
Agroalimentario,16,Flores y plantas,1611,Flores y plantas,161111,Flores y plantas,06029045
Agroalimentario,16,Flores y plantas,1611,Flores y plantas,161111,Flores y plantas,06029046
Agroalimentario,16,Flores y plantas,1611,Flores y plantas,161111,Flores y plantas,06029047
Agroalimentario,16,Flores y plantas,1611,Flores y plantas,161111,Flores y plantas,06029048
Agroalimentario,16,Flores y plantas,1611,Flores y plantas,161111,Flores y plantas,06029050
Agroalimentario,16,Flores y plantas,1611,Flores y plantas,161111,Flores y plantas,06029070
Agroalimentario,16,Flores y plantas,1611,Flores y plantas,161111,Flores y plantas,06029091
Agroalimentario,16,Flores y plantas,1611,Flores y plantas,161111,Flores y plantas,06029099
Agroalimentario,16,Flores y plantas,1611,Flores y plantas,161111,Flores y plantas,06031100
Agroalimentario,16,Flores y plantas,1611,Flores y plantas,161111,Flores y plantas,06031200
Agroalimentario,16,Flores y plantas,1611,Flores y plantas,161111,Flores y plantas,06031300
Agroalimentario,16,Flores y plantas,1611,Flores y plantas,161111,Flores y plantas,06031400
Agroalimentario,16,Flores y plantas,1611,Flores y plantas,161111,Flores y plantas,06031500
Agroalimentario,16,Flores y plantas,1611,Flores y plantas,161111,Flores y plantas,06031910
Agroalimentario,16,Flores y plantas,1611,Flores y plantas,161111,Flores y plantas,06031920
Agroalimentario,16,Flores y plantas,1611,Flores y plantas,161111,Flores y plantas,06031970
Agroalimentario,16,Flores y plantas,1611,Flores y plantas,161111,Flores y plantas,06039000
Agroalimentario,16,Flores y plantas,1611,Flores y plantas,161111,Flores y plantas,06042011
Agroalimentario,16,Flores y plantas,1611,Flores y plantas,161111,Flores y plantas,06042019
Agroalimentario,16,Flores y plantas,1611,Flores y plantas,161111,Flores y plantas,06042020
Agroalimentario,16,Flores y plantas,1611,Flores y plantas,161111,Flores y plantas,06042040
Agroalimentario,16,Flores y plantas,1611,Flores y plantas,161111,Flores y plantas,06042090
Agroalimentario,16,Flores y plantas,1611,Flores y plantas,161111,Flores y plantas,06049011
Agroalimentario,16,Flores y plantas,1611,Flores y plantas,161111,Flores y plantas,06049019
Agroalimentario,16,Flores y plantas,1611,Flores y plantas,161111,Flores y plantas,06049091
Agroalimentario,16,Flores y plantas,1611,Flores y plantas,161111,Flores y plantas,06049099
Agroalimentario,17,Hortalizas y legumbres,1711,Hortalizas y legumbres,171111,Tomate,07020010
Agroalimentario,17,Hortalizas y legumbres,1711,Hortalizas y legumbres,171112,Pimiento,07096010
Agroalimentario,17,Hortalizas y legumbres,1711,Hortalizas y legumbres,171112,Pimiento,07096091
Agroalimentario,17,Hortalizas y legumbres,1711,Hortalizas y legumbres,171112,Pimiento,07096095
Agroalimentario,17,Hortalizas y legumbres,1711,Hortalizas y legumbres,171112,Pimiento,07096099
Agroalimentario,17,Hortalizas y legumbres,1711,Hortalizas y legumbres,171113,Pepino,07070005
Agroalimentario,17,Hortalizas y legumbres,1711,Hortalizas y legumbres,171113,Pepino,07070090
Agroalimentario,17,Hortalizas y legumbres,1711,Hortalizas y legumbres,171114,Lechuga,07051100
Agroalimentario,17,Hortalizas y legumbres,1711,Hortalizas y legumbres,171114,Lechuga,07051900
Agroalimentario,17,Hortalizas y legumbres,1711,Hortalizas y legumbres,171114,Lechuga,07052100
Agroalimentario,17,Hortalizas y legumbres,1711,Hortalizas y legumbres,171114,Lechuga,07052900
Agroalimentario,17,Hortalizas y legumbres,1711,Hortalizas y legumbres,171115,Patata,07011000
Agroalimentario,17,Hortalizas y legumbres,1711,Hortalizas y legumbres,171115,Patata,07019010
Agroalimentario,17,Hortalizas y legumbres,1711,Hortalizas y legumbres,171115,Patata,07019050
Agroalimentario,17,Hortalizas y legumbres,1711,Hortalizas y legumbres,171115,Patata,07019090
Agroalimentario,17,Hortalizas y legumbres,1711,Hortalizas y legumbres,171116,Cebolla,07031011
Agroalimentario,17,Hortalizas y legumbres,1711,Hortalizas y legumbres,171116,Cebolla,07031019
Agroalimentario,17,Hortalizas y legumbres,1711,Hortalizas y legumbres,171116,Cebolla,07031090
Agroalimentario,17,Hortalizas y legumbres,1711,Hortalizas y legumbres,171117,Ajos,07032000
Agroalimentario,17,Hortalizas y legumbres,1711,Hortalizas y legumbres,171118,Zanahoria,07061000
Agroalimentario,17,Hortalizas y legumbres,1711,Hortalizas y legumbres,171119,Las demas hortalizas frescas,07039000
Agroalimentario,17,Hortalizas y legumbres,1711,Hortalizas y legumbres,171119,Las demas hortalizas frescas,07041010
Agroalimentario,17,Hortalizas y legumbres,1711,Hortalizas y legumbres,171119,Las demas hortalizas frescas,07041090
Agroalimentario,17,Hortalizas y legumbres,1711,Hortalizas y legumbres,171119,Las demas hortalizas frescas,07042000
Agroalimentario,17,Hortalizas y legumbres,1711,Hortalizas y legumbres,171119,Las demas hortalizas frescas,07049010
Agroalimentario,17,Hortalizas y legumbres,1711,Hortalizas y legumbres,171119,Las demas hortalizas frescas,07049090
Agroalimentario,17,Hortalizas y legumbres,1711,Hortalizas y legumbres,171119,Las demas hortalizas frescas,07069010
Agroalimentario,17,Hortalizas y legumbres,1711,Hortalizas y legumbres,171119,Las demas hortalizas frescas,07069030
Agroalimentario,17,Hortalizas y legumbres,1711,Hortalizas y legumbres,171119,Las demas hortalizas frescas,07069090
Agroalimentario,17,Hortalizas y legumbres,1711,Hortalizas y legumbres,171119,Las demas hortalizas frescas,07081000
Agroalimentario,17,Hortalizas y legumbres,1711,Hortalizas y legumbres,171119,Las demas hortalizas frescas,07082000
Agroalimentario,17,Hortalizas y legumbres,1711,Hortalizas y legumbres,171119,Las demas hortalizas frescas,07089000
Agroalimentario,17,Hortalizas y legumbres,1711,Hortalizas y legumbres,171119,Las demas hortalizas frescas,07092000
Agroalimentario,17,Hortalizas y legumbres,1711,Hortalizas y legumbres,171119,Las demas hortalizas frescas,07093000
Agroalimentario,17,Hortalizas y legumbres,1711,Hortalizas y legumbres,171119,Las demas hortalizas frescas,07094000
Agroalimentario,17,Hortalizas y legumbres,1711,Hortalizas y legumbres,171119,Las demas hortalizas frescas,07095100
Agroalimentario,17,Hortalizas y legumbres,1711,Hortalizas y legumbres,171119,Las demas hortalizas frescas,07095200
Agroalimentario,17,Hortalizas y legumbres,1711,Hortalizas y legumbres,171119,Las demas hortalizas frescas,07095300
Agroalimentario,17,Hortalizas y legumbres,1711,Hortalizas y legumbres,171119,Las demas hortalizas frescas,07095400
Agroalimentario,17,Hortalizas y legumbres,1711,Hortalizas y legumbres,171119,Las demas hortalizas frescas,07095500
Agroalimentario,17,Hortalizas y legumbres,1711,Hortalizas y legumbres,171119,Las demas hortalizas frescas,07095600
Agroalimentario,17,Hortalizas y legumbres,1711,Hortalizas y legumbres,171119,Las demas hortalizas frescas,07095900
Agroalimentario,17,Hortalizas y legumbres,1711,Hortalizas y legumbres,171119,Las demas hortalizas frescas,07097000
Agroalimentario,17,Hortalizas y legumbres,1711,Hortalizas y legumbres,171119,Las demas hortalizas frescas,07099100
Agroalimentario,17,Hortalizas y legumbres,1711,Hortalizas y legumbres,171119,Las demas hortalizas frescas,07099210
Agroalimentario,17,Hortalizas y legumbres,1711,Hortalizas y legumbres,171119,Las demas hortalizas frescas,07099290
Agroalimentario,17,Hortalizas y legumbres,1711,Hortalizas y legumbres,171119,Las demas hortalizas frescas,07099310
Agroalimentario,17,Hortalizas y legumbres,1711,Hortalizas y legumbres,171119,Las demas hortalizas frescas,07099390
Agroalimentario,17,Hortalizas y legumbres,1711,Hortalizas y legumbres,171119,Las demas hortalizas frescas,07099910
Agroalimentario,17,Hortalizas y legumbres,1711,Hortalizas y legumbres,171119,Las demas hortalizas frescas,07099920
Agroalimentario,17,Hortalizas y legumbres,1711,Hortalizas y legumbres,171119,Las demas hortalizas frescas,07099940
Agroalimentario,17,Hortalizas y legumbres,1711,Hortalizas y legumbres,171119,Las demas hortalizas frescas,07099950
Agroalimentario,17,Hortalizas y legumbres,1711,Hortalizas y legumbres,171119,Las demas hortalizas frescas,07099960
Agroalimentario,17,Hortalizas y legumbres,1711,Hortalizas y legumbres,171119,Las demas hortalizas frescas,07099990
Agroalimentario,17,Hortalizas y legumbres,1711,Hortalizas y legumbres,171120,Hortalizas congeladas,07101000
Agroalimentario,17,Hortalizas y legumbres,1711,Hortalizas y legumbres,171120,Hortalizas congeladas,07102100
Agroalimentario,17,Hortalizas y legumbres,1711,Hortalizas y legumbres,171120,Hortalizas congeladas,07102200
Agroalimentario,17,Hortalizas y legumbres,1711,Hortalizas y legumbres,171120,Hortalizas congeladas,07102900
Agroalimentario,17,Hortalizas y legumbres,1711,Hortalizas y legumbres,171120,Hortalizas congeladas,07103000
Agroalimentario,17,Hortalizas y legumbres,1711,Hortalizas y legumbres,171120,Hortalizas congeladas,07104000
Agroalimentario,17,Hortalizas y legumbres,1711,Hortalizas y legumbres,171120,Hortalizas congeladas,07108010
Agroalimentario,17,Hortalizas y legumbres,1711,Hortalizas y legumbres,171120,Hortalizas congeladas,07108051
Agroalimentario,17,Hortalizas y legumbres,1711,Hortalizas y legumbres,171120,Hortalizas congeladas,07108059
Agroalimentario,17,Hortalizas y legumbres,1711,Hortalizas y legumbres,171120,Hortalizas congeladas,07108061
Agroalimentario,17,Hortalizas y legumbres,1711,Hortalizas y legumbres,171120,Hortalizas congeladas,07108069
Agroalimentario,17,Hortalizas y legumbres,1711,Hortalizas y legumbres,171120,Hortalizas congeladas,07108070
Agroalimentario,17,Hortalizas y legumbres,1711,Hortalizas y legumbres,171120,Hortalizas congeladas,07108080
Agroalimentario,17,Hortalizas y legumbres,1711,Hortalizas y legumbres,171120,Hortalizas congeladas,07108085
Agroalimentario,17,Hortalizas y legumbres,1711,Hortalizas y legumbres,171120,Hortalizas congeladas,07108095
Agroalimentario,17,Hortalizas y legumbres,1711,Hortalizas y legumbres,171120,Hortalizas congeladas,07109000
Agroalimentario,17,Hortalizas y legumbres,1711,Hortalizas y legumbres,171121,Hortalizas conservadas o secas,07112010
Agroalimentario,17,Hortalizas y legumbres,1711,Hortalizas y legumbres,171121,Hortalizas conservadas o secas,07112090
Agroalimentario,17,Hortalizas y legumbres,1711,Hortalizas y legumbres,171121,Hortalizas conservadas o secas,07114000
Agroalimentario,17,Hortalizas y legumbres,1711,Hortalizas y legumbres,171121,Hortalizas conservadas o secas,07115100
Agroalimentario,17,Hortalizas y legumbres,1711,Hortalizas y legumbres,171121,Hortalizas conservadas o secas,07115900
Agroalimentario,17,Hortalizas y legumbres,1711,Hortalizas y legumbres,171121,Hortalizas conservadas o secas,07119010
Agroalimentario,17,Hortalizas y legumbres,1711,Hortalizas y legumbres,171121,Hortalizas conservadas o secas,07119030
Agroalimentario,17,Hortalizas y legumbres,1711,Hortalizas y legumbres,171121,Hortalizas conservadas o secas,07119050
Agroalimentario,17,Hortalizas y legumbres,1711,Hortalizas y legumbres,171121,Hortalizas conservadas o secas,07119070
Agroalimentario,17,Hortalizas y legumbres,1711,Hortalizas y legumbres,171121,Hortalizas conservadas o secas,07119080
Agroalimentario,17,Hortalizas y legumbres,1711,Hortalizas y legumbres,171121,Hortalizas conservadas o secas,07119090
Agroalimentario,17,Hortalizas y legumbres,1711,Hortalizas y legumbres,171121,Hortalizas conservadas o secas,07122000
Agroalimentario,17,Hortalizas y legumbres,1711,Hortalizas y legumbres,171121,Hortalizas conservadas o secas,07123100
Agroalimentario,17,Hortalizas y legumbres,1711,Hortalizas y legumbres,171121,Hortalizas conservadas o secas,07123200
Agroalimentario,17,Hortalizas y legumbres,1711,Hortalizas y legumbres,171121,Hortalizas conservadas o secas,07123300
Agroalimentario,17,Hortalizas y legumbres,1711,Hortalizas y legumbres,171121,Hortalizas conservadas o secas,07123400
Agroalimentario,17,Hortalizas y legumbres,1711,Hortalizas y legumbres,171121,Hortalizas conservadas o secas,07123900
Agroalimentario,17,Hortalizas y legumbres,1711,Hortalizas y legumbres,171121,Hortalizas conservadas o secas,07129005
Agroalimentario,17,Hortalizas y legumbres,1711,Hortalizas y legumbres,171121,Hortalizas conservadas o secas,07129011
Agroalimentario,17,Hortalizas y legumbres,1711,Hortalizas y legumbres,171121,Hortalizas conservadas o secas,07129019
Agroalimentario,17,Hortalizas y legumbres,1711,Hortalizas y legumbres,171121,Hortalizas conservadas o secas,07129030
Agroalimentario,17,Hortalizas y legumbres,1711,Hortalizas y legumbres,171121,Hortalizas conservadas o secas,07129050
Agroalimentario,17,Hortalizas y legumbres,1711,Hortalizas y legumbres,171121,Hortalizas conservadas o secas,07129090
Agroalimentario,17,Hortalizas y legumbres,1711,Hortalizas y legumbres,171122,Legumbres,07131010
Agroalimentario,17,Hortalizas y legumbres,1711,Hortalizas y legumbres,171122,Legumbres,07131090
Agroalimentario,17,Hortalizas y legumbres,1711,Hortalizas y legumbres,171122,Legumbres,07132000
Agroalimentario,17,Hortalizas y legumbres,1711,Hortalizas y legumbres,171122,Legumbres,07133100
Agroalimentario,17,Hortalizas y legumbres,1711,Hortalizas y legumbres,171122,Legumbres,07133200
Agroalimentario,17,Hortalizas y legumbres,1711,Hortalizas y legumbres,171122,Legumbres,07133310
Agroalimentario,17,Hortalizas y legumbres,1711,Hortalizas y legumbres,171122,Legumbres,07133390
Agroalimentario,17,Hortalizas y legumbres,1711,Hortalizas y legumbres,171122,Legumbres,07133400
Agroalimentario,17,Hortalizas y legumbres,1711,Hortalizas y legumbres,171122,Legumbres,07133500
Agroalimentario,17,Hortalizas y legumbres,1711,Hortalizas y legumbres,171122,Legumbres,07133900
Agroalimentario,17,Hortalizas y legumbres,1711,Hortalizas y legumbres,171122,Legumbres,07134000
Agroalimentario,17,Hortalizas y legumbres,1711,Hortalizas y legumbres,171122,Legumbres,07135000
Agroalimentario,17,Hortalizas y legumbres,1711,Hortalizas y legumbres,171122,Legumbres,07136000
Agroalimentario,17,Hortalizas y legumbres,1711,Hortalizas y legumbres,171122,Legumbres,07139000
Agroalimentario,18,Frutas,1811,Frutas,181111,Cítricos,08051022
Agroalimentario,18,Frutas,1811,Frutas,181111,Cítricos,08051024
Agroalimentario,18,Frutas,1811,Frutas,181111,Cítricos,08051028
Agroalimentario,18,Frutas,1811,Frutas,181111,Cítricos,08051080
Agroalimentario,18,Frutas,1811,Frutas,181111,Cítricos,08052110
Agroalimentario,18,Frutas,1811,Frutas,181111,Cítricos,08052190
Agroalimentario,18,Frutas,1811,Frutas,181111,Cítricos,08052200
Agroalimentario,18,Frutas,1811,Frutas,181111,Cítricos,08052900
Agroalimentario,18,Frutas,1811,Frutas,181111,Cítricos,08054000
Agroalimentario,18,Frutas,1811,Frutas,181111,Cítricos,08055010
Agroalimentario,18,Frutas,1811,Frutas,181111,Cítricos,08055090
Agroalimentario,18,Frutas,1811,Frutas,181111,Cítricos,08059000
Agroalimentario,18,Frutas,1811,Frutas,181112,Melones y sandías,08071100
Agroalimentario,18,Frutas,1811,Frutas,181112,Melones y sandías,08071900
Agroalimentario,18,Frutas,1811,Frutas,181113,Melocotón y nectarina,08093020
Agroalimentario,18,Frutas,1811,Frutas,181113,Melocotón y nectarina,08093030
Agroalimentario,18,Frutas,1811,Frutas,181113,Melocotón y nectarina,08093080
Agroalimentario,18,Frutas,1811,Frutas,181114,Fresas,08101000
Agroalimentario,18,Frutas,1811,Frutas,181115,Los demás frutos rojos,08102010
Agroalimentario,18,Frutas,1811,Frutas,181115,Los demás frutos rojos,08102090
Agroalimentario,18,Frutas,1811,Frutas,181115,Los demás frutos rojos,08103010
Agroalimentario,18,Frutas,1811,Frutas,181115,Los demás frutos rojos,08103030
Agroalimentario,18,Frutas,1811,Frutas,181115,Los demás frutos rojos,08103090
Agroalimentario,18,Frutas,1811,Frutas,181115,Los demás frutos rojos,08104010
Agroalimentario,18,Frutas,1811,Frutas,181115,Los demás frutos rojos,08104030
Agroalimentario,18,Frutas,1811,Frutas,181115,Los demás frutos rojos,08104050
Agroalimentario,18,Frutas,1811,Frutas,181115,Los demás frutos rojos,08104090
Agroalimentario,18,Frutas,1811,Frutas,181116,Caquis,08107000
Agroalimentario,18,Frutas,1811,Frutas,181117,"Manzanas, peras y membrillos",08081010
Agroalimentario,18,Frutas,1811,Frutas,181117,"Manzanas, peras y membrillos",08081080
Agroalimentario,18,Frutas,1811,Frutas,181117,"Manzanas, peras y membrillos",08083010
Agroalimentario,18,Frutas,1811,Frutas,181117,"Manzanas, peras y membrillos",08083090
Agroalimentario,18,Frutas,1811,Frutas,181117,"Manzanas, peras y membrillos",08084000
Agroalimentario,18,Frutas,1811,Frutas,181118,Plátano,08031010
Agroalimentario,18,Frutas,1811,Frutas,181118,Plátano,08031090
Agroalimentario,18,Frutas,1811,Frutas,181118,Plátano,08039011
Agroalimentario,18,Frutas,1811,Frutas,181118,Plátano,08039019
Agroalimentario,18,Frutas,1811,Frutas,181118,Plátano,08039090
Agroalimentario,18,Frutas,1811,Frutas,181119,Almendras y avellanas,08021110
Agroalimentario,18,Frutas,1811,Frutas,181119,Almendras y avellanas,08021190
Agroalimentario,18,Frutas,1811,Frutas,181119,Almendras y avellanas,08021210
Agroalimentario,18,Frutas,1811,Frutas,181119,Almendras y avellanas,08021290
Agroalimentario,18,Frutas,1811,Frutas,181119,Almendras y avellanas,08022100
Agroalimentario,18,Frutas,1811,Frutas,181119,Almendras y avellanas,08022200
Agroalimentario,18,Frutas,1811,Frutas,181120,Uva,08061010
Agroalimentario,18,Frutas,1811,Frutas,181120,Uva,08061090
Agroalimentario,18,Frutas,1811,Frutas,181121,Las demás frutas frescas y desecadas y demás fr,08011100
Agroalimentario,18,Frutas,1811,Frutas,181121,Las demás frutas frescas y desecadas y demás fr,08011200
Agroalimentario,18,Frutas,1811,Frutas,181121,Las demás frutas frescas y desecadas y demás fr,08011900
Agroalimentario,18,Frutas,1811,Frutas,181121,Las demás frutas frescas y desecadas y demás fr,08012100
Agroalimentario,18,Frutas,1811,Frutas,181121,Las demás frutas frescas y desecadas y demás fr,08012200
Agroalimentario,18,Frutas,1811,Frutas,181121,Las demás frutas frescas y desecadas y demás fr,08013100
Agroalimentario,18,Frutas,1811,Frutas,181121,Las demás frutas frescas y desecadas y demás fr,08013200
Agroalimentario,18,Frutas,1811,Frutas,181121,Las demás frutas frescas y desecadas y demás fr,08023100
Agroalimentario,18,Frutas,1811,Frutas,181121,Las demás frutas frescas y desecadas y demás fr,08023200
Agroalimentario,18,Frutas,1811,Frutas,181121,Las demás frutas frescas y desecadas y demás fr,08024100
Agroalimentario,18,Frutas,1811,Frutas,181121,Las demás frutas frescas y desecadas y demás fr,08024200
Agroalimentario,18,Frutas,1811,Frutas,181121,Las demás frutas frescas y desecadas y demás fr,08025100
Agroalimentario,18,Frutas,1811,Frutas,181121,Las demás frutas frescas y desecadas y demás fr,08025200
Agroalimentario,18,Frutas,1811,Frutas,181121,Las demás frutas frescas y desecadas y demás fr,08026100
Agroalimentario,18,Frutas,1811,Frutas,181121,Las demás frutas frescas y desecadas y demás fr,08026200
Agroalimentario,18,Frutas,1811,Frutas,181121,Las demás frutas frescas y desecadas y demás fr,08027000
Agroalimentario,18,Frutas,1811,Frutas,181121,Las demás frutas frescas y desecadas y demás fr,08028000
Agroalimentario,18,Frutas,1811,Frutas,181121,Las demás frutas frescas y desecadas y demás fr,08029100
Agroalimentario,18,Frutas,1811,Frutas,181121,Las demás frutas frescas y desecadas y demás fr,08029200
Agroalimentario,18,Frutas,1811,Frutas,181121,Las demás frutas frescas y desecadas y demás fr,08029910
Agroalimentario,18,Frutas,1811,Frutas,181121,Las demás frutas frescas y desecadas y demás fr,08029990
Agroalimentario,18,Frutas,1811,Frutas,181121,Las demás frutas frescas y desecadas y demás fr,08041000
Agroalimentario,18,Frutas,1811,Frutas,181121,Las demás frutas frescas y desecadas y demás fr,08042010
Agroalimentario,18,Frutas,1811,Frutas,181121,Las demás frutas frescas y desecadas y demás fr,08042090
Agroalimentario,18,Frutas,1811,Frutas,181121,Las demás frutas frescas y desecadas y demás fr,08043000
Agroalimentario,18,Frutas,1811,Frutas,181121,Las demás frutas frescas y desecadas y demás fr,08044000
Agroalimentario,18,Frutas,1811,Frutas,181121,Las demás frutas frescas y desecadas y demás fr,08045000
Agroalimentario,18,Frutas,1811,Frutas,181121,Las demás frutas frescas y desecadas y demás fr,08062010
Agroalimentario,18,Frutas,1811,Frutas,181121,Las demás frutas frescas y desecadas y demás fr,08062030
Agroalimentario,18,Frutas,1811,Frutas,181121,Las demás frutas frescas y desecadas y demás fr,08062090
Agroalimentario,18,Frutas,1811,Frutas,181121,Las demás frutas frescas y desecadas y demás fr,08072000
Agroalimentario,18,Frutas,1811,Frutas,181121,Las demás frutas frescas y desecadas y demás fr,08091000
Agroalimentario,18,Frutas,1811,Frutas,181121,Las demás frutas frescas y desecadas y demás fr,08092100
Agroalimentario,18,Frutas,1811,Frutas,181121,Las demás frutas frescas y desecadas y demás fr,08092900
Agroalimentario,18,Frutas,1811,Frutas,181121,Las demás frutas frescas y desecadas y demás fr,08094005
Agroalimentario,18,Frutas,1811,Frutas,181121,Las demás frutas frescas y desecadas y demás fr,08094090
Agroalimentario,18,Frutas,1811,Frutas,181121,Las demás frutas frescas y desecadas y demás fr,08105000
Agroalimentario,18,Frutas,1811,Frutas,181121,Las demás frutas frescas y desecadas y demás fr,08106000
Agroalimentario,18,Frutas,1811,Frutas,181121,Las demás frutas frescas y desecadas y demás fr,08109020
Agroalimentario,18,Frutas,1811,Frutas,181121,Las demás frutas frescas y desecadas y demás fr,08109075
Agroalimentario,18,Frutas,1811,Frutas,181121,Las demás frutas frescas y desecadas y demás fr,08131000
Agroalimentario,18,Frutas,1811,Frutas,181121,Las demás frutas frescas y desecadas y demás fr,08132000
Agroalimentario,18,Frutas,1811,Frutas,181121,Las demás frutas frescas y desecadas y demás fr,08133000
Agroalimentario,18,Frutas,1811,Frutas,181121,Las demás frutas frescas y desecadas y demás fr,08134010
Agroalimentario,18,Frutas,1811,Frutas,181121,Las demás frutas frescas y desecadas y demás fr,08134030
Agroalimentario,18,Frutas,1811,Frutas,181121,Las demás frutas frescas y desecadas y demás fr,08134050
Agroalimentario,18,Frutas,1811,Frutas,181121,Las demás frutas frescas y desecadas y demás fr,08134065
Agroalimentario,18,Frutas,1811,Frutas,181121,Las demás frutas frescas y desecadas y demás fr,08134095
Agroalimentario,18,Frutas,1811,Frutas,181121,Las demás frutas frescas y desecadas y demás fr,08135012
Agroalimentario,18,Frutas,1811,Frutas,181121,Las demás frutas frescas y desecadas y demás fr,08135015
Agroalimentario,18,Frutas,1811,Frutas,181121,Las demás frutas frescas y desecadas y demás fr,08135019
Agroalimentario,18,Frutas,1811,Frutas,181121,Las demás frutas frescas y desecadas y demás fr,08135031
Agroalimentario,18,Frutas,1811,Frutas,181121,Las demás frutas frescas y desecadas y demás fr,08135039
Agroalimentario,18,Frutas,1811,Frutas,181121,Las demás frutas frescas y desecadas y demás fr,08135091
Agroalimentario,18,Frutas,1811,Frutas,181121,Las demás frutas frescas y desecadas y demás fr,08135099
Agroalimentario,18,Frutas,1811,Frutas,181122,Frutas congeladas,08111011
Agroalimentario,18,Frutas,1811,Frutas,181122,Frutas congeladas,08111019
Agroalimentario,18,Frutas,1811,Frutas,181122,Frutas congeladas,08111090
Agroalimentario,18,Frutas,1811,Frutas,181122,Frutas congeladas,08112011
Agroalimentario,18,Frutas,1811,Frutas,181122,Frutas congeladas,08112019
Agroalimentario,18,Frutas,1811,Frutas,181122,Frutas congeladas,08112031
Agroalimentario,18,Frutas,1811,Frutas,181122,Frutas congeladas,08112039
Agroalimentario,18,Frutas,1811,Frutas,181122,Frutas congeladas,08112051
Agroalimentario,18,Frutas,1811,Frutas,181122,Frutas congeladas,08112059
Agroalimentario,18,Frutas,1811,Frutas,181122,Frutas congeladas,08112090
Agroalimentario,18,Frutas,1811,Frutas,181122,Frutas congeladas,08119011
Agroalimentario,18,Frutas,1811,Frutas,181122,Frutas congeladas,08119019
Agroalimentario,18,Frutas,1811,Frutas,181122,Frutas congeladas,08119031
Agroalimentario,18,Frutas,1811,Frutas,181122,Frutas congeladas,08119039
Agroalimentario,18,Frutas,1811,Frutas,181122,Frutas congeladas,08119050
Agroalimentario,18,Frutas,1811,Frutas,181122,Frutas congeladas,08119070
Agroalimentario,18,Frutas,1811,Frutas,181122,Frutas congeladas,08119075
Agroalimentario,18,Frutas,1811,Frutas,181122,Frutas congeladas,08119080
Agroalimentario,18,Frutas,1811,Frutas,181122,Frutas congeladas,08119085
Agroalimentario,18,Frutas,1811,Frutas,181122,Frutas congeladas,08119095
Agroalimentario,18,Frutas,1811,Frutas,181123,Frutas conservadas provisionalmente y cortezas,08121000
Agroalimentario,18,Frutas,1811,Frutas,181123,Frutas conservadas provisionalmente y cortezas,08129025
Agroalimentario,18,Frutas,1811,Frutas,181123,Frutas conservadas provisionalmente y cortezas,08129030
Agroalimentario,18,Frutas,1811,Frutas,181123,Frutas conservadas provisionalmente y cortezas,08129040
Agroalimentario,18,Frutas,1811,Frutas,181123,Frutas conservadas provisionalmente y cortezas,08129070
Agroalimentario,18,Frutas,1811,Frutas,181123,Frutas conservadas provisionalmente y cortezas,08129098
Agroalimentario,18,Frutas,1811,Frutas,181123,Frutas conservadas provisionalmente y cortezas,08140000
Agroalimentario,19,Conservas vegetales,1911,Conservas vegetales,191111,Tomate,20021011
Agroalimentario,19,Conservas vegetales,1911,Conservas vegetales,191111,Tomate,20021019
Agroalimentario,19,Conservas vegetales,1911,Conservas vegetales,191111,Tomate,20021090
Agroalimentario,19,Conservas vegetales,1911,Conservas vegetales,191111,Tomate,20029011
Agroalimentario,19,Conservas vegetales,1911,Conservas vegetales,191111,Tomate,20029019
Agroalimentario,19,Conservas vegetales,1911,Conservas vegetales,191111,Tomate,20029020
Agroalimentario,19,Conservas vegetales,1911,Conservas vegetales,191111,Tomate,20029041
Agroalimentario,19,Conservas vegetales,1911,Conservas vegetales,191111,Tomate,20029049
Agroalimentario,19,Conservas vegetales,1911,Conservas vegetales,191111,Tomate,20029080
Agroalimentario,19,Conservas vegetales,1911,Conservas vegetales,191112,Aceituna,20057000
Agroalimentario,19,Conservas vegetales,1911,Conservas vegetales,191113,Esparragos,20056000
Agroalimentario,19,Conservas vegetales,1911,Conservas vegetales,191114,Las demás hortalizas,20011000
Agroalimentario,19,Conservas vegetales,1911,Conservas vegetales,191114,Las demás hortalizas,20019010
Agroalimentario,19,Conservas vegetales,1911,Conservas vegetales,191114,Las demás hortalizas,20019020
Agroalimentario,19,Conservas vegetales,1911,Conservas vegetales,191114,Las demás hortalizas,20019030
Agroalimentario,19,Conservas vegetales,1911,Conservas vegetales,191114,Las demás hortalizas,20019040
Agroalimentario,19,Conservas vegetales,1911,Conservas vegetales,191114,Las demás hortalizas,20019050
Agroalimentario,19,Conservas vegetales,1911,Conservas vegetales,191114,Las demás hortalizas,20019065
Agroalimentario,19,Conservas vegetales,1911,Conservas vegetales,191114,Las demás hortalizas,20019070
Agroalimentario,19,Conservas vegetales,1911,Conservas vegetales,191114,Las demás hortalizas,20019092
Agroalimentario,19,Conservas vegetales,1911,Conservas vegetales,191114,Las demás hortalizas,20019097
Agroalimentario,19,Conservas vegetales,1911,Conservas vegetales,191114,Las demás hortalizas,20031020
Agroalimentario,19,Conservas vegetales,1911,Conservas vegetales,191114,Las demás hortalizas,20031030
Agroalimentario,19,Conservas vegetales,1911,Conservas vegetales,191114,Las demás hortalizas,20039010
Agroalimentario,19,Conservas vegetales,1911,Conservas vegetales,191114,Las demás hortalizas,20039090
Agroalimentario,19,Conservas vegetales,1911,Conservas vegetales,191114,Las demás hortalizas,20041010
Agroalimentario,19,Conservas vegetales,1911,Conservas vegetales,191114,Las demás hortalizas,20041091
Agroalimentario,19,Conservas vegetales,1911,Conservas vegetales,191114,Las demás hortalizas,20041099
Agroalimentario,19,Conservas vegetales,1911,Conservas vegetales,191114,Las demás hortalizas,20049010
Agroalimentario,19,Conservas vegetales,1911,Conservas vegetales,191114,Las demás hortalizas,20049030
Agroalimentario,19,Conservas vegetales,1911,Conservas vegetales,191114,Las demás hortalizas,20049050
Agroalimentario,19,Conservas vegetales,1911,Conservas vegetales,191114,Las demás hortalizas,20049091
Agroalimentario,19,Conservas vegetales,1911,Conservas vegetales,191114,Las demás hortalizas,20049098
Agroalimentario,19,Conservas vegetales,1911,Conservas vegetales,191114,Las demás hortalizas,20051000
Agroalimentario,19,Conservas vegetales,1911,Conservas vegetales,191114,Las demás hortalizas,20052010
Agroalimentario,19,Conservas vegetales,1911,Conservas vegetales,191114,Las demás hortalizas,20052020
Agroalimentario,19,Conservas vegetales,1911,Conservas vegetales,191114,Las demás hortalizas,20052080
Agroalimentario,19,Conservas vegetales,1911,Conservas vegetales,191114,Las demás hortalizas,20054000
Agroalimentario,19,Conservas vegetales,1911,Conservas vegetales,191114,Las demás hortalizas,20055100
Agroalimentario,19,Conservas vegetales,1911,Conservas vegetales,191114,Las demás hortalizas,20055900
Agroalimentario,19,Conservas vegetales,1911,Conservas vegetales,191114,Las demás hortalizas,20058000
Agroalimentario,19,Conservas vegetales,1911,Conservas vegetales,191114,Las demás hortalizas,20059100
Agroalimentario,19,Conservas vegetales,1911,Conservas vegetales,191114,Las demás hortalizas,20059910
Agroalimentario,19,Conservas vegetales,1911,Conservas vegetales,191114,Las demás hortalizas,20059920
Agroalimentario,19,Conservas vegetales,1911,Conservas vegetales,191114,Las demás hortalizas,20059930
Agroalimentario,19,Conservas vegetales,1911,Conservas vegetales,191114,Las demás hortalizas,20059950
Agroalimentario,19,Conservas vegetales,1911,Conservas vegetales,191114,Las demás hortalizas,20059960
Agroalimentario,19,Conservas vegetales,1911,Conservas vegetales,191114,Las demás hortalizas,20059980
Agroalimentario,19,Conservas vegetales,1911,Conservas vegetales,191114,Las demás hortalizas,20089100
Agroalimentario,19,Conservas vegetales,1911,Conservas vegetales,191114,Las demás hortalizas,20089399
Agroalimentario,19,Conservas vegetales,1911,Conservas vegetales,191114,Las demás hortalizas,20089911
Agroalimentario,19,Conservas vegetales,1911,Conservas vegetales,191114,Las demás hortalizas,20089919
Agroalimentario,19,Conservas vegetales,1911,Conservas vegetales,191114,Las demás hortalizas,20089941
Agroalimentario,19,Conservas vegetales,1911,Conservas vegetales,191114,Las demás hortalizas,20089951
Agroalimentario,19,Conservas vegetales,1911,Conservas vegetales,191114,Las demás hortalizas,20089985
Agroalimentario,19,Conservas vegetales,1911,Conservas vegetales,191114,Las demás hortalizas,20089991
Agroalimentario,19,Conservas vegetales,1911,Conservas vegetales,191114,Las demás hortalizas,20089999
Agroalimentario,19,Conservas vegetales,1911,Conservas vegetales,191115,Zumos,20091111
Agroalimentario,19,Conservas vegetales,1911,Conservas vegetales,191115,Zumos,20091119
Agroalimentario,19,Conservas vegetales,1911,Conservas vegetales,191115,Zumos,20091191
Agroalimentario,19,Conservas vegetales,1911,Conservas vegetales,191115,Zumos,20091199
Agroalimentario,19,Conservas vegetales,1911,Conservas vegetales,191115,Zumos,20091200
Agroalimentario,19,Conservas vegetales,1911,Conservas vegetales,191115,Zumos,20091911
Agroalimentario,19,Conservas vegetales,1911,Conservas vegetales,191115,Zumos,20091919
Agroalimentario,19,Conservas vegetales,1911,Conservas vegetales,191115,Zumos,20091991
Agroalimentario,19,Conservas vegetales,1911,Conservas vegetales,191115,Zumos,20091998
Agroalimentario,19,Conservas vegetales,1911,Conservas vegetales,191115,Zumos,20092100
Agroalimentario,19,Conservas vegetales,1911,Conservas vegetales,191115,Zumos,20092919
Agroalimentario,19,Conservas vegetales,1911,Conservas vegetales,191115,Zumos,20092999
Agroalimentario,19,Conservas vegetales,1911,Conservas vegetales,191115,Zumos,20093111
Agroalimentario,19,Conservas vegetales,1911,Conservas vegetales,191115,Zumos,20093119
Agroalimentario,19,Conservas vegetales,1911,Conservas vegetales,191115,Zumos,20093151
Agroalimentario,19,Conservas vegetales,1911,Conservas vegetales,191115,Zumos,20093159
Agroalimentario,19,Conservas vegetales,1911,Conservas vegetales,191115,Zumos,20093191
Agroalimentario,19,Conservas vegetales,1911,Conservas vegetales,191115,Zumos,20093199
Agroalimentario,19,Conservas vegetales,1911,Conservas vegetales,191115,Zumos,20093919
Agroalimentario,19,Conservas vegetales,1911,Conservas vegetales,191115,Zumos,20093931
Agroalimentario,19,Conservas vegetales,1911,Conservas vegetales,191115,Zumos,20093939
Agroalimentario,19,Conservas vegetales,1911,Conservas vegetales,191115,Zumos,20093955
Agroalimentario,19,Conservas vegetales,1911,Conservas vegetales,191115,Zumos,20093959
Agroalimentario,19,Conservas vegetales,1911,Conservas vegetales,191115,Zumos,20093999
Agroalimentario,19,Conservas vegetales,1911,Conservas vegetales,191115,Zumos,20094192
Agroalimentario,19,Conservas vegetales,1911,Conservas vegetales,191115,Zumos,20094199
Agroalimentario,19,Conservas vegetales,1911,Conservas vegetales,191115,Zumos,20094911
Agroalimentario,19,Conservas vegetales,1911,Conservas vegetales,191115,Zumos,20094919
Agroalimentario,19,Conservas vegetales,1911,Conservas vegetales,191115,Zumos,20094930
Agroalimentario,19,Conservas vegetales,1911,Conservas vegetales,191115,Zumos,20094993
Agroalimentario,19,Conservas vegetales,1911,Conservas vegetales,191115,Zumos,20094999
Agroalimentario,19,Conservas vegetales,1911,Conservas vegetales,191115,Zumos,20095010
Agroalimentario,19,Conservas vegetales,1911,Conservas vegetales,191115,Zumos,20095090
Agroalimentario,19,Conservas vegetales,1911,Conservas vegetales,191115,Zumos,20097120
Agroalimentario,19,Conservas vegetales,1911,Conservas vegetales,191115,Zumos,20097199
Agroalimentario,19,Conservas vegetales,1911,Conservas vegetales,191115,Zumos,20097911
Agroalimentario,19,Conservas vegetales,1911,Conservas vegetales,191115,Zumos,20097919
Agroalimentario,19,Conservas vegetales,1911,Conservas vegetales,191115,Zumos,20097930
Agroalimentario,19,Conservas vegetales,1911,Conservas vegetales,191115,Zumos,20097998
Agroalimentario,19,Conservas vegetales,1911,Conservas vegetales,191115,Zumos,20098111
Agroalimentario,19,Conservas vegetales,1911,Conservas vegetales,191115,Zumos,20098119
Agroalimentario,19,Conservas vegetales,1911,Conservas vegetales,191115,Zumos,20098131
Agroalimentario,19,Conservas vegetales,1911,Conservas vegetales,191115,Zumos,20098159
Agroalimentario,19,Conservas vegetales,1911,Conservas vegetales,191115,Zumos,20098195
Agroalimentario,19,Conservas vegetales,1911,Conservas vegetales,191115,Zumos,20098199
Agroalimentario,19,Conservas vegetales,1911,Conservas vegetales,191115,Zumos,20098911
Agroalimentario,19,Conservas vegetales,1911,Conservas vegetales,191115,Zumos,20098919
Agroalimentario,19,Conservas vegetales,1911,Conservas vegetales,191115,Zumos,20098934
Agroalimentario,19,Conservas vegetales,1911,Conservas vegetales,191115,Zumos,20098935
Agroalimentario,19,Conservas vegetales,1911,Conservas vegetales,191115,Zumos,20098936
Agroalimentario,19,Conservas vegetales,1911,Conservas vegetales,191115,Zumos,20098938
Agroalimentario,19,Conservas vegetales,1911,Conservas vegetales,191115,Zumos,20098950
Agroalimentario,19,Conservas vegetales,1911,Conservas vegetales,191115,Zumos,20098963
Agroalimentario,19,Conservas vegetales,1911,Conservas vegetales,191115,Zumos,20098969
Agroalimentario,19,Conservas vegetales,1911,Conservas vegetales,191115,Zumos,20098971
Agroalimentario,19,Conservas vegetales,1911,Conservas vegetales,191115,Zumos,20098973
Agroalimentario,19,Conservas vegetales,1911,Conservas vegetales,191115,Zumos,20098979
Agroalimentario,19,Conservas vegetales,1911,Conservas vegetales,191115,Zumos,20098985
Agroalimentario,19,Conservas vegetales,1911,Conservas vegetales,191115,Zumos,20098986
Agroalimentario,19,Conservas vegetales,1911,Conservas vegetales,191115,Zumos,20098988
Agroalimentario,19,Conservas vegetales,1911,Conservas vegetales,191115,Zumos,20098989
Agroalimentario,19,Conservas vegetales,1911,Conservas vegetales,191115,Zumos,20098996
Agroalimentario,19,Conservas vegetales,1911,Conservas vegetales,191115,Zumos,20098997
Agroalimentario,19,Conservas vegetales,1911,Conservas vegetales,191115,Zumos,20098999
Agroalimentario,19,Conservas vegetales,1911,Conservas vegetales,191115,Zumos,20099011
Agroalimentario,19,Conservas vegetales,1911,Conservas vegetales,191115,Zumos,20099019
Agroalimentario,19,Conservas vegetales,1911,Conservas vegetales,191115,Zumos,20099021
Agroalimentario,19,Conservas vegetales,1911,Conservas vegetales,191115,Zumos,20099029
Agroalimentario,19,Conservas vegetales,1911,Conservas vegetales,191115,Zumos,20099031
Agroalimentario,19,Conservas vegetales,1911,Conservas vegetales,191115,Zumos,20099039
Agroalimentario,19,Conservas vegetales,1911,Conservas vegetales,191115,Zumos,20099041
Agroalimentario,19,Conservas vegetales,1911,Conservas vegetales,191115,Zumos,20099049
Agroalimentario,19,Conservas vegetales,1911,Conservas vegetales,191115,Zumos,20099051
Agroalimentario,19,Conservas vegetales,1911,Conservas vegetales,191115,Zumos,20099059
Agroalimentario,19,Conservas vegetales,1911,Conservas vegetales,191115,Zumos,20099092
Agroalimentario,19,Conservas vegetales,1911,Conservas vegetales,191115,Zumos,20099094
Agroalimentario,19,Conservas vegetales,1911,Conservas vegetales,191115,Zumos,20099095
Agroalimentario,19,Conservas vegetales,1911,Conservas vegetales,191115,Zumos,20099096
Agroalimentario,19,Conservas vegetales,1911,Conservas vegetales,191115,Zumos,20099097
Agroalimentario,19,Conservas vegetales,1911,Conservas vegetales,191115,Zumos,20099098
Agroalimentario,19,Conservas vegetales,1911,Conservas vegetales,191116,Confituras y mermeladas,20071010
Agroalimentario,19,Conservas vegetales,1911,Conservas vegetales,191116,Confituras y mermeladas,20071091
Agroalimentario,19,Conservas vegetales,1911,Conservas vegetales,191116,Confituras y mermeladas,20071099
Agroalimentario,19,Conservas vegetales,1911,Conservas vegetales,191116,Confituras y mermeladas,20079110
Agroalimentario,19,Conservas vegetales,1911,Conservas vegetales,191116,Confituras y mermeladas,20079130
Agroalimentario,19,Conservas vegetales,1911,Conservas vegetales,191116,Confituras y mermeladas,20079190
Agroalimentario,19,Conservas vegetales,1911,Conservas vegetales,191116,Confituras y mermeladas,20079910
Agroalimentario,19,Conservas vegetales,1911,Conservas vegetales,191116,Confituras y mermeladas,20079920
Agroalimentario,19,Conservas vegetales,1911,Conservas vegetales,191116,Confituras y mermeladas,20079931
Agroalimentario,19,Conservas vegetales,1911,Conservas vegetales,191116,Confituras y mermeladas,20079933
Agroalimentario,19,Conservas vegetales,1911,Conservas vegetales,191116,Confituras y mermeladas,20079935
Agroalimentario,19,Conservas vegetales,1911,Conservas vegetales,191116,Confituras y mermeladas,20079939
Agroalimentario,19,Conservas vegetales,1911,Conservas vegetales,191116,Confituras y mermeladas,20079950
Agroalimentario,19,Conservas vegetales,1911,Conservas vegetales,191116,Confituras y mermeladas,20079993
Agroalimentario,19,Conservas vegetales,1911,Conservas vegetales,191116,Confituras y mermeladas,20079997
Agroalimentario,19,Conservas vegetales,1911,Conservas vegetales,191117,Las demás frutas,20060010
Agroalimentario,19,Conservas vegetales,1911,Conservas vegetales,191117,Las demás frutas,20060031
Agroalimentario,19,Conservas vegetales,1911,Conservas vegetales,191117,Las demás frutas,20060035
Agroalimentario,19,Conservas vegetales,1911,Conservas vegetales,191117,Las demás frutas,20060038
Agroalimentario,19,Conservas vegetales,1911,Conservas vegetales,191117,Las demás frutas,20060091
Agroalimentario,19,Conservas vegetales,1911,Conservas vegetales,191117,Las demás frutas,20060099
Agroalimentario,19,Conservas vegetales,1911,Conservas vegetales,191117,Las demás frutas,20081110
Agroalimentario,19,Conservas vegetales,1911,Conservas vegetales,191117,Las demás frutas,20081191
Agroalimentario,19,Conservas vegetales,1911,Conservas vegetales,191117,Las demás frutas,20081196
Agroalimentario,19,Conservas vegetales,1911,Conservas vegetales,191117,Las demás frutas,20081198
Agroalimentario,19,Conservas vegetales,1911,Conservas vegetales,191117,Las demás frutas,20081912
Agroalimentario,19,Conservas vegetales,1911,Conservas vegetales,191117,Las demás frutas,20081913
Agroalimentario,19,Conservas vegetales,1911,Conservas vegetales,191117,Las demás frutas,20081919
Agroalimentario,19,Conservas vegetales,1911,Conservas vegetales,191117,Las demás frutas,20081992
Agroalimentario,19,Conservas vegetales,1911,Conservas vegetales,191117,Las demás frutas,20081993
Agroalimentario,19,Conservas vegetales,1911,Conservas vegetales,191117,Las demás frutas,20081995
Agroalimentario,19,Conservas vegetales,1911,Conservas vegetales,191117,Las demás frutas,20081999
Agroalimentario,19,Conservas vegetales,1911,Conservas vegetales,191117,Las demás frutas,20082019
Agroalimentario,19,Conservas vegetales,1911,Conservas vegetales,191117,Las demás frutas,20082031
Agroalimentario,19,Conservas vegetales,1911,Conservas vegetales,191117,Las demás frutas,20082039
Agroalimentario,19,Conservas vegetales,1911,Conservas vegetales,191117,Las demás frutas,20082051
Agroalimentario,19,Conservas vegetales,1911,Conservas vegetales,191117,Las demás frutas,20082059
Agroalimentario,19,Conservas vegetales,1911,Conservas vegetales,191117,Las demás frutas,20082071
Agroalimentario,19,Conservas vegetales,1911,Conservas vegetales,191117,Las demás frutas,20082079
Agroalimentario,19,Conservas vegetales,1911,Conservas vegetales,191117,Las demás frutas,20082090
Agroalimentario,19,Conservas vegetales,1911,Conservas vegetales,191117,Las demás frutas,20083011
Agroalimentario,19,Conservas vegetales,1911,Conservas vegetales,191117,Las demás frutas,20083019
Agroalimentario,19,Conservas vegetales,1911,Conservas vegetales,191117,Las demás frutas,20083039
Agroalimentario,19,Conservas vegetales,1911,Conservas vegetales,191117,Las demás frutas,20083051
Agroalimentario,19,Conservas vegetales,1911,Conservas vegetales,191117,Las demás frutas,20083055
Agroalimentario,19,Conservas vegetales,1911,Conservas vegetales,191117,Las demás frutas,20083059
Agroalimentario,19,Conservas vegetales,1911,Conservas vegetales,191117,Las demás frutas,20083071
Agroalimentario,19,Conservas vegetales,1911,Conservas vegetales,191117,Las demás frutas,20083075
Agroalimentario,19,Conservas vegetales,1911,Conservas vegetales,191117,Las demás frutas,20083079
Agroalimentario,19,Conservas vegetales,1911,Conservas vegetales,191117,Las demás frutas,20083090
Agroalimentario,19,Conservas vegetales,1911,Conservas vegetales,191117,Las demás frutas,20084011
Agroalimentario,19,Conservas vegetales,1911,Conservas vegetales,191117,Las demás frutas,20084019
Agroalimentario,19,Conservas vegetales,1911,Conservas vegetales,191117,Las demás frutas,20084039
Agroalimentario,19,Conservas vegetales,1911,Conservas vegetales,191117,Las demás frutas,20084051
Agroalimentario,19,Conservas vegetales,1911,Conservas vegetales,191117,Las demás frutas,20084059
Agroalimentario,19,Conservas vegetales,1911,Conservas vegetales,191117,Las demás frutas,20084071
Agroalimentario,19,Conservas vegetales,1911,Conservas vegetales,191117,Las demás frutas,20084079
Agroalimentario,19,Conservas vegetales,1911,Conservas vegetales,191117,Las demás frutas,20084090
Agroalimentario,19,Conservas vegetales,1911,Conservas vegetales,191117,Las demás frutas,20085019
Agroalimentario,19,Conservas vegetales,1911,Conservas vegetales,191117,Las demás frutas,20085039
Agroalimentario,19,Conservas vegetales,1911,Conservas vegetales,191117,Las demás frutas,20085059
Agroalimentario,19,Conservas vegetales,1911,Conservas vegetales,191117,Las demás frutas,20085061
Agroalimentario,19,Conservas vegetales,1911,Conservas vegetales,191117,Las demás frutas,20085069
Agroalimentario,19,Conservas vegetales,1911,Conservas vegetales,191117,Las demás frutas,20085079
Agroalimentario,19,Conservas vegetales,1911,Conservas vegetales,191117,Las demás frutas,20085092
Agroalimentario,19,Conservas vegetales,1911,Conservas vegetales,191117,Las demás frutas,20085098
Agroalimentario,19,Conservas vegetales,1911,Conservas vegetales,191117,Las demás frutas,20086011
Agroalimentario,19,Conservas vegetales,1911,Conservas vegetales,191117,Las demás frutas,20086019
Agroalimentario,19,Conservas vegetales,1911,Conservas vegetales,191117,Las demás frutas,20086039
Agroalimentario,19,Conservas vegetales,1911,Conservas vegetales,191117,Las demás frutas,20086050
Agroalimentario,19,Conservas vegetales,1911,Conservas vegetales,191117,Las demás frutas,20086060
Agroalimentario,19,Conservas vegetales,1911,Conservas vegetales,191117,Las demás frutas,20086070
Agroalimentario,19,Conservas vegetales,1911,Conservas vegetales,191117,Las demás frutas,20086090
Agroalimentario,19,Conservas vegetales,1911,Conservas vegetales,191117,Las demás frutas,20087011
Agroalimentario,19,Conservas vegetales,1911,Conservas vegetales,191117,Las demás frutas,20087019
Agroalimentario,19,Conservas vegetales,1911,Conservas vegetales,191117,Las demás frutas,20087039
Agroalimentario,19,Conservas vegetales,1911,Conservas vegetales,191117,Las demás frutas,20087051
Agroalimentario,19,Conservas vegetales,1911,Conservas vegetales,191117,Las demás frutas,20087059
Agroalimentario,19,Conservas vegetales,1911,Conservas vegetales,191117,Las demás frutas,20087061
Agroalimentario,19,Conservas vegetales,1911,Conservas vegetales,191117,Las demás frutas,20087069
Agroalimentario,19,Conservas vegetales,1911,Conservas vegetales,191117,Las demás frutas,20087071
Agroalimentario,19,Conservas vegetales,1911,Conservas vegetales,191117,Las demás frutas,20087079
Agroalimentario,19,Conservas vegetales,1911,Conservas vegetales,191117,Las demás frutas,20087092
Agroalimentario,19,Conservas vegetales,1911,Conservas vegetales,191117,Las demás frutas,20087098
Agroalimentario,19,Conservas vegetales,1911,Conservas vegetales,191117,Las demás frutas,20088019
Agroalimentario,19,Conservas vegetales,1911,Conservas vegetales,191117,Las demás frutas,20088039
Agroalimentario,19,Conservas vegetales,1911,Conservas vegetales,191117,Las demás frutas,20088050
Agroalimentario,19,Conservas vegetales,1911,Conservas vegetales,191117,Las demás frutas,20088070
Agroalimentario,19,Conservas vegetales,1911,Conservas vegetales,191117,Las demás frutas,20088090
Agroalimentario,19,Conservas vegetales,1911,Conservas vegetales,191117,Las demás frutas,20089311
Agroalimentario,19,Conservas vegetales,1911,Conservas vegetales,191117,Las demás frutas,20089319
Agroalimentario,19,Conservas vegetales,1911,Conservas vegetales,191117,Las demás frutas,20089391
Agroalimentario,19,Conservas vegetales,1911,Conservas vegetales,191117,Las demás frutas,20089393
Agroalimentario,19,Conservas vegetales,1911,Conservas vegetales,191117,Las demás frutas,20089703
Agroalimentario,19,Conservas vegetales,1911,Conservas vegetales,191117,Las demás frutas,20089705
Agroalimentario,19,Conservas vegetales,1911,Conservas vegetales,191117,Las demás frutas,20089712
Agroalimentario,19,Conservas vegetales,1911,Conservas vegetales,191117,Las demás frutas,20089714
Agroalimentario,19,Conservas vegetales,1911,Conservas vegetales,191117,Las demás frutas,20089718
Agroalimentario,19,Conservas vegetales,1911,Conservas vegetales,191117,Las demás frutas,20089732
Agroalimentario,19,Conservas vegetales,1911,Conservas vegetales,191117,Las demás frutas,20089751
Agroalimentario,19,Conservas vegetales,1911,Conservas vegetales,191117,Las demás frutas,20089759
Agroalimentario,19,Conservas vegetales,1911,Conservas vegetales,191117,Las demás frutas,20089772
Agroalimentario,19,Conservas vegetales,1911,Conservas vegetales,191117,Las demás frutas,20089774
Agroalimentario,19,Conservas vegetales,1911,Conservas vegetales,191117,Las demás frutas,20089778
Agroalimentario,19,Conservas vegetales,1911,Conservas vegetales,191117,Las demás frutas,20089792
Agroalimentario,19,Conservas vegetales,1911,Conservas vegetales,191117,Las demás frutas,20089793
Agroalimentario,19,Conservas vegetales,1911,Conservas vegetales,191117,Las demás frutas,20089794
Agroalimentario,19,Conservas vegetales,1911,Conservas vegetales,191117,Las demás frutas,20089796
Agroalimentario,19,Conservas vegetales,1911,Conservas vegetales,191117,Las demás frutas,20089797
Agroalimentario,19,Conservas vegetales,1911,Conservas vegetales,191117,Las demás frutas,20089798
Agroalimentario,19,Conservas vegetales,1911,Conservas vegetales,191117,Las demás frutas,20089921
Agroalimentario,19,Conservas vegetales,1911,Conservas vegetales,191117,Las demás frutas,20089923
Agroalimentario,19,Conservas vegetales,1911,Conservas vegetales,191117,Las demás frutas,20089924
Agroalimentario,19,Conservas vegetales,1911,Conservas vegetales,191117,Las demás frutas,20089928
Agroalimentario,19,Conservas vegetales,1911,Conservas vegetales,191117,Las demás frutas,20089931
Agroalimentario,19,Conservas vegetales,1911,Conservas vegetales,191117,Las demás frutas,20089934
Agroalimentario,19,Conservas vegetales,1911,Conservas vegetales,191117,Las demás frutas,20089936
Agroalimentario,19,Conservas vegetales,1911,Conservas vegetales,191117,Las demás frutas,20089937
Agroalimentario,19,Conservas vegetales,1911,Conservas vegetales,191117,Las demás frutas,20089940
Agroalimentario,19,Conservas vegetales,1911,Conservas vegetales,191117,Las demás frutas,20089943
Agroalimentario,19,Conservas vegetales,1911,Conservas vegetales,191117,Las demás frutas,20089945
Agroalimentario,19,Conservas vegetales,1911,Conservas vegetales,191117,Las demás frutas,20089948
Agroalimentario,19,Conservas vegetales,1911,Conservas vegetales,191117,Las demás frutas,20089949
Agroalimentario,19,Conservas vegetales,1911,Conservas vegetales,191117,Las demás frutas,20089963
Agroalimentario,19,Conservas vegetales,1911,Conservas vegetales,191117,Las demás frutas,20089967
Agroalimentario,19,Conservas vegetales,1911,Conservas vegetales,191117,Las demás frutas,20089972
Agroalimentario,19,Conservas vegetales,1911,Conservas vegetales,191117,Las demás frutas,20089978
Agroalimentario,20,Vinos y bebidas,2011,Vinos y bebidas,201111,Agua,22011011
Agroalimentario,20,Vinos y bebidas,2011,Vinos y bebidas,201111,Agua,22011019
Agroalimentario,20,Vinos y bebidas,2011,Vinos y bebidas,201111,Agua,22011090
Agroalimentario,20,Vinos y bebidas,2011,Vinos y bebidas,201111,Agua,22019000
Agroalimentario,20,Vinos y bebidas,2011,Vinos y bebidas,201112,Bebidas refrescantes,22021000
Agroalimentario,20,Vinos y bebidas,2011,Vinos y bebidas,201112,Bebidas refrescantes,22029100
Agroalimentario,20,Vinos y bebidas,2011,Vinos y bebidas,201112,Bebidas refrescantes,22029911
Agroalimentario,20,Vinos y bebidas,2011,Vinos y bebidas,201112,Bebidas refrescantes,22029915
Agroalimentario,20,Vinos y bebidas,2011,Vinos y bebidas,201112,Bebidas refrescantes,22029919
Agroalimentario,20,Vinos y bebidas,2011,Vinos y bebidas,201113,Cerveza,22030001
Agroalimentario,20,Vinos y bebidas,2011,Vinos y bebidas,201113,Cerveza,22030009
Agroalimentario,20,Vinos y bebidas,2011,Vinos y bebidas,201113,Cerveza,22030010
Agroalimentario,20,Vinos y bebidas,2011,Vinos y bebidas,201114,Mosto,20096110
Agroalimentario,20,Vinos y bebidas,2011,Vinos y bebidas,201114,Mosto,20096190
Agroalimentario,20,Vinos y bebidas,2011,Vinos y bebidas,201114,Mosto,20096919
Agroalimentario,20,Vinos y bebidas,2011,Vinos y bebidas,201114,Mosto,20096951
Agroalimentario,20,Vinos y bebidas,2011,Vinos y bebidas,201114,Mosto,20096959
Agroalimentario,20,Vinos y bebidas,2011,Vinos y bebidas,201114,Mosto,20096971
Agroalimentario,20,Vinos y bebidas,2011,Vinos y bebidas,201114,Mosto,20096979
Agroalimentario,20,Vinos y bebidas,2011,Vinos y bebidas,201114,Mosto,20096990
Agroalimentario,20,Vinos y bebidas,2011,Vinos y bebidas,201114,Mosto,22043010
Agroalimentario,20,Vinos y bebidas,2011,Vinos y bebidas,201114,Mosto,22043092
Agroalimentario,20,Vinos y bebidas,2011,Vinos y bebidas,201114,Mosto,22043094
Agroalimentario,20,Vinos y bebidas,2011,Vinos y bebidas,201114,Mosto,22043096
Agroalimentario,20,Vinos y bebidas,2011,Vinos y bebidas,201114,Mosto,22043098
Agroalimentario,20,Vinos y bebidas,2011,Vinos y bebidas,201115,Vino,22041011
Agroalimentario,20,Vinos y bebidas,2011,Vinos y bebidas,201115,Vino,22041013
Agroalimentario,20,Vinos y bebidas,2011,Vinos y bebidas,201115,Vino,22041015
Agroalimentario,20,Vinos y bebidas,2011,Vinos y bebidas,201115,Vino,22041091
Agroalimentario,20,Vinos y bebidas,2011,Vinos y bebidas,201115,Vino,22041093
Agroalimentario,20,Vinos y bebidas,2011,Vinos y bebidas,201115,Vino,22041094
Agroalimentario,20,Vinos y bebidas,2011,Vinos y bebidas,201115,Vino,22041096
Agroalimentario,20,Vinos y bebidas,2011,Vinos y bebidas,201115,Vino,22041098
Agroalimentario,20,Vinos y bebidas,2011,Vinos y bebidas,201115,Vino,22042106
Agroalimentario,20,Vinos y bebidas,2011,Vinos y bebidas,201115,Vino,22042107
Agroalimentario,20,Vinos y bebidas,2011,Vinos y bebidas,201115,Vino,22042108
Agroalimentario,20,Vinos y bebidas,2011,Vinos y bebidas,201115,Vino,22042109
Agroalimentario,20,Vinos y bebidas,2011,Vinos y bebidas,201115,Vino,22042111
Agroalimentario,20,Vinos y bebidas,2011,Vinos y bebidas,201115,Vino,22042112
Agroalimentario,20,Vinos y bebidas,2011,Vinos y bebidas,201115,Vino,22042113
Agroalimentario,20,Vinos y bebidas,2011,Vinos y bebidas,201115,Vino,22042117
Agroalimentario,20,Vinos y bebidas,2011,Vinos y bebidas,201115,Vino,22042118
Agroalimentario,20,Vinos y bebidas,2011,Vinos y bebidas,201115,Vino,22042119
Agroalimentario,20,Vinos y bebidas,2011,Vinos y bebidas,201115,Vino,22042122
Agroalimentario,20,Vinos y bebidas,2011,Vinos y bebidas,201115,Vino,22042123
Agroalimentario,20,Vinos y bebidas,2011,Vinos y bebidas,201115,Vino,22042124
Agroalimentario,20,Vinos y bebidas,2011,Vinos y bebidas,201115,Vino,22042126
Agroalimentario,20,Vinos y bebidas,2011,Vinos y bebidas,201115,Vino,22042127
Agroalimentario,20,Vinos y bebidas,2011,Vinos y bebidas,201115,Vino,22042128
Agroalimentario,20,Vinos y bebidas,2011,Vinos y bebidas,201115,Vino,22042131
Agroalimentario,20,Vinos y bebidas,2011,Vinos y bebidas,201115,Vino,22042132
Agroalimentario,20,Vinos y bebidas,2011,Vinos y bebidas,201115,Vino,22042134
Agroalimentario,20,Vinos y bebidas,2011,Vinos y bebidas,201115,Vino,22042136
Agroalimentario,20,Vinos y bebidas,2011,Vinos y bebidas,201115,Vino,22042137
Agroalimentario,20,Vinos y bebidas,2011,Vinos y bebidas,201115,Vino,22042138
Agroalimentario,20,Vinos y bebidas,2011,Vinos y bebidas,201115,Vino,22042142
Agroalimentario,20,Vinos y bebidas,2011,Vinos y bebidas,201115,Vino,22042143
Agroalimentario,20,Vinos y bebidas,2011,Vinos y bebidas,201115,Vino,22042144
Agroalimentario,20,Vinos y bebidas,2011,Vinos y bebidas,201115,Vino,22042146
Agroalimentario,20,Vinos y bebidas,2011,Vinos y bebidas,201115,Vino,22042147
Agroalimentario,20,Vinos y bebidas,2011,Vinos y bebidas,201115,Vino,22042148
Agroalimentario,20,Vinos y bebidas,2011,Vinos y bebidas,201115,Vino,22042161
Agroalimentario,20,Vinos y bebidas,2011,Vinos y bebidas,201115,Vino,22042162
Agroalimentario,20,Vinos y bebidas,2011,Vinos y bebidas,201115,Vino,22042166
Agroalimentario,20,Vinos y bebidas,2011,Vinos y bebidas,201115,Vino,22042167
Agroalimentario,20,Vinos y bebidas,2011,Vinos y bebidas,201115,Vino,22042168
Agroalimentario,20,Vinos y bebidas,2011,Vinos y bebidas,201115,Vino,22042169
Agroalimentario,20,Vinos y bebidas,2011,Vinos y bebidas,201115,Vino,22042171
Agroalimentario,20,Vinos y bebidas,2011,Vinos y bebidas,201115,Vino,22042174
Agroalimentario,20,Vinos y bebidas,2011,Vinos y bebidas,201115,Vino,22042176
Agroalimentario,20,Vinos y bebidas,2011,Vinos y bebidas,201115,Vino,22042177
Agroalimentario,20,Vinos y bebidas,2011,Vinos y bebidas,201115,Vino,22042178
Agroalimentario,20,Vinos y bebidas,2011,Vinos y bebidas,201115,Vino,22042179
Agroalimentario,20,Vinos y bebidas,2011,Vinos y bebidas,201115,Vino,22042180
Agroalimentario,20,Vinos y bebidas,2011,Vinos y bebidas,201115,Vino,22042181
Agroalimentario,20,Vinos y bebidas,2011,Vinos y bebidas,201115,Vino,22042182
Agroalimentario,20,Vinos y bebidas,2011,Vinos y bebidas,201115,Vino,22042183
Agroalimentario,20,Vinos y bebidas,2011,Vinos y bebidas,201115,Vino,22042184
Agroalimentario,20,Vinos y bebidas,2011,Vinos y bebidas,201115,Vino,22042185
Agroalimentario,20,Vinos y bebidas,2011,Vinos y bebidas,201115,Vino,22042186
Agroalimentario,20,Vinos y bebidas,2011,Vinos y bebidas,201115,Vino,22042187
Agroalimentario,20,Vinos y bebidas,2011,Vinos y bebidas,201115,Vino,22042188
Agroalimentario,20,Vinos y bebidas,2011,Vinos y bebidas,201115,Vino,22042189
Agroalimentario,20,Vinos y bebidas,2011,Vinos y bebidas,201115,Vino,22042190
Agroalimentario,20,Vinos y bebidas,2011,Vinos y bebidas,201115,Vino,22042191
Agroalimentario,20,Vinos y bebidas,2011,Vinos y bebidas,201115,Vino,22042193
Agroalimentario,20,Vinos y bebidas,2011,Vinos y bebidas,201115,Vino,22042194
Agroalimentario,20,Vinos y bebidas,2011,Vinos y bebidas,201115,Vino,22042195
Agroalimentario,20,Vinos y bebidas,2011,Vinos y bebidas,201115,Vino,22042196
Agroalimentario,20,Vinos y bebidas,2011,Vinos y bebidas,201115,Vino,22042197
Agroalimentario,20,Vinos y bebidas,2011,Vinos y bebidas,201115,Vino,22042198
Agroalimentario,20,Vinos y bebidas,2011,Vinos y bebidas,201115,Vino,22042210
Agroalimentario,20,Vinos y bebidas,2011,Vinos y bebidas,201115,Vino,22042222
Agroalimentario,20,Vinos y bebidas,2011,Vinos y bebidas,201115,Vino,22042226
Agroalimentario,20,Vinos y bebidas,2011,Vinos y bebidas,201115,Vino,22042232
Agroalimentario,20,Vinos y bebidas,2011,Vinos y bebidas,201115,Vino,22042233
Agroalimentario,20,Vinos y bebidas,2011,Vinos y bebidas,201115,Vino,22042238
Agroalimentario,20,Vinos y bebidas,2011,Vinos y bebidas,201115,Vino,22042278
Agroalimentario,20,Vinos y bebidas,2011,Vinos y bebidas,201115,Vino,22042279
Agroalimentario,20,Vinos y bebidas,2011,Vinos y bebidas,201115,Vino,22042280
Agroalimentario,20,Vinos y bebidas,2011,Vinos y bebidas,201115,Vino,22042281
Agroalimentario,20,Vinos y bebidas,2011,Vinos y bebidas,201115,Vino,22042282
Agroalimentario,20,Vinos y bebidas,2011,Vinos y bebidas,201115,Vino,22042283
Agroalimentario,20,Vinos y bebidas,2011,Vinos y bebidas,201115,Vino,22042284
Agroalimentario,20,Vinos y bebidas,2011,Vinos y bebidas,201115,Vino,22042286
Agroalimentario,20,Vinos y bebidas,2011,Vinos y bebidas,201115,Vino,22042290
Agroalimentario,20,Vinos y bebidas,2011,Vinos y bebidas,201115,Vino,22042291
Agroalimentario,20,Vinos y bebidas,2011,Vinos y bebidas,201115,Vino,22042293
Agroalimentario,20,Vinos y bebidas,2011,Vinos y bebidas,201115,Vino,22042294
Agroalimentario,20,Vinos y bebidas,2011,Vinos y bebidas,201115,Vino,22042295
Agroalimentario,20,Vinos y bebidas,2011,Vinos y bebidas,201115,Vino,22042296
Agroalimentario,20,Vinos y bebidas,2011,Vinos y bebidas,201115,Vino,22042297
Agroalimentario,20,Vinos y bebidas,2011,Vinos y bebidas,201115,Vino,22042298
Agroalimentario,20,Vinos y bebidas,2011,Vinos y bebidas,201115,Vino,22042910
Agroalimentario,20,Vinos y bebidas,2011,Vinos y bebidas,201115,Vino,22042922
Agroalimentario,20,Vinos y bebidas,2011,Vinos y bebidas,201115,Vino,22042923
Agroalimentario,20,Vinos y bebidas,2011,Vinos y bebidas,201115,Vino,22042926
Agroalimentario,20,Vinos y bebidas,2011,Vinos y bebidas,201115,Vino,22042927
Agroalimentario,20,Vinos y bebidas,2011,Vinos y bebidas,201115,Vino,22042938
Agroalimentario,20,Vinos y bebidas,2011,Vinos y bebidas,201115,Vino,22042978
Agroalimentario,20,Vinos y bebidas,2011,Vinos y bebidas,201115,Vino,22042979
Agroalimentario,20,Vinos y bebidas,2011,Vinos y bebidas,201115,Vino,22042980
Agroalimentario,20,Vinos y bebidas,2011,Vinos y bebidas,201115,Vino,22042981
Agroalimentario,20,Vinos y bebidas,2011,Vinos y bebidas,201115,Vino,22042982
Agroalimentario,20,Vinos y bebidas,2011,Vinos y bebidas,201115,Vino,22042983
Agroalimentario,20,Vinos y bebidas,2011,Vinos y bebidas,201115,Vino,22042984
Agroalimentario,20,Vinos y bebidas,2011,Vinos y bebidas,201115,Vino,22042986
Agroalimentario,20,Vinos y bebidas,2011,Vinos y bebidas,201115,Vino,22042990
Agroalimentario,20,Vinos y bebidas,2011,Vinos y bebidas,201115,Vino,22042991
Agroalimentario,20,Vinos y bebidas,2011,Vinos y bebidas,201115,Vino,22042993
Agroalimentario,20,Vinos y bebidas,2011,Vinos y bebidas,201115,Vino,22042994
Agroalimentario,20,Vinos y bebidas,2011,Vinos y bebidas,201115,Vino,22042995
Agroalimentario,20,Vinos y bebidas,2011,Vinos y bebidas,201115,Vino,22042996
Agroalimentario,20,Vinos y bebidas,2011,Vinos y bebidas,201115,Vino,22042997
Agroalimentario,20,Vinos y bebidas,2011,Vinos y bebidas,201115,Vino,22042998
Agroalimentario,20,Vinos y bebidas,2011,Vinos y bebidas,201116,Vermut y vino aromátizado,22051010
Agroalimentario,20,Vinos y bebidas,2011,Vinos y bebidas,201116,Vermut y vino aromátizado,22051090
Agroalimentario,20,Vinos y bebidas,2011,Vinos y bebidas,201116,Vermut y vino aromátizado,22059010
Agroalimentario,20,Vinos y bebidas,2011,Vinos y bebidas,201116,Vermut y vino aromátizado,22059090
Agroalimentario,20,Vinos y bebidas,2011,Vinos y bebidas,201117,Otras bebidas fermentadas,22060010
Agroalimentario,20,Vinos y bebidas,2011,Vinos y bebidas,201117,Otras bebidas fermentadas,22060031
Agroalimentario,20,Vinos y bebidas,2011,Vinos y bebidas,201117,Otras bebidas fermentadas,22060039
Agroalimentario,20,Vinos y bebidas,2011,Vinos y bebidas,201117,Otras bebidas fermentadas,22060051
Agroalimentario,20,Vinos y bebidas,2011,Vinos y bebidas,201117,Otras bebidas fermentadas,22060059
Agroalimentario,20,Vinos y bebidas,2011,Vinos y bebidas,201117,Otras bebidas fermentadas,22060081
Agroalimentario,20,Vinos y bebidas,2011,Vinos y bebidas,201117,Otras bebidas fermentadas,22060089
Agroalimentario,20,Vinos y bebidas,2011,Vinos y bebidas,201118,Bebidas espirituosas,22082012
Agroalimentario,20,Vinos y bebidas,2011,Vinos y bebidas,201118,Bebidas espirituosas,22082014
Agroalimentario,20,Vinos y bebidas,2011,Vinos y bebidas,201118,Bebidas espirituosas,22082016
Agroalimentario,20,Vinos y bebidas,2011,Vinos y bebidas,201118,Bebidas espirituosas,22082018
Agroalimentario,20,Vinos y bebidas,2011,Vinos y bebidas,201118,Bebidas espirituosas,22082019
Agroalimentario,20,Vinos y bebidas,2011,Vinos y bebidas,201118,Bebidas espirituosas,22082026
Agroalimentario,20,Vinos y bebidas,2011,Vinos y bebidas,201118,Bebidas espirituosas,22082028
Agroalimentario,20,Vinos y bebidas,2011,Vinos y bebidas,201118,Bebidas espirituosas,22082062
Agroalimentario,20,Vinos y bebidas,2011,Vinos y bebidas,201118,Bebidas espirituosas,22082066
Agroalimentario,20,Vinos y bebidas,2011,Vinos y bebidas,201118,Bebidas espirituosas,22082069
Agroalimentario,20,Vinos y bebidas,2011,Vinos y bebidas,201118,Bebidas espirituosas,22082086
Agroalimentario,20,Vinos y bebidas,2011,Vinos y bebidas,201118,Bebidas espirituosas,22082088
Agroalimentario,20,Vinos y bebidas,2011,Vinos y bebidas,201118,Bebidas espirituosas,22083011
Agroalimentario,20,Vinos y bebidas,2011,Vinos y bebidas,201118,Bebidas espirituosas,22083019
Agroalimentario,20,Vinos y bebidas,2011,Vinos y bebidas,201118,Bebidas espirituosas,22083030
Agroalimentario,20,Vinos y bebidas,2011,Vinos y bebidas,201118,Bebidas espirituosas,22083041
Agroalimentario,20,Vinos y bebidas,2011,Vinos y bebidas,201118,Bebidas espirituosas,22083049
Agroalimentario,20,Vinos y bebidas,2011,Vinos y bebidas,201118,Bebidas espirituosas,22083061
Agroalimentario,20,Vinos y bebidas,2011,Vinos y bebidas,201118,Bebidas espirituosas,22083069
Agroalimentario,20,Vinos y bebidas,2011,Vinos y bebidas,201118,Bebidas espirituosas,22083071
Agroalimentario,20,Vinos y bebidas,2011,Vinos y bebidas,201118,Bebidas espirituosas,22083079
Agroalimentario,20,Vinos y bebidas,2011,Vinos y bebidas,201118,Bebidas espirituosas,22083082
Agroalimentario,20,Vinos y bebidas,2011,Vinos y bebidas,201118,Bebidas espirituosas,22083088
Agroalimentario,20,Vinos y bebidas,2011,Vinos y bebidas,201118,Bebidas espirituosas,22084011
Agroalimentario,20,Vinos y bebidas,2011,Vinos y bebidas,201118,Bebidas espirituosas,22084031
Agroalimentario,20,Vinos y bebidas,2011,Vinos y bebidas,201118,Bebidas espirituosas,22084039
Agroalimentario,20,Vinos y bebidas,2011,Vinos y bebidas,201118,Bebidas espirituosas,22084051
Agroalimentario,20,Vinos y bebidas,2011,Vinos y bebidas,201118,Bebidas espirituosas,22084091
Agroalimentario,20,Vinos y bebidas,2011,Vinos y bebidas,201118,Bebidas espirituosas,22084099
Agroalimentario,20,Vinos y bebidas,2011,Vinos y bebidas,201118,Bebidas espirituosas,22085011
Agroalimentario,20,Vinos y bebidas,2011,Vinos y bebidas,201118,Bebidas espirituosas,22085019
Agroalimentario,20,Vinos y bebidas,2011,Vinos y bebidas,201118,Bebidas espirituosas,22085091
Agroalimentario,20,Vinos y bebidas,2011,Vinos y bebidas,201118,Bebidas espirituosas,22085099
Agroalimentario,20,Vinos y bebidas,2011,Vinos y bebidas,201118,Bebidas espirituosas,22086011
Agroalimentario,20,Vinos y bebidas,2011,Vinos y bebidas,201118,Bebidas espirituosas,22086019
Agroalimentario,20,Vinos y bebidas,2011,Vinos y bebidas,201118,Bebidas espirituosas,22086091
Agroalimentario,20,Vinos y bebidas,2011,Vinos y bebidas,201118,Bebidas espirituosas,22086099
Agroalimentario,20,Vinos y bebidas,2011,Vinos y bebidas,201118,Bebidas espirituosas,22087010
Agroalimentario,20,Vinos y bebidas,2011,Vinos y bebidas,201118,Bebidas espirituosas,22087090
Agroalimentario,20,Vinos y bebidas,2011,Vinos y bebidas,201118,Bebidas espirituosas,22089011
Agroalimentario,20,Vinos y bebidas,2011,Vinos y bebidas,201118,Bebidas espirituosas,22089019
Agroalimentario,20,Vinos y bebidas,2011,Vinos y bebidas,201118,Bebidas espirituosas,22089033
Agroalimentario,20,Vinos y bebidas,2011,Vinos y bebidas,201118,Bebidas espirituosas,22089038
Agroalimentario,20,Vinos y bebidas,2011,Vinos y bebidas,201118,Bebidas espirituosas,22089041
Agroalimentario,20,Vinos y bebidas,2011,Vinos y bebidas,201118,Bebidas espirituosas,22089045
Agroalimentario,20,Vinos y bebidas,2011,Vinos y bebidas,201118,Bebidas espirituosas,22089048
Agroalimentario,20,Vinos y bebidas,2011,Vinos y bebidas,201118,Bebidas espirituosas,22089054
Agroalimentario,20,Vinos y bebidas,2011,Vinos y bebidas,201118,Bebidas espirituosas,22089056
Agroalimentario,20,Vinos y bebidas,2011,Vinos y bebidas,201118,Bebidas espirituosas,22089069
Agroalimentario,20,Vinos y bebidas,2011,Vinos y bebidas,201118,Bebidas espirituosas,22089071
Agroalimentario,20,Vinos y bebidas,2011,Vinos y bebidas,201118,Bebidas espirituosas,22089075
Agroalimentario,20,Vinos y bebidas,2011,Vinos y bebidas,201118,Bebidas espirituosas,22089077
Agroalimentario,20,Vinos y bebidas,2011,Vinos y bebidas,201118,Bebidas espirituosas,22089078
Agroalimentario,20,Vinos y bebidas,2011,Vinos y bebidas,201119,Alcohol,22071000
Agroalimentario,20,Vinos y bebidas,2011,Vinos y bebidas,201119,Alcohol,22072000
Agroalimentario,20,Vinos y bebidas,2011,Vinos y bebidas,201119,Alcohol,22089091
Agroalimentario,20,Vinos y bebidas,2011,Vinos y bebidas,201119,Alcohol,22089099
Agroalimentario,20,Vinos y bebidas,2011,Vinos y bebidas,201120,Vinagre y sucedáneos,22090011
Agroalimentario,20,Vinos y bebidas,2011,Vinos y bebidas,201120,Vinagre y sucedáneos,22090019
Agroalimentario,20,Vinos y bebidas,2011,Vinos y bebidas,201120,Vinagre y sucedáneos,22090091
Agroalimentario,20,Vinos y bebidas,2011,Vinos y bebidas,201120,Vinagre y sucedáneos,22090099
Agroalimentario,21,Tabaco,2111,Tabaco,211111,Tabaco,24011070
Agroalimentario,21,Tabaco,2111,Tabaco,211111,Tabaco,24011085
Agroalimentario,21,Tabaco,2111,Tabaco,211111,Tabaco,24012035
Agroalimentario,21,Tabaco,2111,Tabaco,211111,Tabaco,24012070
Agroalimentario,21,Tabaco,2111,Tabaco,211111,Tabaco,24012085
Agroalimentario,21,Tabaco,2111,Tabaco,211111,Tabaco,24012095
Agroalimentario,21,Tabaco,2111,Tabaco,211111,Tabaco,24013000
Agroalimentario,21,Tabaco,2111,Tabaco,211111,Tabaco,24021000
Agroalimentario,21,Tabaco,2111,Tabaco,211111,Tabaco,24022090
Agroalimentario,21,Tabaco,2111,Tabaco,211111,Tabaco,24029000
Agroalimentario,21,Tabaco,2111,Tabaco,211111,Tabaco,24031100
Agroalimentario,21,Tabaco,2111,Tabaco,211111,Tabaco,24031910
Agroalimentario,21,Tabaco,2111,Tabaco,211111,Tabaco,24031990
Agroalimentario,21,Tabaco,2111,Tabaco,211111,Tabaco,24039100
Agroalimentario,21,Tabaco,2111,Tabaco,211111,Tabaco,24039990
Agroalimentario,21,Tabaco,2111,Tabaco,211111,Tabaco,24041100
Agroalimentario,21,Tabaco,2111,Tabaco,211111,Tabaco,24049110
Agroalimentario,21,Tabaco,2111,Tabaco,211111,Tabaco,24049190
Agroalimentario,22,Grasas y aceites,2211,Grasas y aceites,221111,Aceite de soja,15071010
Agroalimentario,22,Grasas y aceites,2211,Grasas y aceites,221111,Aceite de soja,15071090
Agroalimentario,22,Grasas y aceites,2211,Grasas y aceites,221111,Aceite de soja,15079010
Agroalimentario,22,Grasas y aceites,2211,Grasas y aceites,221111,Aceite de soja,15079090
Agroalimentario,22,Grasas y aceites,2211,Grasas y aceites,221112,Aceite de oliva,15092000
Agroalimentario,22,Grasas y aceites,2211,Grasas y aceites,221112,Aceite de oliva,15093000
Agroalimentario,22,Grasas y aceites,2211,Grasas y aceites,221112,Aceite de oliva,15094000
Agroalimentario,22,Grasas y aceites,2211,Grasas y aceites,221112,Aceite de oliva,15099000
Agroalimentario,22,Grasas y aceites,2211,Grasas y aceites,221112,Aceite de oliva,15101000
Agroalimentario,22,Grasas y aceites,2211,Grasas y aceites,221112,Aceite de oliva,15109000
Agroalimentario,22,Grasas y aceites,2211,Grasas y aceites,221113,Aceite de girasol,15121110
Agroalimentario,22,Grasas y aceites,2211,Grasas y aceites,221113,Aceite de girasol,15121191
Agroalimentario,22,Grasas y aceites,2211,Grasas y aceites,221113,Aceite de girasol,15121199
Agroalimentario,22,Grasas y aceites,2211,Grasas y aceites,221113,Aceite de girasol,15121910
Agroalimentario,22,Grasas y aceites,2211,Grasas y aceites,221113,Aceite de girasol,15121990
Agroalimentario,22,Grasas y aceites,2211,Grasas y aceites,221113,Aceite de girasol,15122110
Agroalimentario,22,Grasas y aceites,2211,Grasas y aceites,221113,Aceite de girasol,15122190
Agroalimentario,22,Grasas y aceites,2211,Grasas y aceites,221113,Aceite de girasol,15122910
Agroalimentario,22,Grasas y aceites,2211,Grasas y aceites,221113,Aceite de girasol,15122990
Agroalimentario,22,Grasas y aceites,2211,Grasas y aceites,221114,Margarina,15171010
Agroalimentario,22,Grasas y aceites,2211,Grasas y aceites,221114,Margarina,15171090
Agroalimentario,22,Grasas y aceites,2211,Grasas y aceites,221114,Margarina,15179010
Agroalimentario,22,Grasas y aceites,2211,Grasas y aceites,221114,Margarina,15179091
Agroalimentario,22,Grasas y aceites,2211,Grasas y aceites,221114,Margarina,15179093
Agroalimentario,22,Grasas y aceites,2211,Grasas y aceites,221114,Margarina,15179099
Agroalimentario,22,Grasas y aceites,2211,Grasas y aceites,221115,Las demás grasas y aceites animales,15011010
Agroalimentario,22,Grasas y aceites,2211,Grasas y aceites,221115,Las demás grasas y aceites animales,15011090
Agroalimentario,22,Grasas y aceites,2211,Grasas y aceites,221115,Las demás grasas y aceites animales,15012010
Agroalimentario,22,Grasas y aceites,2211,Grasas y aceites,221115,Las demás grasas y aceites animales,15012090
Agroalimentario,22,Grasas y aceites,2211,Grasas y aceites,221115,Las demás grasas y aceites animales,15019000
Agroalimentario,22,Grasas y aceites,2211,Grasas y aceites,221115,Las demás grasas y aceites animales,15021010
Agroalimentario,22,Grasas y aceites,2211,Grasas y aceites,221115,Las demás grasas y aceites animales,15021090
Agroalimentario,22,Grasas y aceites,2211,Grasas y aceites,221115,Las demás grasas y aceites animales,15029010
Agroalimentario,22,Grasas y aceites,2211,Grasas y aceites,221115,Las demás grasas y aceites animales,15029090
Agroalimentario,22,Grasas y aceites,2211,Grasas y aceites,221115,Las demás grasas y aceites animales,15030011
Agroalimentario,22,Grasas y aceites,2211,Grasas y aceites,221115,Las demás grasas y aceites animales,15030019
Agroalimentario,22,Grasas y aceites,2211,Grasas y aceites,221115,Las demás grasas y aceites animales,15041010
Agroalimentario,22,Grasas y aceites,2211,Grasas y aceites,221115,Las demás grasas y aceites animales,15041091
Agroalimentario,22,Grasas y aceites,2211,Grasas y aceites,221115,Las demás grasas y aceites animales,15041099
Agroalimentario,22,Grasas y aceites,2211,Grasas y aceites,221115,Las demás grasas y aceites animales,15042010
Agroalimentario,22,Grasas y aceites,2211,Grasas y aceites,221115,Las demás grasas y aceites animales,15042090
Agroalimentario,22,Grasas y aceites,2211,Grasas y aceites,221115,Las demás grasas y aceites animales,15043090
Agroalimentario,22,Grasas y aceites,2211,Grasas y aceites,221115,Las demás grasas y aceites animales,15050010
Agroalimentario,22,Grasas y aceites,2211,Grasas y aceites,221115,Las demás grasas y aceites animales,15050090
Agroalimentario,22,Grasas y aceites,2211,Grasas y aceites,221115,Las demás grasas y aceites animales,15060000
Agroalimentario,22,Grasas y aceites,2211,Grasas y aceites,221115,Las demás grasas y aceites animales,15161010
Agroalimentario,22,Grasas y aceites,2211,Grasas y aceites,221115,Las demás grasas y aceites animales,15161090
Agroalimentario,22,Grasas y aceites,2211,Grasas y aceites,221116,"Las demas grasas y aceites vegetales, y de orig",15081090
Agroalimentario,22,Grasas y aceites,2211,Grasas y aceites,221116,"Las demas grasas y aceites vegetales, y de orig",15089010
Agroalimentario,22,Grasas y aceites,2211,Grasas y aceites,221116,"Las demas grasas y aceites vegetales, y de orig",15089090
Agroalimentario,22,Grasas y aceites,2211,Grasas y aceites,221116,"Las demas grasas y aceites vegetales, y de orig",15111010
Agroalimentario,22,Grasas y aceites,2211,Grasas y aceites,221116,"Las demas grasas y aceites vegetales, y de orig",15111090
Agroalimentario,22,Grasas y aceites,2211,Grasas y aceites,221116,"Las demas grasas y aceites vegetales, y de orig",15119011
Agroalimentario,22,Grasas y aceites,2211,Grasas y aceites,221116,"Las demas grasas y aceites vegetales, y de orig",15119019
Agroalimentario,22,Grasas y aceites,2211,Grasas y aceites,221116,"Las demas grasas y aceites vegetales, y de orig",15119091
Agroalimentario,22,Grasas y aceites,2211,Grasas y aceites,221116,"Las demas grasas y aceites vegetales, y de orig",15119099
Agroalimentario,22,Grasas y aceites,2211,Grasas y aceites,221116,"Las demas grasas y aceites vegetales, y de orig",15131110
Agroalimentario,22,Grasas y aceites,2211,Grasas y aceites,221116,"Las demas grasas y aceites vegetales, y de orig",15131191
Agroalimentario,22,Grasas y aceites,2211,Grasas y aceites,221116,"Las demas grasas y aceites vegetales, y de orig",15131199
Agroalimentario,22,Grasas y aceites,2211,Grasas y aceites,221116,"Las demas grasas y aceites vegetales, y de orig",15131911
Agroalimentario,22,Grasas y aceites,2211,Grasas y aceites,221116,"Las demas grasas y aceites vegetales, y de orig",15131919
Agroalimentario,22,Grasas y aceites,2211,Grasas y aceites,221116,"Las demas grasas y aceites vegetales, y de orig",15131930
Agroalimentario,22,Grasas y aceites,2211,Grasas y aceites,221116,"Las demas grasas y aceites vegetales, y de orig",15131991
Agroalimentario,22,Grasas y aceites,2211,Grasas y aceites,221116,"Las demas grasas y aceites vegetales, y de orig",15131999
Agroalimentario,22,Grasas y aceites,2211,Grasas y aceites,221116,"Las demas grasas y aceites vegetales, y de orig",15132110
Agroalimentario,22,Grasas y aceites,2211,Grasas y aceites,221116,"Las demas grasas y aceites vegetales, y de orig",15132190
Agroalimentario,22,Grasas y aceites,2211,Grasas y aceites,221116,"Las demas grasas y aceites vegetales, y de orig",15132911
Agroalimentario,22,Grasas y aceites,2211,Grasas y aceites,221116,"Las demas grasas y aceites vegetales, y de orig",15132919
Agroalimentario,22,Grasas y aceites,2211,Grasas y aceites,221116,"Las demas grasas y aceites vegetales, y de orig",15132930
Agroalimentario,22,Grasas y aceites,2211,Grasas y aceites,221116,"Las demas grasas y aceites vegetales, y de orig",15132950
Agroalimentario,22,Grasas y aceites,2211,Grasas y aceites,221116,"Las demas grasas y aceites vegetales, y de orig",15132990
Agroalimentario,22,Grasas y aceites,2211,Grasas y aceites,221116,"Las demas grasas y aceites vegetales, y de orig",15141110
Agroalimentario,22,Grasas y aceites,2211,Grasas y aceites,221116,"Las demas grasas y aceites vegetales, y de orig",15141190
Agroalimentario,22,Grasas y aceites,2211,Grasas y aceites,221116,"Las demas grasas y aceites vegetales, y de orig",15141910
Agroalimentario,22,Grasas y aceites,2211,Grasas y aceites,221116,"Las demas grasas y aceites vegetales, y de orig",15141990
Agroalimentario,22,Grasas y aceites,2211,Grasas y aceites,221116,"Las demas grasas y aceites vegetales, y de orig",15149110
Agroalimentario,22,Grasas y aceites,2211,Grasas y aceites,221116,"Las demas grasas y aceites vegetales, y de orig",15149190
Agroalimentario,22,Grasas y aceites,2211,Grasas y aceites,221116,"Las demas grasas y aceites vegetales, y de orig",15149990
Agroalimentario,22,Grasas y aceites,2211,Grasas y aceites,221116,"Las demas grasas y aceites vegetales, y de orig",15151100
Agroalimentario,22,Grasas y aceites,2211,Grasas y aceites,221116,"Las demas grasas y aceites vegetales, y de orig",15151910
Agroalimentario,22,Grasas y aceites,2211,Grasas y aceites,221116,"Las demas grasas y aceites vegetales, y de orig",15151990
Agroalimentario,22,Grasas y aceites,2211,Grasas y aceites,221116,"Las demas grasas y aceites vegetales, y de orig",15152110
Agroalimentario,22,Grasas y aceites,2211,Grasas y aceites,221116,"Las demas grasas y aceites vegetales, y de orig",15152190
Agroalimentario,22,Grasas y aceites,2211,Grasas y aceites,221116,"Las demas grasas y aceites vegetales, y de orig",15152910
Agroalimentario,22,Grasas y aceites,2211,Grasas y aceites,221116,"Las demas grasas y aceites vegetales, y de orig",15152990
Agroalimentario,22,Grasas y aceites,2211,Grasas y aceites,221116,"Las demas grasas y aceites vegetales, y de orig",15153010
Agroalimentario,22,Grasas y aceites,2211,Grasas y aceites,221116,"Las demas grasas y aceites vegetales, y de orig",15153090
Agroalimentario,22,Grasas y aceites,2211,Grasas y aceites,221116,"Las demas grasas y aceites vegetales, y de orig",15155011
Agroalimentario,22,Grasas y aceites,2211,Grasas y aceites,221116,"Las demas grasas y aceites vegetales, y de orig",15155019
Agroalimentario,22,Grasas y aceites,2211,Grasas y aceites,221116,"Las demas grasas y aceites vegetales, y de orig",15155091
Agroalimentario,22,Grasas y aceites,2211,Grasas y aceites,221116,"Las demas grasas y aceites vegetales, y de orig",15155099
Agroalimentario,22,Grasas y aceites,2211,Grasas y aceites,221116,"Las demas grasas y aceites vegetales, y de orig",15156059
Agroalimentario,22,Grasas y aceites,2211,Grasas y aceites,221116,"Las demas grasas y aceites vegetales, y de orig",15156091
Agroalimentario,22,Grasas y aceites,2211,Grasas y aceites,221116,"Las demas grasas y aceites vegetales, y de orig",15156099
Agroalimentario,22,Grasas y aceites,2211,Grasas y aceites,221116,"Las demas grasas y aceites vegetales, y de orig",15159011
Agroalimentario,22,Grasas y aceites,2211,Grasas y aceites,221116,"Las demas grasas y aceites vegetales, y de orig",15159021
Agroalimentario,22,Grasas y aceites,2211,Grasas y aceites,221116,"Las demas grasas y aceites vegetales, y de orig",15159029
Agroalimentario,22,Grasas y aceites,2211,Grasas y aceites,221116,"Las demas grasas y aceites vegetales, y de orig",15159039
Agroalimentario,22,Grasas y aceites,2211,Grasas y aceites,221116,"Las demas grasas y aceites vegetales, y de orig",15159040
Agroalimentario,22,Grasas y aceites,2211,Grasas y aceites,221116,"Las demas grasas y aceites vegetales, y de orig",15159051
Agroalimentario,22,Grasas y aceites,2211,Grasas y aceites,221116,"Las demas grasas y aceites vegetales, y de orig",15159059
Agroalimentario,22,Grasas y aceites,2211,Grasas y aceites,221116,"Las demas grasas y aceites vegetales, y de orig",15159060
Agroalimentario,22,Grasas y aceites,2211,Grasas y aceites,221116,"Las demas grasas y aceites vegetales, y de orig",15159091
Agroalimentario,22,Grasas y aceites,2211,Grasas y aceites,221116,"Las demas grasas y aceites vegetales, y de orig",15159099
Agroalimentario,22,Grasas y aceites,2211,Grasas y aceites,221116,"Las demas grasas y aceites vegetales, y de orig",15162010
Agroalimentario,22,Grasas y aceites,2211,Grasas y aceites,221116,"Las demas grasas y aceites vegetales, y de orig",15162091
Agroalimentario,22,Grasas y aceites,2211,Grasas y aceites,221116,"Las demas grasas y aceites vegetales, y de orig",15162095
Agroalimentario,22,Grasas y aceites,2211,Grasas y aceites,221116,"Las demas grasas y aceites vegetales, y de orig",15162096
Agroalimentario,22,Grasas y aceites,2211,Grasas y aceites,221116,"Las demas grasas y aceites vegetales, y de orig",15162098
Agroalimentario,22,Grasas y aceites,2211,Grasas y aceites,221116,"Las demas grasas y aceites vegetales, y de orig",15163098
Agroalimentario,22,Grasas y aceites,2211,Grasas y aceites,221116,"Las demas grasas y aceites vegetales, y de orig",15200000
Agroalimentario,22,Grasas y aceites,2211,Grasas y aceites,221116,"Las demas grasas y aceites vegetales, y de orig",15211000
Agroalimentario,22,Grasas y aceites,2211,Grasas y aceites,221116,"Las demas grasas y aceites vegetales, y de orig",15219010
Agroalimentario,22,Grasas y aceites,2211,Grasas y aceites,221116,"Las demas grasas y aceites vegetales, y de orig",15219091
Agroalimentario,22,Grasas y aceites,2211,Grasas y aceites,221116,"Las demas grasas y aceites vegetales, y de orig",15219099
Agroalimentario,22,Grasas y aceites,2211,Grasas y aceites,221117,Residuos,15180010
Agroalimentario,22,Grasas y aceites,2211,Grasas y aceites,221117,Residuos,15180031
Agroalimentario,22,Grasas y aceites,2211,Grasas y aceites,221117,Residuos,15180039
Agroalimentario,22,Grasas y aceites,2211,Grasas y aceites,221117,Residuos,15180091
Agroalimentario,22,Grasas y aceites,2211,Grasas y aceites,221117,Residuos,15180095
Agroalimentario,22,Grasas y aceites,2211,Grasas y aceites,221117,Residuos,15180099
Agroalimentario,22,Grasas y aceites,2211,Grasas y aceites,221117,Residuos,15220010
Agroalimentario,22,Grasas y aceites,2211,Grasas y aceites,221117,Residuos,15220039
Agroalimentario,22,Grasas y aceites,2211,Grasas y aceites,221117,Residuos,15220099
Agroalimentario,23,"Semillas, oleaginosas, mandíoca y forraje",2311,"Semillas, oleaginosas, mandíoca y forraje",231111,Soja,12011000
Agroalimentario,23,"Semillas, oleaginosas, mandíoca y forraje",2311,"Semillas, oleaginosas, mandíoca y forraje",231111,Soja,12019000
Agroalimentario,23,"Semillas, oleaginosas, mandíoca y forraje",2311,"Semillas, oleaginosas, mandíoca y forraje",231112,Girasol,12060010
Agroalimentario,23,"Semillas, oleaginosas, mandíoca y forraje",2311,"Semillas, oleaginosas, mandíoca y forraje",231112,Girasol,12060091
Agroalimentario,23,"Semillas, oleaginosas, mandíoca y forraje",2311,"Semillas, oleaginosas, mandíoca y forraje",231112,Girasol,12060099
Agroalimentario,23,"Semillas, oleaginosas, mandíoca y forraje",2311,"Semillas, oleaginosas, mandíoca y forraje",231113,Otros productos del cápitulo 12,12024100
Agroalimentario,23,"Semillas, oleaginosas, mandíoca y forraje",2311,"Semillas, oleaginosas, mandíoca y forraje",231113,Otros productos del cápitulo 12,12024200
Agroalimentario,23,"Semillas, oleaginosas, mandíoca y forraje",2311,"Semillas, oleaginosas, mandíoca y forraje",231113,Otros productos del cápitulo 12,12040010
Agroalimentario,23,"Semillas, oleaginosas, mandíoca y forraje",2311,"Semillas, oleaginosas, mandíoca y forraje",231113,Otros productos del cápitulo 12,12040090
Agroalimentario,23,"Semillas, oleaginosas, mandíoca y forraje",2311,"Semillas, oleaginosas, mandíoca y forraje",231113,Otros productos del cápitulo 12,12051010
Agroalimentario,23,"Semillas, oleaginosas, mandíoca y forraje",2311,"Semillas, oleaginosas, mandíoca y forraje",231113,Otros productos del cápitulo 12,12051090
Agroalimentario,23,"Semillas, oleaginosas, mandíoca y forraje",2311,"Semillas, oleaginosas, mandíoca y forraje",231113,Otros productos del cápitulo 12,12059000
Agroalimentario,23,"Semillas, oleaginosas, mandíoca y forraje",2311,"Semillas, oleaginosas, mandíoca y forraje",231113,Otros productos del cápitulo 12,12071000
Agroalimentario,23,"Semillas, oleaginosas, mandíoca y forraje",2311,"Semillas, oleaginosas, mandíoca y forraje",231113,Otros productos del cápitulo 12,12072100
Agroalimentario,23,"Semillas, oleaginosas, mandíoca y forraje",2311,"Semillas, oleaginosas, mandíoca y forraje",231113,Otros productos del cápitulo 12,12072900
Agroalimentario,23,"Semillas, oleaginosas, mandíoca y forraje",2311,"Semillas, oleaginosas, mandíoca y forraje",231113,Otros productos del cápitulo 12,12074010
Agroalimentario,23,"Semillas, oleaginosas, mandíoca y forraje",2311,"Semillas, oleaginosas, mandíoca y forraje",231113,Otros productos del cápitulo 12,12074090
Agroalimentario,23,"Semillas, oleaginosas, mandíoca y forraje",2311,"Semillas, oleaginosas, mandíoca y forraje",231113,Otros productos del cápitulo 12,12075010
Agroalimentario,23,"Semillas, oleaginosas, mandíoca y forraje",2311,"Semillas, oleaginosas, mandíoca y forraje",231113,Otros productos del cápitulo 12,12075090
Agroalimentario,23,"Semillas, oleaginosas, mandíoca y forraje",2311,"Semillas, oleaginosas, mandíoca y forraje",231113,Otros productos del cápitulo 12,12076000
Agroalimentario,23,"Semillas, oleaginosas, mandíoca y forraje",2311,"Semillas, oleaginosas, mandíoca y forraje",231113,Otros productos del cápitulo 12,12077000
Agroalimentario,23,"Semillas, oleaginosas, mandíoca y forraje",2311,"Semillas, oleaginosas, mandíoca y forraje",231113,Otros productos del cápitulo 12,12079110
Agroalimentario,23,"Semillas, oleaginosas, mandíoca y forraje",2311,"Semillas, oleaginosas, mandíoca y forraje",231113,Otros productos del cápitulo 12,12079190
Agroalimentario,23,"Semillas, oleaginosas, mandíoca y forraje",2311,"Semillas, oleaginosas, mandíoca y forraje",231113,Otros productos del cápitulo 12,12079920
Agroalimentario,23,"Semillas, oleaginosas, mandíoca y forraje",2311,"Semillas, oleaginosas, mandíoca y forraje",231113,Otros productos del cápitulo 12,12079991
Agroalimentario,23,"Semillas, oleaginosas, mandíoca y forraje",2311,"Semillas, oleaginosas, mandíoca y forraje",231113,Otros productos del cápitulo 12,12079996
Agroalimentario,23,"Semillas, oleaginosas, mandíoca y forraje",2311,"Semillas, oleaginosas, mandíoca y forraje",231113,Otros productos del cápitulo 12,12081000
Agroalimentario,23,"Semillas, oleaginosas, mandíoca y forraje",2311,"Semillas, oleaginosas, mandíoca y forraje",231113,Otros productos del cápitulo 12,12089000
Agroalimentario,23,"Semillas, oleaginosas, mandíoca y forraje",2311,"Semillas, oleaginosas, mandíoca y forraje",231113,Otros productos del cápitulo 12,12091000
Agroalimentario,23,"Semillas, oleaginosas, mandíoca y forraje",2311,"Semillas, oleaginosas, mandíoca y forraje",231113,Otros productos del cápitulo 12,12092100
Agroalimentario,23,"Semillas, oleaginosas, mandíoca y forraje",2311,"Semillas, oleaginosas, mandíoca y forraje",231113,Otros productos del cápitulo 12,12092210
Agroalimentario,23,"Semillas, oleaginosas, mandíoca y forraje",2311,"Semillas, oleaginosas, mandíoca y forraje",231113,Otros productos del cápitulo 12,12092280
Agroalimentario,23,"Semillas, oleaginosas, mandíoca y forraje",2311,"Semillas, oleaginosas, mandíoca y forraje",231113,Otros productos del cápitulo 12,12092311
Agroalimentario,23,"Semillas, oleaginosas, mandíoca y forraje",2311,"Semillas, oleaginosas, mandíoca y forraje",231113,Otros productos del cápitulo 12,12092315
Agroalimentario,23,"Semillas, oleaginosas, mandíoca y forraje",2311,"Semillas, oleaginosas, mandíoca y forraje",231113,Otros productos del cápitulo 12,12092380
Agroalimentario,23,"Semillas, oleaginosas, mandíoca y forraje",2311,"Semillas, oleaginosas, mandíoca y forraje",231113,Otros productos del cápitulo 12,12092400
Agroalimentario,23,"Semillas, oleaginosas, mandíoca y forraje",2311,"Semillas, oleaginosas, mandíoca y forraje",231113,Otros productos del cápitulo 12,12092510
Agroalimentario,23,"Semillas, oleaginosas, mandíoca y forraje",2311,"Semillas, oleaginosas, mandíoca y forraje",231113,Otros productos del cápitulo 12,12092590
Agroalimentario,23,"Semillas, oleaginosas, mandíoca y forraje",2311,"Semillas, oleaginosas, mandíoca y forraje",231113,Otros productos del cápitulo 12,12092945
Agroalimentario,23,"Semillas, oleaginosas, mandíoca y forraje",2311,"Semillas, oleaginosas, mandíoca y forraje",231113,Otros productos del cápitulo 12,12092950
Agroalimentario,23,"Semillas, oleaginosas, mandíoca y forraje",2311,"Semillas, oleaginosas, mandíoca y forraje",231113,Otros productos del cápitulo 12,12092960
Agroalimentario,23,"Semillas, oleaginosas, mandíoca y forraje",2311,"Semillas, oleaginosas, mandíoca y forraje",231113,Otros productos del cápitulo 12,12092980
Agroalimentario,23,"Semillas, oleaginosas, mandíoca y forraje",2311,"Semillas, oleaginosas, mandíoca y forraje",231113,Otros productos del cápitulo 12,12093000
Agroalimentario,23,"Semillas, oleaginosas, mandíoca y forraje",2311,"Semillas, oleaginosas, mandíoca y forraje",231113,Otros productos del cápitulo 12,12099130
Agroalimentario,23,"Semillas, oleaginosas, mandíoca y forraje",2311,"Semillas, oleaginosas, mandíoca y forraje",231113,Otros productos del cápitulo 12,12099180
Agroalimentario,23,"Semillas, oleaginosas, mandíoca y forraje",2311,"Semillas, oleaginosas, mandíoca y forraje",231113,Otros productos del cápitulo 12,12099910
Agroalimentario,23,"Semillas, oleaginosas, mandíoca y forraje",2311,"Semillas, oleaginosas, mandíoca y forraje",231113,Otros productos del cápitulo 12,12099991
Agroalimentario,23,"Semillas, oleaginosas, mandíoca y forraje",2311,"Semillas, oleaginosas, mandíoca y forraje",231113,Otros productos del cápitulo 12,12099999
Agroalimentario,23,"Semillas, oleaginosas, mandíoca y forraje",2311,"Semillas, oleaginosas, mandíoca y forraje",231113,Otros productos del cápitulo 12,12101000
Agroalimentario,23,"Semillas, oleaginosas, mandíoca y forraje",2311,"Semillas, oleaginosas, mandíoca y forraje",231113,Otros productos del cápitulo 12,12102010
Agroalimentario,23,"Semillas, oleaginosas, mandíoca y forraje",2311,"Semillas, oleaginosas, mandíoca y forraje",231113,Otros productos del cápitulo 12,12102090
Agroalimentario,23,"Semillas, oleaginosas, mandíoca y forraje",2311,"Semillas, oleaginosas, mandíoca y forraje",231113,Otros productos del cápitulo 12,12112000
Agroalimentario,23,"Semillas, oleaginosas, mandíoca y forraje",2311,"Semillas, oleaginosas, mandíoca y forraje",231113,Otros productos del cápitulo 12,12114000
Agroalimentario,23,"Semillas, oleaginosas, mandíoca y forraje",2311,"Semillas, oleaginosas, mandíoca y forraje",231113,Otros productos del cápitulo 12,12116000
Agroalimentario,23,"Semillas, oleaginosas, mandíoca y forraje",2311,"Semillas, oleaginosas, mandíoca y forraje",231113,Otros productos del cápitulo 12,12119030
Agroalimentario,23,"Semillas, oleaginosas, mandíoca y forraje",2311,"Semillas, oleaginosas, mandíoca y forraje",231113,Otros productos del cápitulo 12,12119086
Agroalimentario,23,"Semillas, oleaginosas, mandíoca y forraje",2311,"Semillas, oleaginosas, mandíoca y forraje",231113,Otros productos del cápitulo 12,12122100
Agroalimentario,23,"Semillas, oleaginosas, mandíoca y forraje",2311,"Semillas, oleaginosas, mandíoca y forraje",231113,Otros productos del cápitulo 12,12122900
Agroalimentario,23,"Semillas, oleaginosas, mandíoca y forraje",2311,"Semillas, oleaginosas, mandíoca y forraje",231113,Otros productos del cápitulo 12,12129120
Agroalimentario,23,"Semillas, oleaginosas, mandíoca y forraje",2311,"Semillas, oleaginosas, mandíoca y forraje",231113,Otros productos del cápitulo 12,12129180
Agroalimentario,23,"Semillas, oleaginosas, mandíoca y forraje",2311,"Semillas, oleaginosas, mandíoca y forraje",231113,Otros productos del cápitulo 12,12129200
Agroalimentario,23,"Semillas, oleaginosas, mandíoca y forraje",2311,"Semillas, oleaginosas, mandíoca y forraje",231113,Otros productos del cápitulo 12,12129300
Agroalimentario,23,"Semillas, oleaginosas, mandíoca y forraje",2311,"Semillas, oleaginosas, mandíoca y forraje",231113,Otros productos del cápitulo 12,12129941
Agroalimentario,23,"Semillas, oleaginosas, mandíoca y forraje",2311,"Semillas, oleaginosas, mandíoca y forraje",231113,Otros productos del cápitulo 12,12129949
Agroalimentario,23,"Semillas, oleaginosas, mandíoca y forraje",2311,"Semillas, oleaginosas, mandíoca y forraje",231113,Otros productos del cápitulo 12,12129995
Agroalimentario,23,"Semillas, oleaginosas, mandíoca y forraje",2311,"Semillas, oleaginosas, mandíoca y forraje",231114,Forrajes,12130000
Agroalimentario,23,"Semillas, oleaginosas, mandíoca y forraje",2311,"Semillas, oleaginosas, mandíoca y forraje",231114,Forrajes,12141000
Agroalimentario,23,"Semillas, oleaginosas, mandíoca y forraje",2311,"Semillas, oleaginosas, mandíoca y forraje",231114,Forrajes,12149010
Agroalimentario,23,"Semillas, oleaginosas, mandíoca y forraje",2311,"Semillas, oleaginosas, mandíoca y forraje",231114,Forrajes,12149090
Agroalimentario,23,"Semillas, oleaginosas, mandíoca y forraje",2311,"Semillas, oleaginosas, mandíoca y forraje",231115,Mandioca,07141000
Agroalimentario,23,"Semillas, oleaginosas, mandíoca y forraje",2311,"Semillas, oleaginosas, mandíoca y forraje",231115,Mandioca,07142010
Agroalimentario,23,"Semillas, oleaginosas, mandíoca y forraje",2311,"Semillas, oleaginosas, mandíoca y forraje",231115,Mandioca,07142090
Agroalimentario,23,"Semillas, oleaginosas, mandíoca y forraje",2311,"Semillas, oleaginosas, mandíoca y forraje",231115,Mandioca,07143000
Agroalimentario,23,"Semillas, oleaginosas, mandíoca y forraje",2311,"Semillas, oleaginosas, mandíoca y forraje",231115,Mandioca,07144000
Agroalimentario,23,"Semillas, oleaginosas, mandíoca y forraje",2311,"Semillas, oleaginosas, mandíoca y forraje",231115,Mandioca,07145000
Agroalimentario,23,"Semillas, oleaginosas, mandíoca y forraje",2311,"Semillas, oleaginosas, mandíoca y forraje",231115,Mandioca,07149020
Agroalimentario,23,"Semillas, oleaginosas, mandíoca y forraje",2311,"Semillas, oleaginosas, mandíoca y forraje",231115,Mandioca,07149090
Agroalimentario,24,"Café, té, cacao y azucar",2411,"Café, té, cacao y azucar",241111,Café,09011100
Agroalimentario,24,"Café, té, cacao y azucar",2411,"Café, té, cacao y azucar",241111,Café,09011200
Agroalimentario,24,"Café, té, cacao y azucar",2411,"Café, té, cacao y azucar",241111,Café,09012100
Agroalimentario,24,"Café, té, cacao y azucar",2411,"Café, té, cacao y azucar",241111,Café,09012200
Agroalimentario,24,"Café, té, cacao y azucar",2411,"Café, té, cacao y azucar",241111,Café,09019010
Agroalimentario,24,"Café, té, cacao y azucar",2411,"Café, té, cacao y azucar",241111,Café,09019090
Agroalimentario,24,"Café, té, cacao y azucar",2411,"Café, té, cacao y azucar",241112,Extractos de café,21011100
Agroalimentario,24,"Café, té, cacao y azucar",2411,"Café, té, cacao y azucar",241112,Extractos de café,21011292
Agroalimentario,24,"Café, té, cacao y azucar",2411,"Café, té, cacao y azucar",241112,Extractos de café,21011298
Agroalimentario,24,"Café, té, cacao y azucar",2411,"Café, té, cacao y azucar",241113,Sucedaneos de café,21013011
Agroalimentario,24,"Café, té, cacao y azucar",2411,"Café, té, cacao y azucar",241113,Sucedaneos de café,21013019
Agroalimentario,24,"Café, té, cacao y azucar",2411,"Café, té, cacao y azucar",241113,Sucedaneos de café,21013091
Agroalimentario,24,"Café, té, cacao y azucar",2411,"Café, té, cacao y azucar",241113,Sucedaneos de café,21013099
Agroalimentario,24,"Café, té, cacao y azucar",2411,"Café, té, cacao y azucar",241114,Té,09021000
Agroalimentario,24,"Café, té, cacao y azucar",2411,"Café, té, cacao y azucar",241114,Té,09022000
Agroalimentario,24,"Café, té, cacao y azucar",2411,"Café, té, cacao y azucar",241114,Té,09023000
Agroalimentario,24,"Café, té, cacao y azucar",2411,"Café, té, cacao y azucar",241114,Té,09024000
Agroalimentario,24,"Café, té, cacao y azucar",2411,"Café, té, cacao y azucar",241114,Té,09030000
Agroalimentario,24,"Café, té, cacao y azucar",2411,"Café, té, cacao y azucar",241114,Té,21012020
Agroalimentario,24,"Café, té, cacao y azucar",2411,"Café, té, cacao y azucar",241114,Té,21012092
Agroalimentario,24,"Café, té, cacao y azucar",2411,"Café, té, cacao y azucar",241114,Té,21012098
Agroalimentario,24,"Café, té, cacao y azucar",2411,"Café, té, cacao y azucar",241115,Cacao,18010000
Agroalimentario,24,"Café, té, cacao y azucar",2411,"Café, té, cacao y azucar",241115,Cacao,18020000
Agroalimentario,24,"Café, té, cacao y azucar",2411,"Café, té, cacao y azucar",241115,Cacao,18031000
Agroalimentario,24,"Café, té, cacao y azucar",2411,"Café, té, cacao y azucar",241115,Cacao,18032000
Agroalimentario,24,"Café, té, cacao y azucar",2411,"Café, té, cacao y azucar",241115,Cacao,18040000
Agroalimentario,24,"Café, té, cacao y azucar",2411,"Café, té, cacao y azucar",241115,Cacao,18050000
Agroalimentario,24,"Café, té, cacao y azucar",2411,"Café, té, cacao y azucar",241116,Azucar,17011210
Agroalimentario,24,"Café, té, cacao y azucar",2411,"Café, té, cacao y azucar",241116,Azucar,17011290
Agroalimentario,24,"Café, té, cacao y azucar",2411,"Café, té, cacao y azucar",241116,Azucar,17011310
Agroalimentario,24,"Café, té, cacao y azucar",2411,"Café, té, cacao y azucar",241116,Azucar,17011390
Agroalimentario,24,"Café, té, cacao y azucar",2411,"Café, té, cacao y azucar",241116,Azucar,17011410
Agroalimentario,24,"Café, té, cacao y azucar",2411,"Café, té, cacao y azucar",241116,Azucar,17011490
Agroalimentario,24,"Café, té, cacao y azucar",2411,"Café, té, cacao y azucar",241116,Azucar,17019100
Agroalimentario,24,"Café, té, cacao y azucar",2411,"Café, té, cacao y azucar",241116,Azucar,17019910
Agroalimentario,24,"Café, té, cacao y azucar",2411,"Café, té, cacao y azucar",241116,Azucar,17019990
Agroalimentario,24,"Café, té, cacao y azucar",2411,"Café, té, cacao y azucar",241116,Azucar,17021100
Agroalimentario,24,"Café, té, cacao y azucar",2411,"Café, té, cacao y azucar",241116,Azucar,17021900
Agroalimentario,24,"Café, té, cacao y azucar",2411,"Café, té, cacao y azucar",241116,Azucar,17022010
Agroalimentario,24,"Café, té, cacao y azucar",2411,"Café, té, cacao y azucar",241116,Azucar,17022090
Agroalimentario,24,"Café, té, cacao y azucar",2411,"Café, té, cacao y azucar",241116,Azucar,17023010
Agroalimentario,24,"Café, té, cacao y azucar",2411,"Café, té, cacao y azucar",241116,Azucar,17023050
Agroalimentario,24,"Café, té, cacao y azucar",2411,"Café, té, cacao y azucar",241116,Azucar,17023090
Agroalimentario,24,"Café, té, cacao y azucar",2411,"Café, té, cacao y azucar",241116,Azucar,17024010
Agroalimentario,24,"Café, té, cacao y azucar",2411,"Café, té, cacao y azucar",241116,Azucar,17024090
Agroalimentario,24,"Café, té, cacao y azucar",2411,"Café, té, cacao y azucar",241116,Azucar,17025000
Agroalimentario,24,"Café, té, cacao y azucar",2411,"Café, té, cacao y azucar",241116,Azucar,17026080
Agroalimentario,24,"Café, té, cacao y azucar",2411,"Café, té, cacao y azucar",241116,Azucar,17026095
Agroalimentario,24,"Café, té, cacao y azucar",2411,"Café, té, cacao y azucar",241116,Azucar,17029010
Agroalimentario,24,"Café, té, cacao y azucar",2411,"Café, té, cacao y azucar",241116,Azucar,17029030
Agroalimentario,24,"Café, té, cacao y azucar",2411,"Café, té, cacao y azucar",241116,Azucar,17029050
Agroalimentario,24,"Café, té, cacao y azucar",2411,"Café, té, cacao y azucar",241116,Azucar,17029071
Agroalimentario,24,"Café, té, cacao y azucar",2411,"Café, té, cacao y azucar",241116,Azucar,17029075
Agroalimentario,24,"Café, té, cacao y azucar",2411,"Café, té, cacao y azucar",241116,Azucar,17029079
Agroalimentario,24,"Café, té, cacao y azucar",2411,"Café, té, cacao y azucar",241116,Azucar,17029080
Agroalimentario,24,"Café, té, cacao y azucar",2411,"Café, té, cacao y azucar",241116,Azucar,17029095
Agroalimentario,24,"Café, té, cacao y azucar",2411,"Café, té, cacao y azucar",241117,Melazas,17031000
Agroalimentario,24,"Café, té, cacao y azucar",2411,"Café, té, cacao y azucar",241117,Melazas,17039000
Agroalimentario,25,Industrias agroalimentarias,2511,Industrias agroalimentarias,251111,Miel,04090000
Agroalimentario,25,Industrias agroalimentarias,2511,Industrias agroalimentarias,251112,Extractos y jugos y otros productos de origen a,04101010
Agroalimentario,25,Industrias agroalimentarias,2511,Industrias agroalimentarias,251112,Extractos y jugos y otros productos de origen a,04101091
Agroalimentario,25,Industrias agroalimentarias,2511,Industrias agroalimentarias,251112,Extractos y jugos y otros productos de origen a,04101099
Agroalimentario,25,Industrias agroalimentarias,2511,Industrias agroalimentarias,251112,Extractos y jugos y otros productos de origen a,04109000
Agroalimentario,25,Industrias agroalimentarias,2511,Industrias agroalimentarias,251112,Extractos y jugos y otros productos de origen a,16030010
Agroalimentario,25,Industrias agroalimentarias,2511,Industrias agroalimentarias,251112,Extractos y jugos y otros productos de origen a,16030080
Agroalimentario,25,Industrias agroalimentarias,2511,Industrias agroalimentarias,251113,Levaduras,21021010
Agroalimentario,25,Industrias agroalimentarias,2511,Industrias agroalimentarias,251113,Levaduras,21021031
Agroalimentario,25,Industrias agroalimentarias,2511,Industrias agroalimentarias,251113,Levaduras,21021039
Agroalimentario,25,Industrias agroalimentarias,2511,Industrias agroalimentarias,251113,Levaduras,21021090
Agroalimentario,25,Industrias agroalimentarias,2511,Industrias agroalimentarias,251113,Levaduras,21022011
Agroalimentario,25,Industrias agroalimentarias,2511,Industrias agroalimentarias,251113,Levaduras,21022019
Agroalimentario,25,Industrias agroalimentarias,2511,Industrias agroalimentarias,251113,Levaduras,21022090
Agroalimentario,25,Industrias agroalimentarias,2511,Industrias agroalimentarias,251113,Levaduras,21023000
Agroalimentario,25,Industrias agroalimentarias,2511,Industrias agroalimentarias,251114,Otras preparaciones alimenticias,21061020
Agroalimentario,25,Industrias agroalimentarias,2511,Industrias agroalimentarias,251114,Otras preparaciones alimenticias,21061080
Agroalimentario,25,Industrias agroalimentarias,2511,Industrias agroalimentarias,251114,Otras preparaciones alimenticias,21069020
Agroalimentario,25,Industrias agroalimentarias,2511,Industrias agroalimentarias,251114,Otras preparaciones alimenticias,21069030
Agroalimentario,25,Industrias agroalimentarias,2511,Industrias agroalimentarias,251114,Otras preparaciones alimenticias,21069051
Agroalimentario,25,Industrias agroalimentarias,2511,Industrias agroalimentarias,251114,Otras preparaciones alimenticias,21069055
Agroalimentario,25,Industrias agroalimentarias,2511,Industrias agroalimentarias,251114,Otras preparaciones alimenticias,21069059
Agroalimentario,25,Industrias agroalimentarias,2511,Industrias agroalimentarias,251114,Otras preparaciones alimenticias,21069092
Agroalimentario,25,Industrias agroalimentarias,2511,Industrias agroalimentarias,251114,Otras preparaciones alimenticias,21069098
Agroalimentario,25,Industrias agroalimentarias,2511,Industrias agroalimentarias,251115,Especias,09041100
Agroalimentario,25,Industrias agroalimentarias,2511,Industrias agroalimentarias,251115,Especias,09041200
Agroalimentario,25,Industrias agroalimentarias,2511,Industrias agroalimentarias,251115,Especias,09042110
Agroalimentario,25,Industrias agroalimentarias,2511,Industrias agroalimentarias,251115,Especias,09042190
Agroalimentario,25,Industrias agroalimentarias,2511,Industrias agroalimentarias,251115,Especias,09042200
Agroalimentario,25,Industrias agroalimentarias,2511,Industrias agroalimentarias,251115,Especias,09051000
Agroalimentario,25,Industrias agroalimentarias,2511,Industrias agroalimentarias,251115,Especias,09052000
Agroalimentario,25,Industrias agroalimentarias,2511,Industrias agroalimentarias,251115,Especias,09061100
Agroalimentario,25,Industrias agroalimentarias,2511,Industrias agroalimentarias,251115,Especias,09061900
Agroalimentario,25,Industrias agroalimentarias,2511,Industrias agroalimentarias,251115,Especias,09062000
Agroalimentario,25,Industrias agroalimentarias,2511,Industrias agroalimentarias,251115,Especias,09071000
Agroalimentario,25,Industrias agroalimentarias,2511,Industrias agroalimentarias,251115,Especias,09072000
Agroalimentario,25,Industrias agroalimentarias,2511,Industrias agroalimentarias,251115,Especias,09081100
Agroalimentario,25,Industrias agroalimentarias,2511,Industrias agroalimentarias,251115,Especias,09081200
Agroalimentario,25,Industrias agroalimentarias,2511,Industrias agroalimentarias,251115,Especias,09082100
Agroalimentario,25,Industrias agroalimentarias,2511,Industrias agroalimentarias,251115,Especias,09082200
Agroalimentario,25,Industrias agroalimentarias,2511,Industrias agroalimentarias,251115,Especias,09083100
Agroalimentario,25,Industrias agroalimentarias,2511,Industrias agroalimentarias,251115,Especias,09083200
Agroalimentario,25,Industrias agroalimentarias,2511,Industrias agroalimentarias,251115,Especias,09092100
Agroalimentario,25,Industrias agroalimentarias,2511,Industrias agroalimentarias,251115,Especias,09092200
Agroalimentario,25,Industrias agroalimentarias,2511,Industrias agroalimentarias,251115,Especias,09093100
Agroalimentario,25,Industrias agroalimentarias,2511,Industrias agroalimentarias,251115,Especias,09093200
Agroalimentario,25,Industrias agroalimentarias,2511,Industrias agroalimentarias,251115,Especias,09096100
Agroalimentario,25,Industrias agroalimentarias,2511,Industrias agroalimentarias,251115,Especias,09096200
Agroalimentario,25,Industrias agroalimentarias,2511,Industrias agroalimentarias,251115,Especias,09101100
Agroalimentario,25,Industrias agroalimentarias,2511,Industrias agroalimentarias,251115,Especias,09101200
Agroalimentario,25,Industrias agroalimentarias,2511,Industrias agroalimentarias,251115,Especias,09102010
Agroalimentario,25,Industrias agroalimentarias,2511,Industrias agroalimentarias,251115,Especias,09102090
Agroalimentario,25,Industrias agroalimentarias,2511,Industrias agroalimentarias,251115,Especias,09103000
Agroalimentario,25,Industrias agroalimentarias,2511,Industrias agroalimentarias,251115,Especias,09109105
Agroalimentario,25,Industrias agroalimentarias,2511,Industrias agroalimentarias,251115,Especias,09109110
Agroalimentario,25,Industrias agroalimentarias,2511,Industrias agroalimentarias,251115,Especias,09109190
Agroalimentario,25,Industrias agroalimentarias,2511,Industrias agroalimentarias,251115,Especias,09109910
Agroalimentario,25,Industrias agroalimentarias,2511,Industrias agroalimentarias,251115,Especias,09109931
Agroalimentario,25,Industrias agroalimentarias,2511,Industrias agroalimentarias,251115,Especias,09109933
Agroalimentario,25,Industrias agroalimentarias,2511,Industrias agroalimentarias,251115,Especias,09109939
Agroalimentario,25,Industrias agroalimentarias,2511,Industrias agroalimentarias,251115,Especias,09109950
Agroalimentario,25,Industrias agroalimentarias,2511,Industrias agroalimentarias,251115,Especias,09109991
Agroalimentario,25,Industrias agroalimentarias,2511,Industrias agroalimentarias,251115,Especias,09109999
Agroalimentario,25,Industrias agroalimentarias,2511,Industrias agroalimentarias,251116,"Gomas, resinas y demás jugos y extractos vegeta",13012000
Agroalimentario,25,Industrias agroalimentarias,2511,Industrias agroalimentarias,251116,"Gomas, resinas y demás jugos y extractos vegeta",13019000
Agroalimentario,25,Industrias agroalimentarias,2511,Industrias agroalimentarias,251116,"Gomas, resinas y demás jugos y extractos vegeta",13021100
Agroalimentario,25,Industrias agroalimentarias,2511,Industrias agroalimentarias,251116,"Gomas, resinas y demás jugos y extractos vegeta",13021200
Agroalimentario,25,Industrias agroalimentarias,2511,Industrias agroalimentarias,251116,"Gomas, resinas y demás jugos y extractos vegeta",13021300
Agroalimentario,25,Industrias agroalimentarias,2511,Industrias agroalimentarias,251116,"Gomas, resinas y demás jugos y extractos vegeta",13021400
Agroalimentario,25,Industrias agroalimentarias,2511,Industrias agroalimentarias,251116,"Gomas, resinas y demás jugos y extractos vegeta",13021905
Agroalimentario,25,Industrias agroalimentarias,2511,Industrias agroalimentarias,251116,"Gomas, resinas y demás jugos y extractos vegeta",13021970
Agroalimentario,25,Industrias agroalimentarias,2511,Industrias agroalimentarias,251116,"Gomas, resinas y demás jugos y extractos vegeta",13022010
Agroalimentario,25,Industrias agroalimentarias,2511,Industrias agroalimentarias,251116,"Gomas, resinas y demás jugos y extractos vegeta",13022090
Agroalimentario,25,Industrias agroalimentarias,2511,Industrias agroalimentarias,251116,"Gomas, resinas y demás jugos y extractos vegeta",13023100
Agroalimentario,25,Industrias agroalimentarias,2511,Industrias agroalimentarias,251116,"Gomas, resinas y demás jugos y extractos vegeta",13023210
Agroalimentario,25,Industrias agroalimentarias,2511,Industrias agroalimentarias,251116,"Gomas, resinas y demás jugos y extractos vegeta",13023290
Agroalimentario,25,Industrias agroalimentarias,2511,Industrias agroalimentarias,251116,"Gomas, resinas y demás jugos y extractos vegeta",13023900
Agroalimentario,25,Industrias agroalimentarias,2511,Industrias agroalimentarias,251117,Articulos sin cacao de confitería,17041010
Agroalimentario,25,Industrias agroalimentarias,2511,Industrias agroalimentarias,251117,Articulos sin cacao de confitería,17041090
Agroalimentario,25,Industrias agroalimentarias,2511,Industrias agroalimentarias,251117,Articulos sin cacao de confitería,17049010
Agroalimentario,25,Industrias agroalimentarias,2511,Industrias agroalimentarias,251117,Articulos sin cacao de confitería,17049030
Agroalimentario,25,Industrias agroalimentarias,2511,Industrias agroalimentarias,251117,Articulos sin cacao de confitería,17049051
Agroalimentario,25,Industrias agroalimentarias,2511,Industrias agroalimentarias,251117,Articulos sin cacao de confitería,17049055
Agroalimentario,25,Industrias agroalimentarias,2511,Industrias agroalimentarias,251117,Articulos sin cacao de confitería,17049061
Agroalimentario,25,Industrias agroalimentarias,2511,Industrias agroalimentarias,251117,Articulos sin cacao de confitería,17049065
Agroalimentario,25,Industrias agroalimentarias,2511,Industrias agroalimentarias,251117,Articulos sin cacao de confitería,17049071
Agroalimentario,25,Industrias agroalimentarias,2511,Industrias agroalimentarias,251117,Articulos sin cacao de confitería,17049075
Agroalimentario,25,Industrias agroalimentarias,2511,Industrias agroalimentarias,251117,Articulos sin cacao de confitería,17049081
Agroalimentario,25,Industrias agroalimentarias,2511,Industrias agroalimentarias,251117,Articulos sin cacao de confitería,17049099
Agroalimentario,25,Industrias agroalimentarias,2511,Industrias agroalimentarias,251118,Chocolate y preparaciones alimenticias con caca,18061015
Agroalimentario,25,Industrias agroalimentarias,2511,Industrias agroalimentarias,251118,Chocolate y preparaciones alimenticias con caca,18061020
Agroalimentario,25,Industrias agroalimentarias,2511,Industrias agroalimentarias,251118,Chocolate y preparaciones alimenticias con caca,18061030
Agroalimentario,25,Industrias agroalimentarias,2511,Industrias agroalimentarias,251118,Chocolate y preparaciones alimenticias con caca,18061090
Agroalimentario,25,Industrias agroalimentarias,2511,Industrias agroalimentarias,251118,Chocolate y preparaciones alimenticias con caca,18062010
Agroalimentario,25,Industrias agroalimentarias,2511,Industrias agroalimentarias,251118,Chocolate y preparaciones alimenticias con caca,18062030
Agroalimentario,25,Industrias agroalimentarias,2511,Industrias agroalimentarias,251118,Chocolate y preparaciones alimenticias con caca,18062050
Agroalimentario,25,Industrias agroalimentarias,2511,Industrias agroalimentarias,251118,Chocolate y preparaciones alimenticias con caca,18062070
Agroalimentario,25,Industrias agroalimentarias,2511,Industrias agroalimentarias,251118,Chocolate y preparaciones alimenticias con caca,18062080
Agroalimentario,25,Industrias agroalimentarias,2511,Industrias agroalimentarias,251118,Chocolate y preparaciones alimenticias con caca,18062095
Agroalimentario,25,Industrias agroalimentarias,2511,Industrias agroalimentarias,251118,Chocolate y preparaciones alimenticias con caca,18063100
Agroalimentario,25,Industrias agroalimentarias,2511,Industrias agroalimentarias,251118,Chocolate y preparaciones alimenticias con caca,18063210
Agroalimentario,25,Industrias agroalimentarias,2511,Industrias agroalimentarias,251118,Chocolate y preparaciones alimenticias con caca,18063290
Agroalimentario,25,Industrias agroalimentarias,2511,Industrias agroalimentarias,251118,Chocolate y preparaciones alimenticias con caca,18069011
Agroalimentario,25,Industrias agroalimentarias,2511,Industrias agroalimentarias,251118,Chocolate y preparaciones alimenticias con caca,18069019
Agroalimentario,25,Industrias agroalimentarias,2511,Industrias agroalimentarias,251118,Chocolate y preparaciones alimenticias con caca,18069031
Agroalimentario,25,Industrias agroalimentarias,2511,Industrias agroalimentarias,251118,Chocolate y preparaciones alimenticias con caca,18069039
Agroalimentario,25,Industrias agroalimentarias,2511,Industrias agroalimentarias,251118,Chocolate y preparaciones alimenticias con caca,18069050
Agroalimentario,25,Industrias agroalimentarias,2511,Industrias agroalimentarias,251118,Chocolate y preparaciones alimenticias con caca,18069060
Agroalimentario,25,Industrias agroalimentarias,2511,Industrias agroalimentarias,251118,Chocolate y preparaciones alimenticias con caca,18069070
Agroalimentario,25,Industrias agroalimentarias,2511,Industrias agroalimentarias,251118,Chocolate y preparaciones alimenticias con caca,18069090
Agroalimentario,25,Industrias agroalimentarias,2511,Industrias agroalimentarias,251119,Pastas alimenticias,19021100
Agroalimentario,25,Industrias agroalimentarias,2511,Industrias agroalimentarias,251119,Pastas alimenticias,19021910
Agroalimentario,25,Industrias agroalimentarias,2511,Industrias agroalimentarias,251119,Pastas alimenticias,19021990
Agroalimentario,25,Industrias agroalimentarias,2511,Industrias agroalimentarias,251119,Pastas alimenticias,19022010
Agroalimentario,25,Industrias agroalimentarias,2511,Industrias agroalimentarias,251119,Pastas alimenticias,19022030
Agroalimentario,25,Industrias agroalimentarias,2511,Industrias agroalimentarias,251119,Pastas alimenticias,19022091
Agroalimentario,25,Industrias agroalimentarias,2511,Industrias agroalimentarias,251119,Pastas alimenticias,19022099
Agroalimentario,25,Industrias agroalimentarias,2511,Industrias agroalimentarias,251119,Pastas alimenticias,19023010
Agroalimentario,25,Industrias agroalimentarias,2511,Industrias agroalimentarias,251119,Pastas alimenticias,19023090
Agroalimentario,25,Industrias agroalimentarias,2511,Industrias agroalimentarias,251119,Pastas alimenticias,19024010
Agroalimentario,25,Industrias agroalimentarias,2511,Industrias agroalimentarias,251119,Pastas alimenticias,19024090
Agroalimentario,25,Industrias agroalimentarias,2511,Industrias agroalimentarias,251120,"Panadería, pastelería y galletería",19051000
Agroalimentario,25,Industrias agroalimentarias,2511,Industrias agroalimentarias,251120,"Panadería, pastelería y galletería",19052010
Agroalimentario,25,Industrias agroalimentarias,2511,Industrias agroalimentarias,251120,"Panadería, pastelería y galletería",19052030
Agroalimentario,25,Industrias agroalimentarias,2511,Industrias agroalimentarias,251120,"Panadería, pastelería y galletería",19052090
Agroalimentario,25,Industrias agroalimentarias,2511,Industrias agroalimentarias,251120,"Panadería, pastelería y galletería",19053111
Agroalimentario,25,Industrias agroalimentarias,2511,Industrias agroalimentarias,251120,"Panadería, pastelería y galletería",19053119
Agroalimentario,25,Industrias agroalimentarias,2511,Industrias agroalimentarias,251120,"Panadería, pastelería y galletería",19053130
Agroalimentario,25,Industrias agroalimentarias,2511,Industrias agroalimentarias,251120,"Panadería, pastelería y galletería",19053191
Agroalimentario,25,Industrias agroalimentarias,2511,Industrias agroalimentarias,251120,"Panadería, pastelería y galletería",19053199
Agroalimentario,25,Industrias agroalimentarias,2511,Industrias agroalimentarias,251120,"Panadería, pastelería y galletería",19053205
Agroalimentario,25,Industrias agroalimentarias,2511,Industrias agroalimentarias,251120,"Panadería, pastelería y galletería",19053211
Agroalimentario,25,Industrias agroalimentarias,2511,Industrias agroalimentarias,251120,"Panadería, pastelería y galletería",19053219
Agroalimentario,25,Industrias agroalimentarias,2511,Industrias agroalimentarias,251120,"Panadería, pastelería y galletería",19053291
Agroalimentario,25,Industrias agroalimentarias,2511,Industrias agroalimentarias,251120,"Panadería, pastelería y galletería",19053299
Agroalimentario,25,Industrias agroalimentarias,2511,Industrias agroalimentarias,251120,"Panadería, pastelería y galletería",19054010
Agroalimentario,25,Industrias agroalimentarias,2511,Industrias agroalimentarias,251120,"Panadería, pastelería y galletería",19054090
Agroalimentario,25,Industrias agroalimentarias,2511,Industrias agroalimentarias,251120,"Panadería, pastelería y galletería",19059010
Agroalimentario,25,Industrias agroalimentarias,2511,Industrias agroalimentarias,251120,"Panadería, pastelería y galletería",19059020
Agroalimentario,25,Industrias agroalimentarias,2511,Industrias agroalimentarias,251120,"Panadería, pastelería y galletería",19059030
Agroalimentario,25,Industrias agroalimentarias,2511,Industrias agroalimentarias,251120,"Panadería, pastelería y galletería",19059045
Agroalimentario,25,Industrias agroalimentarias,2511,Industrias agroalimentarias,251120,"Panadería, pastelería y galletería",19059055
Agroalimentario,25,Industrias agroalimentarias,2511,Industrias agroalimentarias,251120,"Panadería, pastelería y galletería",19059070
Agroalimentario,25,Industrias agroalimentarias,2511,Industrias agroalimentarias,251120,"Panadería, pastelería y galletería",19059080
Agroalimentario,25,Industrias agroalimentarias,2511,Industrias agroalimentarias,251121,Otras preparaciones a base de harina y cereales,19011000
Agroalimentario,25,Industrias agroalimentarias,2511,Industrias agroalimentarias,251121,Otras preparaciones a base de harina y cereales,19012000
Agroalimentario,25,Industrias agroalimentarias,2511,Industrias agroalimentarias,251121,Otras preparaciones a base de harina y cereales,19019011
Agroalimentario,25,Industrias agroalimentarias,2511,Industrias agroalimentarias,251121,Otras preparaciones a base de harina y cereales,19019019
Agroalimentario,25,Industrias agroalimentarias,2511,Industrias agroalimentarias,251121,Otras preparaciones a base de harina y cereales,19019091
Agroalimentario,25,Industrias agroalimentarias,2511,Industrias agroalimentarias,251121,Otras preparaciones a base de harina y cereales,19030000
Agroalimentario,25,Industrias agroalimentarias,2511,Industrias agroalimentarias,251121,Otras preparaciones a base de harina y cereales,19041010
Agroalimentario,25,Industrias agroalimentarias,2511,Industrias agroalimentarias,251121,Otras preparaciones a base de harina y cereales,19041030
Agroalimentario,25,Industrias agroalimentarias,2511,Industrias agroalimentarias,251121,Otras preparaciones a base de harina y cereales,19041090
Agroalimentario,25,Industrias agroalimentarias,2511,Industrias agroalimentarias,251121,Otras preparaciones a base de harina y cereales,19042010
Agroalimentario,25,Industrias agroalimentarias,2511,Industrias agroalimentarias,251121,Otras preparaciones a base de harina y cereales,19042091
Agroalimentario,25,Industrias agroalimentarias,2511,Industrias agroalimentarias,251121,Otras preparaciones a base de harina y cereales,19042095
Agroalimentario,25,Industrias agroalimentarias,2511,Industrias agroalimentarias,251121,Otras preparaciones a base de harina y cereales,19042099
Agroalimentario,25,Industrias agroalimentarias,2511,Industrias agroalimentarias,251121,Otras preparaciones a base de harina y cereales,19043000
Agroalimentario,25,Industrias agroalimentarias,2511,Industrias agroalimentarias,251121,Otras preparaciones a base de harina y cereales,19049010
Agroalimentario,25,Industrias agroalimentarias,2511,Industrias agroalimentarias,251121,Otras preparaciones a base de harina y cereales,19049080
Agroalimentario,25,Industrias agroalimentarias,2511,Industrias agroalimentarias,251122,Salsas y sopas,21031000
Agroalimentario,25,Industrias agroalimentarias,2511,Industrias agroalimentarias,251122,Salsas y sopas,21032000
Agroalimentario,25,Industrias agroalimentarias,2511,Industrias agroalimentarias,251122,Salsas y sopas,21033010
Agroalimentario,25,Industrias agroalimentarias,2511,Industrias agroalimentarias,251122,Salsas y sopas,21033090
Agroalimentario,25,Industrias agroalimentarias,2511,Industrias agroalimentarias,251122,Salsas y sopas,21039010
Agroalimentario,25,Industrias agroalimentarias,2511,Industrias agroalimentarias,251122,Salsas y sopas,21039030
Agroalimentario,25,Industrias agroalimentarias,2511,Industrias agroalimentarias,251122,Salsas y sopas,21039090
Agroalimentario,25,Industrias agroalimentarias,2511,Industrias agroalimentarias,251122,Salsas y sopas,21041000
Agroalimentario,25,Industrias agroalimentarias,2511,Industrias agroalimentarias,251122,Salsas y sopas,21042000
Agroalimentario,25,Industrias agroalimentarias,2511,Industrias agroalimentarias,251123,Helados,21050010
Agroalimentario,25,Industrias agroalimentarias,2511,Industrias agroalimentarias,251123,Helados,21050091
Agroalimentario,25,Industrias agroalimentarias,2511,Industrias agroalimentarias,251123,Helados,21050099
Agroalimentario,25,Industrias agroalimentarias,2511,Industrias agroalimentarias,251124,Batidos y postres lácteos,19019095
Agroalimentario,25,Industrias agroalimentarias,2511,Industrias agroalimentarias,251124,Batidos y postres lácteos,19019099
Agroalimentario,25,Industrias agroalimentarias,2511,Industrias agroalimentarias,251124,Batidos y postres lácteos,22029991
Agroalimentario,25,Industrias agroalimentarias,2511,Industrias agroalimentarias,251124,Batidos y postres lácteos,22029995
Agroalimentario,25,Industrias agroalimentarias,2511,Industrias agroalimentarias,251124,Batidos y postres lácteos,22029999
Agroalimentario,AR,AgricolasSinClasificar,AARR,AgricolasSinClasificar,RESTO,AgricolasSinClasificar,05010000
Agroalimentario,AR,AgricolasSinClasificar,AARR,AgricolasSinClasificar,RESTO,AgricolasSinClasificar,05021000
Agroalimentario,AR,AgricolasSinClasificar,AARR,AgricolasSinClasificar,RESTO,AgricolasSinClasificar,05029000
Agroalimentario,AR,AgricolasSinClasificar,AARR,AgricolasSinClasificar,RESTO,AgricolasSinClasificar,05040000
Agroalimentario,AR,AgricolasSinClasificar,AARR,AgricolasSinClasificar,RESTO,AgricolasSinClasificar,05051010
Agroalimentario,AR,AgricolasSinClasificar,AARR,AgricolasSinClasificar,RESTO,AgricolasSinClasificar,05051090
Agroalimentario,AR,AgricolasSinClasificar,AARR,AgricolasSinClasificar,RESTO,AgricolasSinClasificar,05059000
Agroalimentario,AR,AgricolasSinClasificar,AARR,AgricolasSinClasificar,RESTO,AgricolasSinClasificar,05061000
Agroalimentario,AR,AgricolasSinClasificar,AARR,AgricolasSinClasificar,RESTO,AgricolasSinClasificar,05069000
Agroalimentario,AR,AgricolasSinClasificar,AARR,AgricolasSinClasificar,RESTO,AgricolasSinClasificar,05071000
Agroalimentario,AR,AgricolasSinClasificar,AARR,AgricolasSinClasificar,RESTO,AgricolasSinClasificar,05079000
Agroalimentario,AR,AgricolasSinClasificar,AARR,AgricolasSinClasificar,RESTO,AgricolasSinClasificar,05100000
Agroalimentario,AR,AgricolasSinClasificar,AARR,AgricolasSinClasificar,RESTO,AgricolasSinClasificar,05111000
Agroalimentario,AR,AgricolasSinClasificar,AARR,AgricolasSinClasificar,RESTO,AgricolasSinClasificar,05119110
Agroalimentario,AR,AgricolasSinClasificar,AARR,AgricolasSinClasificar,RESTO,AgricolasSinClasificar,05119190
Agroalimentario,AR,AgricolasSinClasificar,AARR,AgricolasSinClasificar,RESTO,AgricolasSinClasificar,05119910
Agroalimentario,AR,AgricolasSinClasificar,AARR,AgricolasSinClasificar,RESTO,AgricolasSinClasificar,05119931
Agroalimentario,AR,AgricolasSinClasificar,AARR,AgricolasSinClasificar,RESTO,AgricolasSinClasificar,05119939
Agroalimentario,AR,AgricolasSinClasificar,AARR,AgricolasSinClasificar,RESTO,AgricolasSinClasificar,05119985
Agroalimentario,AR,AgricolasSinClasificar,AARR,AgricolasSinClasificar,RESTO,AgricolasSinClasificar,14011000
Agroalimentario,AR,AgricolasSinClasificar,AARR,AgricolasSinClasificar,RESTO,AgricolasSinClasificar,14012000
Agroalimentario,AR,AgricolasSinClasificar,AARR,AgricolasSinClasificar,RESTO,AgricolasSinClasificar,14019000
Agroalimentario,AR,AgricolasSinClasificar,AARR,AgricolasSinClasificar,RESTO,AgricolasSinClasificar,14042000
Agroalimentario,AR,AgricolasSinClasificar,AARR,AgricolasSinClasificar,RESTO,AgricolasSinClasificar,14049000
