year,flujo,macro_sector,lv1,lit_lv1,lv2,lit_lv2,lv3,lit_lv3,lv4,lit_lv4,total_millones,top_paises_lv1,tva_lv1,top_paises_lv2,tva_lv2,top_paises_lv3,tva_lv3,top_paises_lv4,tva_lv4,pct_ue_lv3,pct_ue_lv4,estado
2021,E,Agroalimentario,11,Sectores Cárnicos,1111,Bovino,111111,Animales vivos de bovinos,NA,NA,266.33,"China, Francia, Portugal",3.8,"Portugal, Italia, Francia",11.4,"Argelia, Libia, Líbano",-11.6,"Argelia, Libia, Líbano",-11.6,30.0,NA,definitivo
2021,E,Agroalimentario,11,Sectores Cárnicos,1111,Bovino,111112,Carne fresca o refrigerada de bovino,NA,NA,686.61,"China, Francia, Portugal",3.8,"Portugal, Italia, Francia",11.4,"Portugal, Italia, Grecia",14.7,"Portugal, Italia, Grecia",14.7,96.1,NA,definitivo
2021,E,Agroalimentario,11,Sectores Cárnicos,1111,Bovino,111113,Carne congelada de bovino,NA,NA,204.19,"China, Francia, Portugal",3.8,"Portugal, Italia, Francia",11.4,"Portugal, Francia, Países Bajos",30.8,"Portugal, Francia, Países Bajos",30.8,67.8,NA,definitivo
2021,E,Agroalimentario,11,Sectores Cárnicos,1111,Bovino,111114,Preparaciones y despojos de bovino,NA,NA,29.92,"China, Francia, Portugal",3.8,"Portugal, Italia, Francia",11.4,"Portugal, Francia, Italia",46.9,"Portugal, Francia, Italia",46.9,85.4,NA,definitivo
2021,E,Agroalimentario,11,Sectores Cárnicos,1111,Bovino,111115,Despojos de bovino,NA,NA,61.46,"China, Francia, Portugal",3.8,"Portugal, Italia, Francia",11.4,"Francia, Portugal, Italia",37.8,"Francia, Portugal, Italia",37.8,64.9,NA,definitivo
2021,E,Agroalimentario,11,Sectores Cárnicos,1112,Ovino-caprino,111211,Animales vivos de ovino-caprino,NA,NA,130.09,"China, Francia, Portugal",3.8,"Francia, Italia, Arabia Saudí",11.8,"Arabia Saudí, Francia, Jordania",-24.9,"Arabia Saudí, Francia, Jordania",-24.9,55.0,NA,definitivo
2021,E,Agroalimentario,11,Sectores Cárnicos,1112,Ovino-caprino,111212,Carne de ovino-caprino,NA,NA,281.64,"China, Francia, Portugal",3.8,"Francia, Italia, Arabia Saudí",11.8,"Francia, Italia, Israel",43.8,"Francia, Italia, Israel",43.8,73.8,NA,definitivo
2021,E,Agroalimentario,11,Sectores Cárnicos,1112,Ovino-caprino,111213,Preparaciones de ovino-caprino,NA,NA,2.33,"China, Francia, Portugal",3.8,"Francia, Italia, Arabia Saudí",11.8,"Cuba, Portugal, Reino Unido",36.1,"Cuba, Portugal, Reino Unido",36.1,34.8,NA,definitivo
2021,E,Agroalimentario,11,Sectores Cárnicos,1112,Ovino-caprino,111214,Despojos,NA,NA,10.33,"China, Francia, Portugal",3.8,"Francia, Italia, Arabia Saudí",11.8,"Grecia, Francia, Italia",17.2,"Grecia, Francia, Italia",17.2,82.1,NA,definitivo
2021,E,Agroalimentario,11,Sectores Cárnicos,1113,Porcino,111311,Animales vivos de porcino,NA,NA,123.24,"China, Francia, Portugal",3.8,"China, Francia, Japón",0.6,"Portugal, Alemania, Italia",-21.5,"Portugal, Alemania, Italia",-21.5,99.7,NA,definitivo
2021,E,Agroalimentario,11,Sectores Cárnicos,1113,Porcino,111312,Carne fresca y refrigerada de porcino,NA,NA,1714.12,"China, Francia, Portugal",3.8,"China, Francia, Japón",0.6,"Francia, Italia, Portugal",-7.2,"Francia, Italia, Portugal",-7.2,93.8,NA,definitivo
2021,E,Agroalimentario,11,Sectores Cárnicos,1113,Porcino,111313,Carne congelada de porcino,NA,NA,3787.58,"China, Francia, Portugal",3.8,"China, Francia, Japón",0.6,"China, Japón, Corea del Sur",-0.6,"China, Japón, Corea del Sur",-0.6,10.0,NA,definitivo
2021,E,Agroalimentario,11,Sectores Cárnicos,1113,Porcino,111314,Tocino de porcino,NA,NA,179.29,"China, Francia, Portugal",3.8,"China, Francia, Japón",0.6,"China, Filipinas, Portugal",-2.0,"China, Filipinas, Portugal",-2.0,27.7,NA,definitivo
2021,E,Agroalimentario,11,Sectores Cárnicos,1113,Porcino,111315,Jamones y paleta de porcino,NA,NA,568.31,"China, Francia, Portugal",3.8,"China, Francia, Japón",0.6,"Francia, Alemania, Italia",16.4,"Francia, Alemania, Italia",16.4,65.6,NA,definitivo
2021,E,Agroalimentario,11,Sectores Cárnicos,1113,Porcino,111316,Preparaciones de porcino,NA,NA,689.29,"China, Francia, Portugal",3.8,"China, Francia, Japón",0.6,"Francia, Reino Unido, Portugal",7.7,"Francia, Reino Unido, Portugal",7.7,68.3,NA,definitivo
2021,E,Agroalimentario,11,Sectores Cárnicos,1113,Porcino,111317,Despojos de porcino,NA,NA,760.58,"China, Francia, Portugal",3.8,"China, Francia, Japón",0.6,"China, Filipinas, Francia",17.1,"China, Filipinas, Francia",17.1,7.7,NA,definitivo
2021,E,Agroalimentario,11,Sectores Cárnicos,1114,Aves y huevos,111411,Animales vivos de aves,NA,NA,79.07,"China, Francia, Portugal",3.8,"Francia, Portugal, Alemania",17.4,"Portugal, Argelia, Marruecos",15.6,"Portugal, Argelia, Marruecos",15.6,30.6,NA,definitivo
2021,E,Agroalimentario,11,Sectores Cárnicos,1114,Aves y huevos,111412,Carne de aves,NA,NA,414.17,"China, Francia, Portugal",3.8,"Francia, Portugal, Alemania",17.4,"Francia, Portugal, Sudáfrica",26.4,"Francia, Portugal, Sudáfrica",26.4,71.4,NA,definitivo
2021,E,Agroalimentario,11,Sectores Cárnicos,1114,Aves y huevos,111413,Huevos y Ovoproductos,NA,NA,246.68,"China, Francia, Portugal",3.8,"Francia, Portugal, Alemania",17.4,"Francia, Portugal, Países Bajos",5.7,"Francia, Portugal, Países Bajos",5.7,58.4,NA,definitivo
2021,E,Agroalimentario,11,Sectores Cárnicos,1114,Aves y huevos,111414,Preparados de aves,NA,NA,105.68,"China, Francia, Portugal",3.8,"Francia, Portugal, Alemania",17.4,"Portugal, Polonia, Alemania",16.8,"Portugal, Polonia, Alemania",16.8,72.8,NA,definitivo
2021,E,Agroalimentario,11,Sectores Cárnicos,1115,Otros animales,111511,Otros animales vivos,NA,NA,75.65,"China, Francia, Portugal",3.8,"Italia, Dinamarca, Países Bajos",23.3,"Países Bajos, Emiratos Árabes Unidos, Francia",22.6,"Países Bajos, Emiratos Árabes Unidos, Francia",22.6,57.2,NA,definitivo
2021,E,Agroalimentario,11,Sectores Cárnicos,1115,Otros animales,111512,Carne de otros animales,NA,NA,119.12,"China, Francia, Portugal",3.8,"Italia, Dinamarca, Países Bajos",23.3,"Italia, Dinamarca, Francia",23.8,"Italia, Dinamarca, Francia",23.8,87.4,NA,definitivo
2021,E,Agroalimentario,12,Lácteos,1211,Lácteos,121111,Leche,NA,NA,420.12,"Francia, Portugal, Italia",11.8,"Francia, Portugal, Italia",11.8,"Francia, China, Portugal",5.2,"Francia, China, Portugal",5.2,56.6,NA,definitivo
2021,E,Agroalimentario,12,Lácteos,1211,Lácteos,121112,Mantequilla,NA,NA,92.64,"Francia, Portugal, Italia",11.8,"Francia, Portugal, Italia",11.8,"Italia, Francia, Bélgica",22.8,"Italia, Francia, Bélgica",22.8,90.1,NA,definitivo
2021,E,Agroalimentario,12,Lácteos,1211,Lácteos,121113,Quesos,NA,NA,562.60,"Francia, Portugal, Italia",11.8,"Francia, Portugal, Italia",11.8,"Francia, Estados Unidos, Portugal",10.8,"Francia, Estados Unidos, Portugal",10.8,63.4,NA,definitivo
2021,E,Agroalimentario,12,Lácteos,1211,Lácteos,121114,Yogures y lactosueros,NA,NA,283.21,"Francia, Portugal, Italia",11.8,"Francia, Portugal, Italia",11.8,"Portugal, Francia, China",21.9,"Portugal, Francia, China",21.9,69.6,NA,definitivo
2021,E,Agroalimentario,13,Pesca,1311,Pesca,131111,Peces vivos,NA,NA,61.52,"Italia, Portugal, Francia",20.7,"Italia, Portugal, Francia",20.7,"Italia, Francia, Portugal",20.9,"Italia, Francia, Portugal",20.9,97.5,NA,definitivo
2021,E,Agroalimentario,13,Pesca,1311,Pesca,131112,Pescado fresco,NA,NA,643.19,"Italia, Portugal, Francia",20.7,"Italia, Portugal, Francia",20.7,"Italia, Portugal, Francia",30.7,"Italia, Portugal, Francia",30.7,85.4,NA,definitivo
2021,E,Agroalimentario,13,Pesca,1311,Pesca,131112,Pescado fresco,1311121,Merluza fresca,29.76,"Italia, Portugal, Francia",20.7,"Italia, Portugal, Francia",20.7,"Italia, Portugal, Francia",30.7,"Francia, Portugal, Argelia",12.3,85.4,80.4,definitivo
2021,E,Agroalimentario,13,Pesca,1311,Pesca,131112,Pescado fresco,1311122,Atún fresco,70.62,"Italia, Portugal, Francia",20.7,"Italia, Portugal, Francia",20.7,"Italia, Portugal, Francia",30.7,"Japón, Estados Unidos, Francia",5.4,85.4,36.1,definitivo
2021,E,Agroalimentario,13,Pesca,1311,Pesca,131112,Pescado fresco,1311123,Bacalao fresco,3.85,"Italia, Portugal, Francia",20.7,"Italia, Portugal, Francia",20.7,"Italia, Portugal, Francia",30.7,"Italia, Portugal, Francia",18.6,85.4,99.0,definitivo
2021,E,Agroalimentario,13,Pesca,1311,Pesca,131112,Pescado fresco,1311124,Rape fresco,4.89,"Italia, Portugal, Francia",20.7,"Italia, Portugal, Francia",20.7,"Italia, Portugal, Francia",30.7,"Portugal, Italia, Francia",9.1,85.4,95.7,definitivo
2021,E,Agroalimentario,13,Pesca,1311,Pesca,131112,Pescado fresco,1311125,Otro pescado fresco,534.08,"Italia, Portugal, Francia",20.7,"Italia, Portugal, Francia",20.7,"Italia, Portugal, Francia",30.7,"Italia, Portugal, Francia",36.6,85.4,92.0,definitivo
2021,E,Agroalimentario,13,Pesca,1311,Pesca,131113,Pescado congelado,NA,NA,1087.47,"Italia, Portugal, Francia",20.7,"Italia, Portugal, Francia",20.7,"Italia, Portugal, Francia",11.3,"Italia, Portugal, Francia",11.3,52.9,NA,definitivo
2021,E,Agroalimentario,13,Pesca,1311,Pesca,131113,Pescado congelado,1311131,Atún congelado,247.20,"Italia, Portugal, Francia",20.7,"Italia, Portugal, Francia",20.7,"Italia, Portugal, Francia",11.3,"Ecuador, Italia, Portugal",11.8,52.9,25.4,definitivo
2021,E,Agroalimentario,13,Pesca,1311,Pesca,131113,Pescado congelado,1311132,Merluza congelada (entera y filetes),189.84,"Italia, Portugal, Francia",20.7,"Italia, Portugal, Francia",20.7,"Italia, Portugal, Francia",11.3,"Portugal, Italia, Ucrania",21.3,52.9,66.8,definitivo
2021,E,Agroalimentario,13,Pesca,1311,Pesca,131113,Pescado congelado,1311133,Otro pescado congelado,650.44,"Italia, Portugal, Francia",20.7,"Italia, Portugal, Francia",20.7,"Italia, Portugal, Francia",11.3,"Italia, Portugal, Francia",8.5,52.9,59.3,definitivo
2021,E,Agroalimentario,13,Pesca,1311,Pesca,131114,"Moluscos, crustáceos y otros invertebrados acuáticos",NA,NA,1565.43,"Italia, Portugal, Francia",20.7,"Italia, Portugal, Francia",20.7,"Italia, Portugal, Francia",45.8,"Italia, Portugal, Francia",45.8,87.1,NA,definitivo
2021,E,Agroalimentario,13,Pesca,1311,Pesca,131114,"Moluscos, crustáceos y otros invertebrados acuáticos",1311141,Mejillón,53.02,"Italia, Portugal, Francia",20.7,"Italia, Portugal, Francia",20.7,"Italia, Portugal, Francia",45.8,"Italia, Francia, Portugal",34.7,87.1,97.5,definitivo
2021,E,Agroalimentario,13,Pesca,1311,Pesca,131114,"Moluscos, crustáceos y otros invertebrados acuáticos",1311142,Calamar y sepia,534.50,"Italia, Portugal, Francia",20.7,"Italia, Portugal, Francia",20.7,"Italia, Portugal, Francia",45.8,"Italia, Portugal, Francia",34.7,87.1,88.7,definitivo
2021,E,Agroalimentario,13,Pesca,1311,Pesca,131114,"Moluscos, crustáceos y otros invertebrados acuáticos",1311143,Pulpo,401.54,"Italia, Portugal, Francia",20.7,"Italia, Portugal, Francia",20.7,"Italia, Portugal, Francia",45.8,"Italia, Portugal, Estados Unidos",70.0,87.1,72.9,definitivo
2021,E,Agroalimentario,13,Pesca,1311,Pesca,131114,"Moluscos, crustáceos y otros invertebrados acuáticos",1311144,Langostino y gamba,418.11,"Italia, Portugal, Francia",20.7,"Italia, Portugal, Francia",20.7,"Italia, Portugal, Francia",45.8,"Italia, Portugal, Francia",41.5,87.1,95.8,definitivo
2021,E,Agroalimentario,13,Pesca,1311,Pesca,131114,"Moluscos, crustáceos y otros invertebrados acuáticos",1311145,Almeja y ostra,64.35,"Italia, Portugal, Francia",20.7,"Italia, Portugal, Francia",20.7,"Italia, Portugal, Francia",45.8,"Italia, Francia, Alemania",55.0,87.1,97.5,definitivo
2021,E,Agroalimentario,13,Pesca,1311,Pesca,131114,"Moluscos, crustáceos y otros invertebrados acuáticos",1311146,Otros moluscos y crustáceos,93.92,"Italia, Portugal, Francia",20.7,"Italia, Portugal, Francia",20.7,"Italia, Portugal, Francia",45.8,"Italia, Francia, Portugal",45.5,87.1,87.9,definitivo
2021,E,Agroalimentario,13,Pesca,1311,Pesca,131115,Los demás preparados de productos de la pesca,NA,NA,129.18,"Italia, Portugal, Francia",20.7,"Italia, Portugal, Francia",20.7,"Italia, Portugal, Francia",19.7,"Italia, Portugal, Francia",19.7,84.2,NA,definitivo
2021,E,Agroalimentario,13,Pesca,1311,Pesca,131116,Conservas de pescados,NA,NA,886.45,"Italia, Portugal, Francia",20.7,"Italia, Portugal, Francia",20.7,"Italia, Francia, Portugal",-4.8,"Italia, Francia, Portugal",-4.8,86.3,NA,definitivo
2021,E,Agroalimentario,13,Pesca,1311,Pesca,131116,Conservas de pescados,1311161,Atún y bonito en conserva,540.68,"Italia, Portugal, Francia",20.7,"Italia, Portugal, Francia",20.7,"Italia, Francia, Portugal",-4.8,"Italia, Francia, Portugal",-6.6,86.3,88.1,definitivo
2021,E,Agroalimentario,13,Pesca,1311,Pesca,131116,Conservas de pescados,1311162,Anchoa en conserva,49.99,"Italia, Portugal, Francia",20.7,"Italia, Portugal, Francia",20.7,"Italia, Francia, Portugal",-4.8,"Italia, Reino Unido, Suiza",5.6,86.3,54.6,definitivo
2021,E,Agroalimentario,13,Pesca,1311,Pesca,131116,Conservas de pescados,1311163,Sardina y caballa en conserva,29.05,"Italia, Portugal, Francia",20.7,"Italia, Portugal, Francia",20.7,"Italia, Francia, Portugal",-4.8,"Italia, Estados Unidos, Francia",5.1,86.3,64.9,definitivo
2021,E,Agroalimentario,13,Pesca,1311,Pesca,131116,Conservas de pescados,1311165,Otras conservas de pescado,266.74,"Italia, Portugal, Francia",20.7,"Italia, Portugal, Francia",20.7,"Italia, Francia, Portugal",-4.8,"Italia, Países Bajos, Francia",-3.8,86.3,90.9,definitivo
2021,E,Agroalimentario,13,Pesca,1311,Pesca,131117,Conservas de moluscos y crustáceos,NA,NA,252.24,"Italia, Portugal, Francia",20.7,"Italia, Portugal, Francia",20.7,"Estados Unidos, Francia, Italia",27.3,"Estados Unidos, Francia, Italia",27.3,69.1,NA,definitivo
2021,E,Agroalimentario,13,Pesca,1311,Pesca,131117,Conservas de moluscos y crustáceos,1311171,Mejillón en conserva,32.31,"Italia, Portugal, Francia",20.7,"Italia, Portugal, Francia",20.7,"Estados Unidos, Francia, Italia",27.3,"Francia, Italia, Estados Unidos",19.0,69.1,78.7,definitivo
2021,E,Agroalimentario,13,Pesca,1311,Pesca,131117,Conservas de moluscos y crustáceos,1311172,"Almeja, berberecho y arca en conserva",5.69,"Italia, Portugal, Francia",20.7,"Italia, Portugal, Francia",20.7,"Estados Unidos, Francia, Italia",27.3,"Portugal, Italia, Francia",32.7,69.1,78.5,definitivo
2021,E,Agroalimentario,13,Pesca,1311,Pesca,131117,Conservas de moluscos y crustáceos,1311174,Pulpo en conserva,73.94,"Italia, Portugal, Francia",20.7,"Italia, Portugal, Francia",20.7,"Estados Unidos, Francia, Italia",27.3,"Estados Unidos, Italia, Francia",114.2,69.1,54.5,definitivo
2021,E,Agroalimentario,13,Pesca,1311,Pesca,131117,Conservas de moluscos y crustáceos,1311175,Sepia y calamar en conserva,88.43,"Italia, Portugal, Francia",20.7,"Italia, Portugal, Francia",20.7,"Estados Unidos, Francia, Italia",27.3,"Francia, Estados Unidos, Italia",10.2,69.1,66.2,definitivo
2021,E,Agroalimentario,13,Pesca,1311,Pesca,131117,Conservas de moluscos y crustáceos,1311176,Otras conservas de moluscos y crustáceos,51.86,"Italia, Portugal, Francia",20.7,"Italia, Portugal, Francia",20.7,"Estados Unidos, Francia, Italia",27.3,"Italia, Francia, Portugal",-0.2,69.1,88.0,definitivo
2021,E,Agroalimentario,14,Cereales y productos de molinera,1411,Cereales,141111,Trigo,NA,NA,116.81,"Portugal, Francia, Bélgica",1.0,"Portugal, Francia, Bélgica",1.0,"Portugal, Francia, Mauritania",-26.5,"Portugal, Francia, Mauritania",-26.5,67.4,NA,definitivo
2021,E,Agroalimentario,14,Cereales y productos de molinera,1411,Cereales,141112,Cebada,NA,NA,71.53,"Portugal, Francia, Bélgica",1.0,"Portugal, Francia, Bélgica",1.0,"Portugal, Argelia, Francia",201.1,"Portugal, Argelia, Francia",201.1,54.3,NA,definitivo
2021,E,Agroalimentario,14,Cereales y productos de molinera,1411,Cereales,141113,Maíz,NA,NA,72.50,"Portugal, Francia, Bélgica",1.0,"Portugal, Francia, Bélgica",1.0,"Francia, Portugal, Reino Unido",-12.3,"Francia, Portugal, Reino Unido",-12.3,72.9,NA,definitivo
2021,E,Agroalimentario,14,Cereales y productos de molinera,1411,Cereales,141114,Arroz,NA,NA,161.63,"Portugal, Francia, Bélgica",1.0,"Portugal, Francia, Bélgica",1.0,"Bélgica, Reino Unido, Francia",-17.4,"Bélgica, Reino Unido, Francia",-17.4,68.6,NA,definitivo
2021,E,Agroalimentario,14,Cereales y productos de molinera,1411,Cereales,141115,Otros cereales,NA,NA,31.64,"Portugal, Francia, Bélgica",1.0,"Portugal, Francia, Bélgica",1.0,"Portugal, Francia, Estados Unidos",2.9,"Portugal, Francia, Estados Unidos",2.9,73.6,NA,definitivo
2021,E,Agroalimentario,14,Cereales y productos de molinera,1411,Cereales,141116,Harina de trigo,NA,NA,37.83,"Portugal, Francia, Bélgica",1.0,"Portugal, Francia, Bélgica",1.0,"Portugal, Francia, República Dominicana",-4.3,"Portugal, Francia, República Dominicana",-4.3,91.4,NA,definitivo
2021,E,Agroalimentario,14,Cereales y productos de molinera,1411,Cereales,141117,Otras harinas,NA,NA,16.68,"Portugal, Francia, Bélgica",1.0,"Portugal, Francia, Bélgica",1.0,"Portugal, Francia, Omán",-3.5,"Portugal, Francia, Omán",-3.5,65.8,NA,definitivo
2021,E,Agroalimentario,14,Cereales y productos de molinera,1411,Cereales,141118,Malta,NA,NA,33.25,"Portugal, Francia, Bélgica",1.0,"Portugal, Francia, Bélgica",1.0,"Portugal, Brasil, Túnez",62.9,"Portugal, Brasil, Túnez",62.9,48.8,NA,definitivo
2021,E,Agroalimentario,14,Cereales y productos de molinera,1411,Cereales,141119,Almidón,NA,NA,67.18,"Portugal, Francia, Bélgica",1.0,"Portugal, Francia, Bélgica",1.0,"Francia, Portugal, Marruecos",21.2,"Francia, Portugal, Marruecos",21.2,86.8,NA,definitivo
2021,E,Agroalimentario,14,Cereales y productos de molinera,1411,Cereales,141120,Grañones y sémola de trigo,NA,NA,39.90,"Portugal, Francia, Bélgica",1.0,"Portugal, Francia, Bélgica",1.0,"Francia, Costa de Marfil, Mali",4.2,"Francia, Costa de Marfil, Mali",4.2,43.1,NA,definitivo
2021,E,Agroalimentario,14,Cereales y productos de molinera,1411,Cereales,141121,Otros productos de cereales,NA,NA,143.75,"Portugal, Francia, Bélgica",1.0,"Portugal, Francia, Bélgica",1.0,"Francia, Reino Unido, Portugal",18.0,"Francia, Reino Unido, Portugal",18.0,64.2,NA,definitivo
2021,E,Agroalimentario,15,Industrias alimentarias y piensos,1511,Industrias alimentarias,151111,Residuos de productos alimentarios,NA,NA,464.11,"Francia, Portugal, Italia",19.6,"Francia, Portugal, Italia",19.6,"Francia, Italia, Portugal",15.7,"Francia, Italia, Portugal",15.7,79.7,NA,definitivo
2021,E,Agroalimentario,15,Industrias alimentarias y piensos,1511,Industrias alimentarias,151112,Piensos,NA,NA,1018.55,"Francia, Portugal, Italia",19.6,"Francia, Portugal, Italia",19.6,"Francia, Portugal, Italia",21.5,"Francia, Portugal, Italia",21.5,70.1,NA,definitivo
2021,E,Agroalimentario,16,Flores y plantas,1611,Flores y plantas,161111,Flores y plantas,NA,NA,571.35,"Francia, Países Bajos, Portugal",27.3,"Francia, Países Bajos, Portugal",27.3,"Francia, Países Bajos, Portugal",27.3,"Francia, Países Bajos, Portugal",27.3,79.8,NA,definitivo
2021,E,Agroalimentario,17,Hortalizas y legumbres,1711,Hortalizas y legumbres,171111,Tomate,NA,NA,976.25,"Alemania, Francia, Reino Unido",7.2,"Alemania, Francia, Reino Unido",7.2,"Alemania, Reino Unido, Francia",3.8,"Alemania, Reino Unido, Francia",3.8,82.9,NA,definitivo
2021,E,Agroalimentario,17,Hortalizas y legumbres,1711,Hortalizas y legumbres,171112,Pimiento,NA,NA,1325.60,"Alemania, Francia, Reino Unido",7.2,"Alemania, Francia, Reino Unido",7.2,"Alemania, Reino Unido, Francia",8.2,"Alemania, Reino Unido, Francia",8.2,80.9,NA,definitivo
2021,E,Agroalimentario,17,Hortalizas y legumbres,1711,Hortalizas y legumbres,171113,Pepino,NA,NA,724.28,"Alemania, Francia, Reino Unido",7.2,"Alemania, Francia, Reino Unido",7.2,"Alemania, Reino Unido, Países Bajos",10.9,"Alemania, Reino Unido, Países Bajos",10.9,81.0,NA,definitivo
2021,E,Agroalimentario,17,Hortalizas y legumbres,1711,Hortalizas y legumbres,171114,Lechuga,NA,NA,881.04,"Alemania, Francia, Reino Unido",7.2,"Alemania, Francia, Reino Unido",7.2,"Alemania, Francia, Reino Unido",16.1,"Alemania, Francia, Reino Unido",16.1,79.8,NA,definitivo
2021,E,Agroalimentario,17,Hortalizas y legumbres,1711,Hortalizas y legumbres,171115,Patata,NA,NA,113.19,"Alemania, Francia, Reino Unido",7.2,"Alemania, Francia, Reino Unido",7.2,"Portugal, Alemania, Bélgica",11.9,"Portugal, Alemania, Bélgica",11.9,90.3,NA,definitivo
2021,E,Agroalimentario,17,Hortalizas y legumbres,1711,Hortalizas y legumbres,171116,Cebolla,NA,NA,141.91,"Alemania, Francia, Reino Unido",7.2,"Alemania, Francia, Reino Unido",7.2,"Alemania, Reino Unido, Portugal",4.2,"Alemania, Reino Unido, Portugal",4.2,63.1,NA,definitivo
2021,E,Agroalimentario,17,Hortalizas y legumbres,1711,Hortalizas y legumbres,171117,Ajos,NA,NA,409.34,"Alemania, Francia, Reino Unido",7.2,"Alemania, Francia, Reino Unido",7.2,"Alemania, Estados Unidos, Italia",-2.6,"Alemania, Estados Unidos, Italia",-2.6,62.2,NA,definitivo
2021,E,Agroalimentario,17,Hortalizas y legumbres,1711,Hortalizas y legumbres,171118,Zanahoria,NA,NA,83.13,"Alemania, Francia, Reino Unido",7.2,"Alemania, Francia, Reino Unido",7.2,"Francia, Alemania, Países Bajos",6.8,"Francia, Alemania, Países Bajos",6.8,90.5,NA,definitivo
2021,E,Agroalimentario,17,Hortalizas y legumbres,1711,Hortalizas y legumbres,171119,Las demás hortalizas frescas,NA,NA,1891.16,"Alemania, Francia, Reino Unido",7.2,"Alemania, Francia, Reino Unido",7.2,"Reino Unido, Alemania, Francia",7.8,"Reino Unido, Alemania, Francia",7.8,74.1,NA,definitivo
2021,E,Agroalimentario,17,Hortalizas y legumbres,1711,Hortalizas y legumbres,171120,Hortalizas congeladas,NA,NA,671.66,"Alemania, Francia, Reino Unido",7.2,"Alemania, Francia, Reino Unido",7.2,"Francia, Alemania, Reino Unido",7.3,"Francia, Alemania, Reino Unido",7.3,68.6,NA,definitivo
2021,E,Agroalimentario,17,Hortalizas y legumbres,1711,Hortalizas y legumbres,171121,Hortalizas conservadas o secas,NA,NA,120.83,"Alemania, Francia, Reino Unido",7.2,"Alemania, Francia, Reino Unido",7.2,"Alemania, Francia, Italia",-13.7,"Alemania, Francia, Italia",-13.7,80.8,NA,definitivo
2021,E,Agroalimentario,17,Hortalizas y legumbres,1711,Hortalizas y legumbres,171122,Legumbres,NA,NA,41.83,"Alemania, Francia, Reino Unido",7.2,"Alemania, Francia, Reino Unido",7.2,"Alemania, Países Bajos, Francia",-16.7,"Alemania, Países Bajos, Francia",-16.7,83.8,NA,definitivo
2021,E,Agroalimentario,18,Frutas,1811,Frutas,181111,Cítricos,NA,NA,3497.45,"Alemania, Francia, Reino Unido",3.1,"Alemania, Francia, Reino Unido",3.1,"Alemania, Francia, Reino Unido",-6.1,"Alemania, Francia, Reino Unido",-6.1,84.4,NA,definitivo
2021,E,Agroalimentario,18,Frutas,1811,Frutas,181111,Cítricos,1811111,Naranjas,1190.49,"Alemania, Francia, Reino Unido",3.1,"Alemania, Francia, Reino Unido",3.1,"Alemania, Francia, Reino Unido",-6.1,"Alemania, Francia, Reino Unido",-8.3,84.4,84.5,definitivo
2021,E,Agroalimentario,18,Frutas,1811,Frutas,181111,Cítricos,1811112,Mandarinas y clementinas,1461.11,"Alemania, Francia, Reino Unido",3.1,"Alemania, Francia, Reino Unido",3.1,"Alemania, Francia, Reino Unido",-6.1,"Alemania, Francia, Reino Unido",0.8,84.4,82.9,definitivo
2021,E,Agroalimentario,18,Frutas,1811,Frutas,181111,Cítricos,1811113,Limones y limas,772.36,"Alemania, Francia, Reino Unido",3.1,"Alemania, Francia, Reino Unido",3.1,"Alemania, Francia, Reino Unido",-6.1,"Alemania, Francia, Reino Unido",-13.9,84.4,86.5,definitivo
2021,E,Agroalimentario,18,Frutas,1811,Frutas,181111,Cítricos,1811114,Otros cítricos,73.49,"Alemania, Francia, Reino Unido",3.1,"Alemania, Francia, Reino Unido",3.1,"Alemania, Francia, Reino Unido",-6.1,"Alemania, Francia, Reino Unido",-7.1,84.4,91.8,definitivo
2021,E,Agroalimentario,18,Frutas,1811,Frutas,181112,Melones y sandías,NA,NA,732.74,"Alemania, Francia, Reino Unido",3.1,"Alemania, Francia, Reino Unido",3.1,"Alemania, Francia, Reino Unido",-4.7,"Alemania, Francia, Reino Unido",-4.7,86.1,NA,definitivo
2021,E,Agroalimentario,18,Frutas,1811,Frutas,181112,Melones y sandías,1811121,Melones,300.60,"Alemania, Francia, Reino Unido",3.1,"Alemania, Francia, Reino Unido",3.1,"Alemania, Francia, Reino Unido",-4.7,"Francia, Alemania, Reino Unido",-6.8,86.1,84.1,definitivo
2021,E,Agroalimentario,18,Frutas,1811,Frutas,181112,Melones y sandías,1811122,Sandías,432.15,"Alemania, Francia, Reino Unido",3.1,"Alemania, Francia, Reino Unido",3.1,"Alemania, Francia, Reino Unido",-4.7,"Alemania, Francia, Reino Unido",-3.2,86.1,87.5,definitivo
2021,E,Agroalimentario,18,Frutas,1811,Frutas,181113,Melocotón y nectarina,NA,NA,902.82,"Alemania, Francia, Reino Unido",3.1,"Alemania, Francia, Reino Unido",3.1,"Alemania, Francia, Italia",5.9,"Alemania, Francia, Italia",5.9,85.8,NA,definitivo
2021,E,Agroalimentario,18,Frutas,1811,Frutas,181114,Fresas,NA,NA,722.54,"Alemania, Francia, Reino Unido",3.1,"Alemania, Francia, Reino Unido",3.1,"Alemania, Reino Unido, Francia",21.3,"Alemania, Reino Unido, Francia",21.3,80.1,NA,definitivo
2021,E,Agroalimentario,18,Frutas,1811,Frutas,181115,Los demás frutos rojos,NA,NA,987.99,"Alemania, Francia, Reino Unido",3.1,"Alemania, Francia, Reino Unido",3.1,"Alemania, Reino Unido, Países Bajos",17.9,"Alemania, Reino Unido, Países Bajos",17.9,75.2,NA,definitivo
2021,E,Agroalimentario,18,Frutas,1811,Frutas,181116,Caquis,NA,NA,203.37,"Alemania, Francia, Reino Unido",3.1,"Alemania, Francia, Reino Unido",3.1,"Alemania, Italia, Francia",-1.5,"Alemania, Italia, Francia",-1.5,77.1,NA,definitivo
2021,E,Agroalimentario,18,Frutas,1811,Frutas,181117,"Manzanas, peras y membrillos",NA,NA,212.40,"Alemania, Francia, Reino Unido",3.1,"Alemania, Francia, Reino Unido",3.1,"Italia, Francia, Marruecos",4.0,"Italia, Francia, Marruecos",4.0,53.2,NA,definitivo
2021,E,Agroalimentario,18,Frutas,1811,Frutas,181118,Plátano,NA,NA,78.22,"Alemania, Francia, Reino Unido",3.1,"Alemania, Francia, Reino Unido",3.1,"Portugal, Francia, Suiza",17.7,"Portugal, Francia, Suiza",17.7,95.0,NA,definitivo
2021,E,Agroalimentario,18,Frutas,1811,Frutas,181119,Almendras y avellanas,NA,NA,668.39,"Alemania, Francia, Reino Unido",3.1,"Alemania, Francia, Reino Unido",3.1,"Alemania, Francia, Italia",4.2,"Alemania, Francia, Italia",4.2,86.9,NA,definitivo
2021,E,Agroalimentario,18,Frutas,1811,Frutas,181119,Almendras y avellanas,1811191,Almendras,644.62,"Alemania, Francia, Reino Unido",3.1,"Alemania, Francia, Reino Unido",3.1,"Alemania, Francia, Italia",4.2,"Alemania, Francia, Italia",4.3,86.9,86.8,definitivo
2021,E,Agroalimentario,18,Frutas,1811,Frutas,181119,Almendras y avellanas,1811192,Avellanas,23.77,"Alemania, Francia, Reino Unido",3.1,"Alemania, Francia, Reino Unido",3.1,"Alemania, Francia, Italia",4.2,"Italia, Alemania, Francia",1.0,86.9,91.8,definitivo
2021,E,Agroalimentario,18,Frutas,1811,Frutas,181120,Uva,NA,NA,436.43,"Alemania, Francia, Reino Unido",3.1,"Alemania, Francia, Reino Unido",3.1,"Reino Unido, Alemania, Francia",5.3,"Reino Unido, Alemania, Francia",5.3,60.1,NA,definitivo
2021,E,Agroalimentario,18,Frutas,1811,Frutas,181121,Las demás frutas frescas y desecadas,NA,NA,1396.12,"Alemania, Francia, Reino Unido",3.1,"Alemania, Francia, Reino Unido",3.1,"Francia, Alemania, Italia",13.6,"Francia, Alemania, Italia",13.6,83.7,NA,definitivo
2021,E,Agroalimentario,18,Frutas,1811,Frutas,181122,Frutas congeladas,NA,NA,84.86,"Alemania, Francia, Reino Unido",3.1,"Alemania, Francia, Reino Unido",3.1,"Francia, Alemania, Reino Unido",3.7,"Francia, Alemania, Reino Unido",3.7,73.9,NA,definitivo
2021,E,Agroalimentario,18,Frutas,1811,Frutas,181123,Frutas conservadas provisionalmente y cortezas,NA,NA,56.64,"Alemania, Francia, Reino Unido",3.1,"Alemania, Francia, Reino Unido",3.1,"Alemania, Francia, Portugal",-4.5,"Alemania, Francia, Portugal",-4.5,85.0,NA,definitivo
2021,E,Agroalimentario,19,Conservas vegetales,1911,Conservas vegetales,191111,Tomate,NA,NA,439.57,"Francia, Reino Unido, Estados Unidos",4.8,"Francia, Reino Unido, Estados Unidos",4.8,"Alemania, Francia, Reino Unido",-2.1,"Alemania, Francia, Reino Unido",-2.1,70.7,NA,definitivo
2021,E,Agroalimentario,19,Conservas vegetales,1911,Conservas vegetales,191112,Aceituna,NA,NA,693.63,"Francia, Reino Unido, Estados Unidos",4.8,"Francia, Reino Unido, Estados Unidos",4.8,"Estados Unidos, Italia, Rusia",4.1,"Estados Unidos, Italia, Rusia",4.1,34.9,NA,definitivo
2021,E,Agroalimentario,19,Conservas vegetales,1911,Conservas vegetales,191113,Espárragos,NA,NA,13.99,"Francia, Reino Unido, Estados Unidos",4.8,"Francia, Reino Unido, Estados Unidos",4.8,"Francia, Suecia, Dinamarca",9.1,"Francia, Suecia, Dinamarca",9.1,93.5,NA,definitivo
2021,E,Agroalimentario,19,Conservas vegetales,1911,Conservas vegetales,191114,Las demás hortalizas,NA,NA,657.20,"Francia, Reino Unido, Estados Unidos",4.8,"Francia, Reino Unido, Estados Unidos",4.8,"Francia, Estados Unidos, Portugal",18.8,"Francia, Estados Unidos, Portugal",18.8,61.7,NA,definitivo
2021,E,Agroalimentario,19,Conservas vegetales,1911,Conservas vegetales,191115,Zumos,NA,NA,597.61,"Francia, Reino Unido, Estados Unidos",4.8,"Francia, Reino Unido, Estados Unidos",4.8,"Francia, Reino Unido, Alemania",-3.5,"Francia, Reino Unido, Alemania",-3.5,56.2,NA,definitivo
2021,E,Agroalimentario,19,Conservas vegetales,1911,Conservas vegetales,191116,Confituras y mermeladas,NA,NA,228.62,"Francia, Reino Unido, Estados Unidos",4.8,"Francia, Reino Unido, Estados Unidos",4.8,"Alemania, Francia, Países Bajos",12.7,"Alemania, Francia, Países Bajos",12.7,68.5,NA,definitivo
2021,E,Agroalimentario,19,Conservas vegetales,1911,Conservas vegetales,191117,Las demás frutas,NA,NA,468.31,"Francia, Reino Unido, Estados Unidos",4.8,"Francia, Reino Unido, Estados Unidos",4.8,"Francia, Alemania, Países Bajos",3.0,"Francia, Alemania, Países Bajos",3.0,71.0,NA,definitivo
2021,E,Agroalimentario,20,Vinos y bebidas,2011,Vinos y bebidas,201111,Agua,NA,NA,62.81,"Reino Unido, Francia, Alemania",16.1,"Reino Unido, Francia, Alemania",16.1,"Francia, Portugal, Marruecos",13.0,"Francia, Portugal, Marruecos",13.0,67.6,NA,definitivo
2021,E,Agroalimentario,20,Vinos y bebidas,2011,Vinos y bebidas,201112,Bebidas refrescantes,NA,NA,420.81,"Reino Unido, Francia, Alemania",16.1,"Reino Unido, Francia, Alemania",16.1,"Portugal, Reino Unido, Francia",25.1,"Portugal, Reino Unido, Francia",25.1,49.2,NA,definitivo
2021,E,Agroalimentario,20,Vinos y bebidas,2011,Vinos y bebidas,201113,Cerveza,NA,NA,272.96,"Reino Unido, Francia, Alemania",16.1,"Reino Unido, Francia, Alemania",16.1,"Reino Unido, China, Portugal",12.9,"Reino Unido, China, Portugal",12.9,32.6,NA,definitivo
2021,E,Agroalimentario,20,Vinos y bebidas,2011,Vinos y bebidas,201114,Mosto,NA,NA,294.28,"Reino Unido, Francia, Alemania",16.1,"Reino Unido, Francia, Alemania",16.1,"Italia, Francia, China",30.9,"Italia, Francia, China",30.9,62.8,NA,definitivo
2021,E,Agroalimentario,20,Vinos y bebidas,2011,Vinos y bebidas,201115,Vino,NA,NA,2890.58,"Reino Unido, Francia, Alemania",16.1,"Reino Unido, Francia, Alemania",16.1,"Reino Unido, Alemania, Estados Unidos",9.9,"Reino Unido, Alemania, Estados Unidos",9.9,45.2,NA,definitivo
2021,E,Agroalimentario,20,Vinos y bebidas,2011,Vinos y bebidas,201116,Vermut y vino aromátizado,NA,NA,77.14,"Reino Unido, Francia, Alemania",16.1,"Reino Unido, Francia, Alemania",16.1,"Estados Unidos, Francia, Japón",13.8,"Estados Unidos, Francia, Japón",13.8,31.1,NA,definitivo
2021,E,Agroalimentario,20,Vinos y bebidas,2011,Vinos y bebidas,201117,Otras bebidas fermentadas,NA,NA,32.86,"Reino Unido, Francia, Alemania",16.1,"Reino Unido, Francia, Alemania",16.1,"Estados Unidos, Chile, China",46.4,"Estados Unidos, Chile, China",46.4,29.1,NA,definitivo
2021,E,Agroalimentario,20,Vinos y bebidas,2011,Vinos y bebidas,201118,Bebidas espirituosas,NA,NA,863.11,"Reino Unido, Francia, Alemania",16.1,"Reino Unido, Francia, Alemania",16.1,"Filipinas, Alemania, Reino Unido",34.4,"Filipinas, Alemania, Reino Unido",34.4,52.2,NA,definitivo
2021,E,Agroalimentario,20,Vinos y bebidas,2011,Vinos y bebidas,201119,Alcohol,NA,NA,257.59,"Reino Unido, Francia, Alemania",16.1,"Reino Unido, Francia, Alemania",16.1,"Francia, Grecia, Portugal",10.8,"Francia, Grecia, Portugal",10.8,97.4,NA,definitivo
2021,E,Agroalimentario,20,Vinos y bebidas,2011,Vinos y bebidas,201120,Vinagre y sucedáneos,NA,NA,46.47,"Reino Unido, Francia, Alemania",16.1,"Reino Unido, Francia, Alemania",16.1,"Estados Unidos, Reino Unido, Francia",6.0,"Estados Unidos, Reino Unido, Francia",6.0,42.9,NA,definitivo
2021,E,Agroalimentario,21,Tabaco,2111,Tabaco,211111,Tabaco,NA,NA,236.60,"Alemania, Portugal, No determinado extra-UE",11.9,"Alemania, Portugal, No determinado extra-UE",11.9,"Alemania, Portugal, No determinado extra-UE",11.9,"Alemania, Portugal, No determinado extra-UE",11.9,62.3,NA,definitivo
2021,E,Agroalimentario,22,Grasas y aceites,2211,Grasas y aceites,221111,Aceite de soja,NA,NA,508.68,"Italia, Portugal, Estados Unidos",28.5,"Italia, Portugal, Estados Unidos",28.5,"Marruecos, Argelia, Reino Unido",93.9,"Marruecos, Argelia, Reino Unido",93.9,7.3,NA,definitivo
2021,E,Agroalimentario,22,Grasas y aceites,2211,Grasas y aceites,221112,Aceite de oliva,NA,NA,3521.53,"Italia, Portugal, Estados Unidos",28.5,"Italia, Portugal, Estados Unidos",28.5,"Italia, Estados Unidos, Portugal",17.9,"Italia, Estados Unidos, Portugal",17.9,52.9,NA,definitivo
2021,E,Agroalimentario,22,Grasas y aceites,2211,Grasas y aceites,221112,Aceite de oliva,2211121,Aceite de oliva virgen extra,2283.67,"Italia, Portugal, Estados Unidos",28.5,"Italia, Portugal, Estados Unidos",28.5,"Italia, Estados Unidos, Portugal",17.9,"Italia, Estados Unidos, Francia",15.4,52.9,54.1,definitivo
2021,E,Agroalimentario,22,Grasas y aceites,2211,Grasas y aceites,221112,Aceite de oliva,2211122,Aceite de oliva virgen y lampante,329.74,"Italia, Portugal, Estados Unidos",28.5,"Italia, Portugal, Estados Unidos",28.5,"Italia, Estados Unidos, Portugal",17.9,"Italia, Portugal, Francia",30.4,52.9,95.4,definitivo
2021,E,Agroalimentario,22,Grasas y aceites,2211,Grasas y aceites,221112,Aceite de oliva,2211123,Aceite de oliva refinado y mezclas,708.69,"Italia, Portugal, Estados Unidos",28.5,"Italia, Portugal, Estados Unidos",28.5,"Italia, Estados Unidos, Portugal",17.9,"Estados Unidos, Italia, Portugal",17.0,52.9,34.2,definitivo
2021,E,Agroalimentario,22,Grasas y aceites,2211,Grasas y aceites,221112,Aceite de oliva,2211124,Aceite de orujo y otros aceites de aceituna,199.43,"Italia, Portugal, Estados Unidos",28.5,"Italia, Portugal, Estados Unidos",28.5,"Italia, Estados Unidos, Portugal",17.9,"Italia, Estados Unidos, Portugal",33.4,52.9,34.5,definitivo
2021,E,Agroalimentario,22,Grasas y aceites,2211,Grasas y aceites,221113,Aceite de girasol,NA,NA,294.02,"Italia, Portugal, Estados Unidos",28.5,"Italia, Portugal, Estados Unidos",28.5,"Portugal, Francia, Reino Unido",32.8,"Portugal, Francia, Reino Unido",32.8,53.8,NA,definitivo
2021,E,Agroalimentario,22,Grasas y aceites,2211,Grasas y aceites,221114,Margarina,NA,NA,186.71,"Italia, Portugal, Estados Unidos",28.5,"Italia, Portugal, Estados Unidos",28.5,"Francia, Portugal, Estados Unidos",19.6,"Francia, Portugal, Estados Unidos",19.6,61.9,NA,definitivo
2021,E,Agroalimentario,22,Grasas y aceites,2211,Grasas y aceites,221115,Las demás grasas y aceites animales,NA,NA,95.61,"Italia, Portugal, Estados Unidos",28.5,"Italia, Portugal, Estados Unidos",28.5,"Francia, Italia, Países Bajos",59.7,"Francia, Italia, Países Bajos",59.7,87.5,NA,definitivo
2021,E,Agroalimentario,22,Grasas y aceites,2211,Grasas y aceites,221116,Las demás grasas y aceites vegetales,NA,NA,425.53,"Italia, Portugal, Estados Unidos",28.5,"Italia, Portugal, Estados Unidos",28.5,"Estados Unidos, Francia, Portugal",35.6,"Estados Unidos, Francia, Portugal",35.6,52.2,NA,definitivo
2021,E,Agroalimentario,22,Grasas y aceites,2211,Grasas y aceites,221117,Residuos,NA,NA,374.02,"Italia, Portugal, Estados Unidos",28.5,"Italia, Portugal, Estados Unidos",28.5,"Países Bajos, Portugal, Francia",81.6,"Países Bajos, Portugal, Francia",81.6,96.4,NA,definitivo
2021,E,Agroalimentario,23,"Semillas, oleaginosas, mandioca y forraje",2311,"Semillas, oleaginosas, mandioca y forraje",231111,Soja,NA,NA,5.01,"Francia, Emiratos Árabes Unidos, Arabia Saudí",30.0,"Francia, Emiratos Árabes Unidos, Arabia Saudí",30.0,"Turquía, Portugal, Francia",132.2,"Turquía, Portugal, Francia",132.2,35.8,NA,definitivo
2021,E,Agroalimentario,23,"Semillas, oleaginosas, mandioca y forraje",2311,"Semillas, oleaginosas, mandioca y forraje",231112,Girasol,NA,NA,91.19,"Francia, Emiratos Árabes Unidos, Arabia Saudí",30.0,"Francia, Emiratos Árabes Unidos, Arabia Saudí",30.0,"Francia, Rusia, Ucrania",5.2,"Francia, Rusia, Ucrania",5.2,55.7,NA,definitivo
2021,E,Agroalimentario,23,"Semillas, oleaginosas, mandioca y forraje",2311,"Semillas, oleaginosas, mandioca y forraje",231113,Otros productos del capítulo 12,NA,NA,432.87,"Francia, Emiratos Árabes Unidos, Arabia Saudí",30.0,"Francia, Emiratos Árabes Unidos, Arabia Saudí",30.0,"Francia, Italia, Portugal",22.0,"Francia, Italia, Portugal",22.0,69.4,NA,definitivo
2021,E,Agroalimentario,23,"Semillas, oleaginosas, mandioca y forraje",2311,"Semillas, oleaginosas, mandioca y forraje",231114,Forrajes,NA,NA,438.72,"Francia, Emiratos Árabes Unidos, Arabia Saudí",30.0,"Francia, Emiratos Árabes Unidos, Arabia Saudí",30.0,"Emiratos Árabes Unidos, Arabia Saudí, China",54.8,"Emiratos Árabes Unidos, Arabia Saudí, China",54.8,12.1,NA,definitivo
2021,E,Agroalimentario,23,"Semillas, oleaginosas, mandioca y forraje",2311,"Semillas, oleaginosas, mandioca y forraje",231115,Mandioca,NA,NA,50.41,"Francia, Emiratos Árabes Unidos, Arabia Saudí",30.0,"Francia, Emiratos Árabes Unidos, Arabia Saudí",30.0,"Francia, Alemania, Reino Unido",-10.4,"Francia, Alemania, Reino Unido",-10.4,86.5,NA,definitivo
2021,E,Agroalimentario,24,"Café, té, cacao y azúcar",2411,"Café, té, cacao y azúcar",241111,Café,NA,NA,307.57,"Portugal, Francia, Reino Unido",13.2,"Portugal, Francia, Reino Unido",13.2,"Portugal, Suiza, Francia",20.1,"Portugal, Suiza, Francia",20.1,61.7,NA,definitivo
2021,E,Agroalimentario,24,"Café, té, cacao y azúcar",2411,"Café, té, cacao y azúcar",241112,Extractos de café,NA,NA,396.70,"Portugal, Francia, Reino Unido",13.2,"Portugal, Francia, Reino Unido",13.2,"Reino Unido, Francia, Alemania",3.9,"Reino Unido, Francia, Alemania",3.9,59.0,NA,definitivo
2021,E,Agroalimentario,24,"Café, té, cacao y azúcar",2411,"Café, té, cacao y azúcar",241113,Sucedáneos de café,NA,NA,6.75,"Portugal, Francia, Reino Unido",13.2,"Portugal, Francia, Reino Unido",13.2,"Francia, Portugal, Túnez",-7.8,"Francia, Portugal, Túnez",-7.8,64.8,NA,definitivo
2021,E,Agroalimentario,24,"Café, té, cacao y azúcar",2411,"Café, té, cacao y azúcar",241114,Té,NA,NA,54.12,"Portugal, Francia, Reino Unido",13.2,"Portugal, Francia, Reino Unido",13.2,"Portugal, Francia, Alemania",4.8,"Portugal, Francia, Alemania",4.8,77.5,NA,definitivo
2021,E,Agroalimentario,24,"Café, té, cacao y azúcar",2411,"Café, té, cacao y azúcar",241115,Cacao,NA,NA,245.03,"Portugal, Francia, Reino Unido",13.2,"Portugal, Francia, Reino Unido",13.2,"Estados Unidos, Italia, Francia",17.1,"Estados Unidos, Italia, Francia",17.1,39.2,NA,definitivo
2021,E,Agroalimentario,24,"Café, té, cacao y azúcar",2411,"Café, té, cacao y azúcar",241116,Azúcar,NA,NA,111.89,"Portugal, Francia, Reino Unido",13.2,"Portugal, Francia, Reino Unido",13.2,"Francia, Portugal, Reino Unido",21.8,"Francia, Portugal, Reino Unido",21.8,80.6,NA,definitivo
2021,E,Agroalimentario,24,"Café, té, cacao y azúcar",2411,"Café, té, cacao y azúcar",241117,Melazas,NA,NA,9.34,"Portugal, Francia, Reino Unido",13.2,"Portugal, Francia, Reino Unido",13.2,"Francia, Italia, Alemania",453.6,"Francia, Italia, Alemania",453.6,99.8,NA,definitivo
2021,E,Agroalimentario,25,Industrias agroalimentarias,2511,Industrias agroalimentarias,251111,Miel,NA,NA,109.36,"Francia, Portugal, Estados Unidos",14.0,"Francia, Portugal, Estados Unidos",14.0,"Francia, Alemania, Arabia Saudí",10.9,"Francia, Alemania, Arabia Saudí",10.9,74.3,NA,definitivo
2021,E,Agroalimentario,25,Industrias agroalimentarias,2511,Industrias agroalimentarias,251112,Extractos y jugos de origen animal,NA,NA,21.96,"Francia, Portugal, Estados Unidos",14.0,"Francia, Portugal, Estados Unidos",14.0,"Alemania, Estados Unidos, Francia",-10.1,"Alemania, Estados Unidos, Francia",-10.1,63.0,NA,definitivo
2021,E,Agroalimentario,25,Industrias agroalimentarias,2511,Industrias agroalimentarias,251113,Levaduras,NA,NA,39.29,"Francia, Portugal, Estados Unidos",14.0,"Francia, Portugal, Estados Unidos",14.0,"Francia, Portugal, Chile",12.0,"Francia, Portugal, Chile",12.0,52.8,NA,definitivo
2021,E,Agroalimentario,25,Industrias agroalimentarias,2511,Industrias agroalimentarias,251114,Otras preparaciones alimenticias,NA,NA,841.74,"Francia, Portugal, Estados Unidos",14.0,"Francia, Portugal, Estados Unidos",14.0,"Francia, Portugal, Estados Unidos",21.5,"Francia, Portugal, Estados Unidos",21.5,42.1,NA,definitivo
2021,E,Agroalimentario,25,Industrias agroalimentarias,2511,Industrias agroalimentarias,251115,Especias,NA,NA,358.99,"Francia, Portugal, Estados Unidos",14.0,"Francia, Portugal, Estados Unidos",14.0,"Estados Unidos, Francia, Reino Unido",6.8,"Estados Unidos, Francia, Reino Unido",6.8,47.3,NA,definitivo
2021,E,Agroalimentario,25,Industrias agroalimentarias,2511,Industrias agroalimentarias,251116,"Gomas, resinas y extractos vegetales",NA,NA,610.83,"Francia, Portugal, Estados Unidos",14.0,"Francia, Portugal, Estados Unidos",14.0,"Estados Unidos, Alemania, Dinamarca",21.4,"Estados Unidos, Alemania, Dinamarca",21.4,41.8,NA,definitivo
2021,E,Agroalimentario,25,Industrias agroalimentarias,2511,Industrias agroalimentarias,251117,Artículos sin cacao de confitería,NA,NA,603.58,"Francia, Portugal, Estados Unidos",14.0,"Francia, Portugal, Estados Unidos",14.0,"Estados Unidos, Francia, Reino Unido",22.0,"Estados Unidos, Francia, Reino Unido",22.0,45.4,NA,definitivo
2021,E,Agroalimentario,25,Industrias agroalimentarias,2511,Industrias agroalimentarias,251118,Chocolate y preparaciones con cacao,NA,NA,499.46,"Francia, Portugal, Estados Unidos",14.0,"Francia, Portugal, Estados Unidos",14.0,"Francia, Portugal, Reino Unido",20.7,"Francia, Portugal, Reino Unido",20.7,63.7,NA,definitivo
2021,E,Agroalimentario,25,Industrias agroalimentarias,2511,Industrias agroalimentarias,251119,Pastas alimenticias,NA,NA,165.86,"Francia, Portugal, Estados Unidos",14.0,"Francia, Portugal, Estados Unidos",14.0,"Francia, Portugal, Países Bajos",4.9,"Francia, Portugal, Países Bajos",4.9,89.7,NA,definitivo
2021,E,Agroalimentario,25,Industrias agroalimentarias,2511,Industrias agroalimentarias,251120,"Panadería, pastelería y galletería",NA,NA,1291.11,"Francia, Portugal, Estados Unidos",14.0,"Francia, Portugal, Estados Unidos",14.0,"Portugal, Francia, Reino Unido",14.1,"Portugal, Francia, Reino Unido",14.1,63.2,NA,definitivo
2021,E,Agroalimentario,25,Industrias agroalimentarias,2511,Industrias agroalimentarias,251121,Otras preparaciones de harina y cereales,NA,NA,561.59,"Francia, Portugal, Estados Unidos",14.0,"Francia, Portugal, Estados Unidos",14.0,"Francia, Italia, Portugal",-5.1,"Francia, Italia, Portugal",-5.1,63.8,NA,definitivo
2021,E,Agroalimentario,25,Industrias agroalimentarias,2511,Industrias agroalimentarias,251122,Salsas y sopas,NA,NA,543.78,"Francia, Portugal, Estados Unidos",14.0,"Francia, Portugal, Estados Unidos",14.0,"Francia, Reino Unido, Italia",7.5,"Francia, Reino Unido, Italia",7.5,55.6,NA,definitivo
2021,E,Agroalimentario,25,Industrias agroalimentarias,2511,Industrias agroalimentarias,251123,Helados,NA,NA,159.41,"Francia, Portugal, Estados Unidos",14.0,"Francia, Portugal, Estados Unidos",14.0,"Portugal, Italia, Francia",42.3,"Portugal, Italia, Francia",42.3,71.8,NA,definitivo
2021,E,Agroalimentario,25,Industrias agroalimentarias,2511,Industrias agroalimentarias,251124,Batidos y postres lácteos,NA,NA,104.14,"Francia, Portugal, Estados Unidos",14.0,"Francia, Portugal, Estados Unidos",14.0,"Portugal, Reino Unido, Italia",18.3,"Portugal, Reino Unido, Italia",18.3,51.6,NA,definitivo
2021,E,Agroalimentario,AR,Otros productos agrícolas,AARR,Otros productos agrícolas,RESTO,Otros productos agrícolas sin rúbrica propia,NA,NA,393.80,"China, Francia, Alemania",15.0,"China, Francia, Alemania",15.0,"China, Francia, Alemania",15.0,"China, Francia, Alemania",15.0,44.3,NA,definitivo
2021,E,Industrial,2,PRODUCTOS ENERGÉTICOS,21,CARBÓN,210,CARBÓN,2100,CARBÓN,120.32,"Avituallamiento extra-UE, Portugal, Francia",57.6,"Francia, Italia, Marruecos",-25.3,"Francia, Italia, Marruecos",-25.3,"Francia, Italia, Marruecos",-25.3,51.1,51.1,definitivo
2021,E,Industrial,2,PRODUCTOS ENERGÉTICOS,22,PETRÓLEO Y DERIVADOS,220,PETRÓLEO Y DERIVADOS,2200,PETRÓLEO Y DERIVADOS,15902.09,"Avituallamiento extra-UE, Portugal, Francia",57.6,"Avituallamiento extra-UE, Avituallamiento UE, Marruecos",39.3,"Avituallamiento extra-UE, Avituallamiento UE, Marruecos",39.3,"Avituallamiento extra-UE, Avituallamiento UE, Marruecos",39.3,31.1,31.1,definitivo
2021,E,Industrial,2,PRODUCTOS ENERGÉTICOS,23,GAS,230,GAS,2300,GAS,1076.20,"Avituallamiento extra-UE, Portugal, Francia",57.6,"Marruecos, China, Países Bajos",253.6,"Marruecos, China, Países Bajos",253.6,"Marruecos, China, Países Bajos",253.6,28.8,28.8,definitivo
2021,E,Industrial,2,PRODUCTOS ENERGÉTICOS,24,CORRIENTE ELÉCTRICA,240,CORRIENTE ELÉCTRICA,2400,CORRIENTE ELÉCTRICA,2628.72,"Avituallamiento extra-UE, Portugal, Francia",57.6,"Portugal, Francia, Marruecos",312.7,"Portugal, Francia, Marruecos",312.7,"Portugal, Francia, Marruecos",312.7,98.1,98.1,definitivo
2021,E,Industrial,3,MATERIAS PRIMAS,31,MAT. PRIMAS ANIMALES Y VEGETALES,310,MAT. PRIMAS ANIMALES Y VEGETALES,3100,MAT. PRIMAS ANIMALES Y VEGETALES,3467.61,"China, Francia, Portugal",36.5,"Francia, Portugal, Alemania",24.5,"Francia, Portugal, Alemania",24.5,"Francia, Portugal, Alemania",24.5,63.8,63.8,definitivo
2021,E,Industrial,3,MATERIAS PRIMAS,32,MENAS Y MINERALES,320,MENAS Y MINERALES,3200,MENAS Y MINERALES,4893.27,"China, Francia, Portugal",36.5,"China, Portugal, Francia",46.5,"China, Portugal, Francia",46.5,"China, Portugal, Francia",46.5,42.1,42.1,definitivo
2021,E,Industrial,4,SEMIMANUFACTURAS,41,METALES NO FERROSOS,410,METALES NO FERROSOS,4100,METALES NO FERROSOS,8063.70,"Francia, Alemania, Italia",33.7,"Francia, Italia, Alemania",48.3,"Francia, Italia, Alemania",48.3,"Francia, Italia, Alemania",48.3,69.9,69.9,definitivo
2021,E,Industrial,4,SEMIMANUFACTURAS,42,HIERRO Y ACERO,420,HIERRO Y ACERO,4200,HIERRO Y ACERO,10376.60,"Francia, Alemania, Italia",33.7,"Francia, Italia, Alemania",51.0,"Francia, Italia, Alemania",51.0,"Francia, Italia, Alemania",51.0,71.9,71.9,definitivo
2021,E,Industrial,4,SEMIMANUFACTURAS,43,PRODUCTOS QUÍMICOS,431,PRODUCTOS QUÍMICOS ORGÁNICOS,4310,PRODUCTOS QUÍMICOS ORGÁNICOS,4749.82,"Francia, Alemania, Italia",33.7,"Francia, Bélgica, Alemania",33.1,"Francia, Alemania, Italia",29.8,"Francia, Alemania, Italia",29.8,61.5,61.5,definitivo
2021,E,Industrial,4,SEMIMANUFACTURAS,43,PRODUCTOS QUÍMICOS,432,PRODUCTOS QUÍMICOS INORGÁNICOS,4320,PRODUCTOS QUÍMICOS INORGÁNICOS,1266.52,"Francia, Alemania, Italia",33.7,"Francia, Bélgica, Alemania",33.1,"Francia, Portugal, Brasil",24.5,"Francia, Portugal, Brasil",24.5,56.1,56.1,definitivo
2021,E,Industrial,4,SEMIMANUFACTURAS,43,PRODUCTOS QUÍMICOS,433,MEDICAMENTOS,4330,MEDICAMENTOS,18174.88,"Francia, Alemania, Italia",33.7,"Francia, Bélgica, Alemania",33.1,"Bélgica, Suiza, Alemania",43.8,"Bélgica, Suiza, Alemania",43.8,61.4,61.4,definitivo
2021,E,Industrial,4,SEMIMANUFACTURAS,43,PRODUCTOS QUÍMICOS,434,PLÁSTICOS,4341,MATERIAS PRIMAS PLÁSTICAS,7350.37,"Francia, Alemania, Italia",33.7,"Francia, Bélgica, Alemania",33.1,"Francia, Italia, Portugal",32.6,"Italia, Francia, Alemania",47.4,67.3,66.0,definitivo
2021,E,Industrial,4,SEMIMANUFACTURAS,43,PRODUCTOS QUÍMICOS,434,PLÁSTICOS,4342,MANUFACTURAS PLÁSTICAS,6014.18,"Francia, Alemania, Italia",33.7,"Francia, Bélgica, Alemania",33.1,"Francia, Italia, Portugal",32.6,"Francia, Portugal, Alemania",18.1,67.3,68.9,definitivo
2021,E,Industrial,4,SEMIMANUFACTURAS,43,PRODUCTOS QUÍMICOS,435,ABONOS,4350,ABONOS,1086.02,"Francia, Alemania, Italia",33.7,"Francia, Bélgica, Alemania",33.1,"Francia, Portugal, Brasil",31.0,"Francia, Portugal, Brasil",31.0,41.5,41.5,definitivo
2021,E,Industrial,4,SEMIMANUFACTURAS,43,PRODUCTOS QUÍMICOS,436,COLORANTES Y CURTIENTES,4360,COLORANTES Y CURTIENTES,2929.34,"Francia, Alemania, Italia",33.7,"Francia, Bélgica, Alemania",33.1,"Italia, Alemania, Francia",17.4,"Italia, Alemania, Francia",17.4,49.4,49.4,definitivo
2021,E,Industrial,4,SEMIMANUFACTURAS,43,PRODUCTOS QUÍMICOS,437,ACEITES ESENCIALES Y PERFUMADOS,4370,ACEITES ESENCIALES Y PERFUMADOS,6401.14,"Francia, Alemania, Italia",33.7,"Francia, Bélgica, Alemania",33.1,"Francia, Alemania, Portugal",20.6,"Francia, Alemania, Portugal",20.6,49.6,49.6,definitivo
2021,E,Industrial,4,SEMIMANUFACTURAS,43,PRODUCTOS QUÍMICOS,438,OTROS PRODUCTOS QUÍMICOS,4380,OTROS PRODUCTOS QUÍMICOS,6379.29,"Francia, Alemania, Italia",33.7,"Francia, Bélgica, Alemania",33.1,"Italia, Francia, Países Bajos",32.8,"Italia, Francia, Países Bajos",32.8,68.0,68.0,definitivo
2021,E,Industrial,4,SEMIMANUFACTURAS,44,OTRAS SEMIMANUFACTURAS,441,PAPEL,4410,PAPEL,4414.59,"Francia, Alemania, Italia",33.7,"Francia, Portugal, Estados Unidos",21.3,"Francia, Portugal, Italia",19.5,"Francia, Portugal, Italia",19.5,63.1,63.1,definitivo
2021,E,Industrial,4,SEMIMANUFACTURAS,44,OTRAS SEMIMANUFACTURAS,442,MATERIAL DE CONSTRUCCIÓN,4421,CAL Y CEMENTO,1115.90,"Francia, Alemania, Italia",33.7,"Francia, Portugal, Estados Unidos",21.3,"Francia, Estados Unidos, Reino Unido",23.7,"Francia, Reino Unido, Estados Unidos",15.3,45.2,53.6,definitivo
2021,E,Industrial,4,SEMIMANUFACTURAS,44,OTRAS SEMIMANUFACTURAS,442,MATERIAL DE CONSTRUCCIÓN,4422,OTROS MAT. DE CONSTRUCCIÓN,5712.44,"Francia, Alemania, Italia",33.7,"Francia, Portugal, Estados Unidos",21.3,"Francia, Estados Unidos, Reino Unido",23.7,"Estados Unidos, Francia, Reino Unido",27.1,45.2,39.4,definitivo
2021,E,Industrial,4,SEMIMANUFACTURAS,44,OTRAS SEMIMANUFACTURAS,442,MATERIAL DE CONSTRUCCIÓN,4423,VIDRIO,790.71,"Francia, Alemania, Italia",33.7,"Francia, Portugal, Estados Unidos",21.3,"Francia, Estados Unidos, Reino Unido",23.7,"Francia, Portugal, Alemania",13.2,45.2,75.8,definitivo
2021,E,Industrial,4,SEMIMANUFACTURAS,44,OTRAS SEMIMANUFACTURAS,443,NEUMÁTICOS Y CÁMARAS,4430,NEUMÁTICOS Y CÁMARAS,2310.01,"Francia, Alemania, Italia",33.7,"Francia, Portugal, Estados Unidos",21.3,"Francia, Alemania, Portugal",15.2,"Francia, Alemania, Portugal",15.2,68.8,68.8,definitivo
2021,E,Industrial,4,SEMIMANUFACTURAS,44,OTRAS SEMIMANUFACTURAS,444,RESTO OTRAS SEMIMANUFACTURAS,4440,RESTO OTRAS SEMIMANUFACTURAS,2870.17,"Francia, Alemania, Italia",33.7,"Francia, Portugal, Estados Unidos",21.3,"Francia, Portugal, Alemania",23.1,"Francia, Portugal, Alemania",23.1,62.3,62.3,definitivo
2021,E,Industrial,5,BIENES DE EQUIPO,51,MAQ. ESPECIFICA CIERTAS INDUSTRIAS,511,MAQUINARIA AGRÍCOLA,5110,MAQUINARIA AGRÍCOLA,617.79,"Francia, Alemania, Estados Unidos",13.8,"Francia, Alemania, Estados Unidos",12.8,"Portugal, Francia, Estados Unidos",17.8,"Portugal, Francia, Estados Unidos",17.8,55.1,55.1,definitivo
2021,E,Industrial,5,BIENES DE EQUIPO,51,MAQ. ESPECIFICA CIERTAS INDUSTRIAS,512,MAQUINARIA OBRAS PUBLICAS,5120,MAQUINARIA OBRAS PUBLICAS,526.58,"Francia, Alemania, Estados Unidos",13.8,"Francia, Alemania, Estados Unidos",12.8,"Portugal, Francia, Alemania",0.1,"Portugal, Francia, Alemania",0.1,47.2,47.2,definitivo
2021,E,Industrial,5,BIENES DE EQUIPO,51,MAQ. ESPECIFICA CIERTAS INDUSTRIAS,513,MAQUINARIA TEXTIL,5130,MAQUINARIA TEXTIL,300.99,"Francia, Alemania, Estados Unidos",13.8,"Francia, Alemania, Estados Unidos",12.8,"Estados Unidos, Alemania, Francia",21.3,"Estados Unidos, Alemania, Francia",21.3,38.4,38.4,definitivo
2021,E,Industrial,5,BIENES DE EQUIPO,51,MAQ. ESPECIFICA CIERTAS INDUSTRIAS,514,MAQUINARIA PARA TRABAJAR METAL,5140,MAQUINARIA PARA TRABAJAR METAL,1374.97,"Francia, Alemania, Estados Unidos",13.8,"Francia, Alemania, Estados Unidos",12.8,"Alemania, Estados Unidos, Italia",24.3,"Alemania, Estados Unidos, Italia",24.3,43.8,43.8,definitivo
2021,E,Industrial,5,BIENES DE EQUIPO,51,MAQ. ESPECIFICA CIERTAS INDUSTRIAS,515,MAQ. PARA CIERTAS INDUSTRIAS,5150,MAQ. PARA CIERTAS INDUSTRIAS,2242.14,"Francia, Alemania, Estados Unidos",13.8,"Francia, Alemania, Estados Unidos",12.8,"Estados Unidos, Francia, Alemania",7.5,"Estados Unidos, Francia, Alemania",7.5,42.1,42.1,definitivo
2021,E,Industrial,5,BIENES DE EQUIPO,51,MAQ. ESPECIFICA CIERTAS INDUSTRIAS,516,MAQ. PARA USO GRAL INDUSTRIA,5160,MAQ. PARA USO GRAL INDUSTRIA,10457.16,"Francia, Alemania, Estados Unidos",13.8,"Francia, Alemania, Estados Unidos",12.8,"Francia, Alemania, Estados Unidos",12.9,"Francia, Alemania, Estados Unidos",12.9,52.2,52.2,definitivo
2021,E,Industrial,5,BIENES DE EQUIPO,52,EQUIPO OFICINA Y TELECOMUNIC.,521,EQUIPO DE OFICINA,5210,EQUIPO DE OFICINA,430.25,"Francia, Alemania, Estados Unidos",13.8,"Portugal, Alemania, Francia",10.9,"Portugal, Francia, Estados Unidos",11.1,"Portugal, Francia, Estados Unidos",11.1,54.2,54.2,definitivo
2021,E,Industrial,5,BIENES DE EQUIPO,52,EQUIPO OFICINA Y TELECOMUNIC.,522,MAQ. AUTOMATIZACION DATOS,5220,MAQ. AUTOMATIZACION DATOS,1074.43,"Francia, Alemania, Estados Unidos",13.8,"Portugal, Alemania, Francia",10.9,"Portugal, Alemania, Francia",12.9,"Portugal, Alemania, Francia",12.9,84.6,84.6,definitivo
2021,E,Industrial,5,BIENES DE EQUIPO,52,EQUIPO OFICINA Y TELECOMUNIC.,523,EQUIPO TELECOMUNICACIÓN,5230,EQUIPO TELECOMUNICACIÓN,2602.43,"Francia, Alemania, Estados Unidos",13.8,"Portugal, Alemania, Francia",10.9,"Portugal, Alemania, Francia",10.1,"Portugal, Alemania, Francia",10.1,67.7,67.7,definitivo
2021,E,Industrial,5,BIENES DE EQUIPO,53,MATERIAL TRANSPORTE,531,MATERIAL FERROVIARIO,5310,MATERIAL FERROVIARIO,1478.95,"Francia, Alemania, Estados Unidos",13.8,"Francia, Alemania, Reino Unido",14.4,"Países Bajos, Alemania, Reino Unido",24.9,"Países Bajos, Alemania, Reino Unido",24.9,61.7,61.7,definitivo
2021,E,Industrial,5,BIENES DE EQUIPO,53,MATERIAL TRANSPORTE,532,VEHIC. TRANS. MERCANCÍAS CARR.,5320,VEHIC. TRANS. MERCANCÍAS CARR.,7130.11,"Francia, Alemania, Estados Unidos",13.8,"Francia, Alemania, Reino Unido",14.4,"Francia, Reino Unido, Alemania",22.0,"Francia, Reino Unido, Alemania",22.0,67.2,67.2,definitivo
2021,E,Industrial,5,BIENES DE EQUIPO,53,MATERIAL TRANSPORTE,533,BUQUES,5330,BUQUES,1251.51,"Francia, Alemania, Estados Unidos",13.8,"Francia, Alemania, Reino Unido",14.4,"Australia, México, Noruega",77.2,"Australia, México, Noruega",77.2,18.4,18.4,definitivo
2021,E,Industrial,5,BIENES DE EQUIPO,53,MATERIAL TRANSPORTE,534,AERONAVES,5340,AERONAVES,3974.23,"Francia, Alemania, Estados Unidos",13.8,"Francia, Alemania, Reino Unido",14.4,"Francia, Alemania, Países Bajos",-8.8,"Francia, Alemania, Países Bajos",-8.8,72.5,72.5,definitivo
2021,E,Industrial,5,BIENES DE EQUIPO,54,OTROS BIENES DE EQUIPO,541,EQUIPO GENERADOR DE FUERZA,5410,EQUIPO GENERADOR DE FUERZA,2083.05,"Francia, Alemania, Estados Unidos",13.8,"Francia, Alemania, Estados Unidos",14.5,"Estados Unidos, Reino Unido, Francia",19.8,"Estados Unidos, Reino Unido, Francia",19.8,33.9,33.9,definitivo
2021,E,Industrial,5,BIENES DE EQUIPO,54,OTROS BIENES DE EQUIPO,542,APARATOS ELÉCTRICOS,5421,MOTORES ELÉCTRICOS,1800.56,"Francia, Alemania, Estados Unidos",13.8,"Francia, Alemania, Estados Unidos",14.5,"Francia, Alemania, Estados Unidos",9.9,"Estados Unidos, Alemania, Francia",-0.2,57.5,39.4,definitivo
2021,E,Industrial,5,BIENES DE EQUIPO,54,OTROS BIENES DE EQUIPO,542,APARATOS ELÉCTRICOS,5422,TRANSFORMADORES ELÉCTRICOS,1192.28,"Francia, Alemania, Estados Unidos",13.8,"Francia, Alemania, Estados Unidos",14.5,"Francia, Alemania, Estados Unidos",9.9,"Estados Unidos, Francia, Alemania",11.7,57.5,39.9,definitivo
2021,E,Industrial,5,BIENES DE EQUIPO,54,OTROS BIENES DE EQUIPO,542,APARATOS ELÉCTRICOS,5423,OTROS APARATOS ELÉCTRICOS,9291.35,"Francia, Alemania, Estados Unidos",13.8,"Francia, Alemania, Estados Unidos",14.5,"Francia, Alemania, Estados Unidos",9.9,"Francia, Alemania, Portugal",11.9,57.5,63.3,definitivo
2021,E,Industrial,5,BIENES DE EQUIPO,54,OTROS BIENES DE EQUIPO,543,APARATOS DE PRECISIÓN,5430,APARATOS DE PRECISIÓN,2414.65,"Francia, Alemania, Estados Unidos",13.8,"Francia, Alemania, Estados Unidos",14.5,"Francia, Portugal, Bélgica",17.3,"Francia, Portugal, Bélgica",17.3,60.4,60.4,definitivo
2021,E,Industrial,5,BIENES DE EQUIPO,54,OTROS BIENES DE EQUIPO,544,RESTO BIENES DE EQUIPO,5440,RESTO BIENES DE EQUIPO,9023.00,"Francia, Alemania, Estados Unidos",13.8,"Francia, Alemania, Estados Unidos",14.5,"Francia, Alemania, Portugal",19.2,"Francia, Alemania, Portugal",19.2,66.4,66.4,definitivo
2021,E,Industrial,6,SECTOR AUTOMÓVIL,61,AUTOMÓVILES Y MOTOS,610,AUTOMÓVILES Y MOTOS,6100,AUTOMÓVILES Y MOTOS,28601.02,"Francia, Alemania, Reino Unido",-0.5,"Francia, Alemania, Italia",-2.6,"Francia, Alemania, Italia",-2.6,"Francia, Alemania, Italia",-2.6,74.3,74.3,definitivo
2021,E,Industrial,6,SECTOR AUTOMÓVIL,62,COMPONENTES DEL AUTOMÓVIL,620,COMPONENTES DEL AUTOMÓVIL,6200,COMPONENTES DEL AUTOMÓVIL,10872.38,"Francia, Alemania, Reino Unido",-0.5,"Alemania, Francia, Marruecos",5.5,"Alemania, Francia, Marruecos",5.5,"Alemania, Francia, Marruecos",5.5,58.2,58.2,definitivo
2021,E,Industrial,7,BIENES DE CONSUMO DURADERO,71,ELECTRODOMÉSTICOS,710,ELECTRODOMÉSTICOS,7100,ELECTRODOMÉSTICOS,1645.09,"Francia, Portugal, Alemania",18.4,"Alemania, Portugal, Francia",11.8,"Alemania, Portugal, Francia",11.8,"Alemania, Portugal, Francia",11.8,79.2,79.2,definitivo
2021,E,Industrial,7,BIENES DE CONSUMO DURADERO,72,ELECTRÓNICA DE CONSUMO,720,ELECTRÓNICA DE CONSUMO,7200,ELECTRÓNICA DE CONSUMO,410.11,"Francia, Portugal, Alemania",18.4,"Portugal, Francia, Alemania",10.0,"Portugal, Francia, Alemania",10.0,"Portugal, Francia, Alemania",10.0,71.5,71.5,definitivo
2021,E,Industrial,7,BIENES DE CONSUMO DURADERO,73,MUEBLES,730,MUEBLES,7300,MUEBLES,2614.79,"Francia, Portugal, Alemania",18.4,"Francia, Portugal, Estados Unidos",24.2,"Francia, Portugal, Estados Unidos",24.2,"Francia, Portugal, Estados Unidos",24.2,66.9,66.9,definitivo
2021,E,Industrial,7,BIENES DE CONSUMO DURADERO,74,OTROS BIENES CONSUMO DURADERO,740,OTROS BIENES CONSUMO DURADERO,7400,OTROS BIENES CONSUMO DURADERO,660.94,"Francia, Portugal, Alemania",18.4,"Francia, Portugal, Alemania",19.4,"Francia, Portugal, Alemania",19.4,"Francia, Portugal, Alemania",19.4,69.4,69.4,definitivo
2021,E,Industrial,8,MANUFACTURAS DE CONSUMO,81,TEXTILES Y CONFECCIÓN,811,FIBRAS TEXTILES,8110,FIBRAS TEXTILES,343.97,"Francia, Italia, Portugal",19.4,"Francia, Italia, Portugal",22.0,"Bélgica, Bangladesh, Turquía",45.9,"Bélgica, Bangladesh, Turquía",45.9,41.0,41.0,definitivo
2021,E,Industrial,8,MANUFACTURAS DE CONSUMO,81,TEXTILES Y CONFECCIÓN,812,HILADOS,8120,HILADOS,490.14,"Francia, Italia, Portugal",19.4,"Francia, Italia, Portugal",22.0,"Italia, Alemania, Francia",22.8,"Italia, Alemania, Francia",22.8,73.4,73.4,definitivo
2021,E,Industrial,8,MANUFACTURAS DE CONSUMO,81,TEXTILES Y CONFECCIÓN,813,TEJIDOS,8130,TEJIDOS,1922.73,"Francia, Italia, Portugal",19.4,"Francia, Italia, Portugal",22.0,"Marruecos, Portugal, Italia",26.8,"Marruecos, Portugal, Italia",26.8,39.1,39.1,definitivo
2021,E,Industrial,8,MANUFACTURAS DE CONSUMO,81,TEXTILES Y CONFECCIÓN,814,VESTUARIO,8141,ROPA DE PUNTO,1767.30,"Francia, Italia, Portugal",19.4,"Francia, Italia, Portugal",22.0,"Francia, Italia, Portugal",22.2,"Francia, Italia, Portugal",27.4,63.2,68.6,definitivo
2021,E,Industrial,8,MANUFACTURAS DE CONSUMO,81,TEXTILES Y CONFECCIÓN,814,VESTUARIO,8142,ROPA NO DE PUNTO,6026.98,"Francia, Italia, Portugal",19.4,"Francia, Italia, Portugal",22.0,"Francia, Italia, Portugal",22.2,"Francia, Italia, Polonia",20.4,63.2,60.6,definitivo
2021,E,Industrial,8,MANUFACTURAS DE CONSUMO,81,TEXTILES Y CONFECCIÓN,814,VESTUARIO,8143,RESTO DE PRENDAS,5173.91,"Francia, Italia, Portugal",19.4,"Francia, Italia, Portugal",22.0,"Francia, Italia, Portugal",22.2,"Francia, Italia, Portugal",22.7,63.2,64.3,definitivo
2021,E,Industrial,8,MANUFACTURAS DE CONSUMO,81,TEXTILES Y CONFECCIÓN,815,RESTO TEXTILES,8150,RESTO TEXTILES,1797.00,"Francia, Italia, Portugal",19.4,"Francia, Italia, Portugal",22.0,"Francia, Portugal, Alemania",12.3,"Francia, Portugal, Alemania",12.3,66.9,66.9,definitivo
2021,E,Industrial,8,MANUFACTURAS DE CONSUMO,82,CALZADO,820,CALZADO,8200,CALZADO,2720.77,"Francia, Italia, Portugal",19.4,"Francia, Italia, Alemania",13.6,"Francia, Italia, Alemania",13.6,"Francia, Italia, Alemania",13.6,68.5,68.5,definitivo
2021,E,Industrial,8,MANUFACTURAS DE CONSUMO,83,JUGUETES,830,JUGUETES,8300,JUGUETES,2115.81,"Francia, Italia, Portugal",19.4,"Francia, Italia, Portugal",10.2,"Francia, Italia, Portugal",10.2,"Francia, Italia, Portugal",10.2,87.2,87.2,definitivo
2021,E,Industrial,8,MANUFACTURAS DE CONSUMO,84,ALFARERÍA,840,ALFARERÍA,8400,ALFARERÍA,113.28,"Francia, Italia, Portugal",19.4,"Portugal, Francia, Estados Unidos",35.6,"Portugal, Francia, Estados Unidos",35.6,"Portugal, Francia, Estados Unidos",35.6,61.4,61.4,definitivo
2021,E,Industrial,8,MANUFACTURAS DE CONSUMO,85,JOYERÍA Y RELOJES,850,JOYERÍA Y RELOJES,8500,JOYERÍA Y RELOJES,907.12,"Francia, Italia, Portugal",19.4,"Francia, Estados Unidos, Hong Kong",32.8,"Francia, Estados Unidos, Hong Kong",32.8,"Francia, Estados Unidos, Hong Kong",32.8,44.5,44.5,definitivo
2021,E,Industrial,8,MANUFACTURAS DE CONSUMO,86,CUERO Y MANUFACTURAS DEL CUERO,860,CUERO Y MANUFACTURAS DEL CUERO,8600,CUERO Y MANUFACTURAS DEL CUERO,484.44,"Francia, Italia, Portugal",19.4,"Italia, Francia, Portugal",17.1,"Italia, Francia, Portugal",17.1,"Italia, Francia, Portugal",17.1,75.7,75.7,definitivo
2021,E,Industrial,8,MANUFACTURAS DE CONSUMO,87,OTRAS MANUFACTURAS DE CONSUMO,870,OTRAS MANUFACTURAS DE CONSUMO,8700,OTRAS MANUFACTURAS DE CONSUMO,6074.21,"Francia, Italia, Portugal",19.4,"Francia, Portugal, Reino Unido",16.4,"Francia, Portugal, Reino Unido",16.4,"Francia, Portugal, Reino Unido",16.4,57.8,57.8,definitivo
2021,I,Agroalimentario,11,Sectores Cárnicos,1111,Bovino,111111,Animales vivos de bovinos,NA,NA,244.64,"Francia, Países Bajos, Alemania",13.4,"Francia, Países Bajos, Polonia",16.2,"Francia, Irlanda, Polonia",2.5,"Francia, Irlanda, Polonia",2.5,98.4,NA,definitivo
2021,I,Agroalimentario,11,Sectores Cárnicos,1111,Bovino,111112,Carne fresca o refrigerada de bovino,NA,NA,495.12,"Francia, Países Bajos, Alemania",13.4,"Francia, Países Bajos, Polonia",16.2,"Países Bajos, Polonia, Alemania",19.8,"Países Bajos, Polonia, Alemania",19.8,90.2,NA,definitivo
2021,I,Agroalimentario,11,Sectores Cárnicos,1111,Bovino,111113,Carne congelada de bovino,NA,NA,116.15,"Francia, Países Bajos, Alemania",13.4,"Francia, Países Bajos, Polonia",16.2,"Brasil, Alemania, Polonia",28.3,"Brasil, Alemania, Polonia",28.3,75.0,NA,definitivo
2021,I,Agroalimentario,11,Sectores Cárnicos,1111,Bovino,111114,Preparaciones y despojos de bovino,NA,NA,53.24,"Francia, Países Bajos, Alemania",13.4,"Francia, Países Bajos, Polonia",16.2,"Alemania, Países Bajos, Dinamarca",31.6,"Alemania, Países Bajos, Dinamarca",31.6,97.0,NA,definitivo
2021,I,Agroalimentario,11,Sectores Cárnicos,1111,Bovino,111115,Despojos de bovino,NA,NA,17.08,"Francia, Países Bajos, Alemania",13.4,"Francia, Países Bajos, Polonia",16.2,"Francia, Alemania, Polonia",18.7,"Francia, Alemania, Polonia",18.7,97.4,NA,definitivo
2021,I,Agroalimentario,11,Sectores Cárnicos,1112,Ovino-caprino,111211,Animales vivos de ovino-caprino,NA,NA,12.20,"Francia, Países Bajos, Alemania",13.4,"Italia, Francia, Grecia",6.9,"Francia, Italia, Portugal",-21.5,"Francia, Italia, Portugal",-21.5,100.0,NA,definitivo
2021,I,Agroalimentario,11,Sectores Cárnicos,1112,Ovino-caprino,111212,Carne de ovino-caprino,NA,NA,41.40,"Francia, Países Bajos, Alemania",13.4,"Italia, Francia, Grecia",6.9,"Italia, Grecia, Francia",18.2,"Italia, Grecia, Francia",18.2,91.5,NA,definitivo
2021,I,Agroalimentario,11,Sectores Cárnicos,1112,Ovino-caprino,111213,Preparaciones de ovino-caprino,NA,NA,2.23,"Francia, Países Bajos, Alemania",13.4,"Italia, Francia, Grecia",6.9,"Alemania, Irlanda, Rumanía",47.2,"Alemania, Irlanda, Rumanía",47.2,97.1,NA,definitivo
2021,I,Agroalimentario,11,Sectores Cárnicos,1112,Ovino-caprino,111214,Despojos,NA,NA,1.13,"Francia, Países Bajos, Alemania",13.4,"Italia, Francia, Grecia",6.9,"Italia, Portugal, Nueva Zelanda",-8.9,"Italia, Portugal, Nueva Zelanda",-8.9,84.7,NA,definitivo
2021,I,Agroalimentario,11,Sectores Cárnicos,1113,Porcino,111311,Animales vivos de porcino,NA,NA,221.12,"Francia, Países Bajos, Alemania",13.4,"Alemania, Países Bajos, Portugal",8.8,"Países Bajos, Portugal, Dinamarca",0.8,"Países Bajos, Portugal, Dinamarca",0.8,100.0,NA,definitivo
2021,I,Agroalimentario,11,Sectores Cárnicos,1113,Porcino,111312,Carne fresca y refrigerada de porcino,NA,NA,122.60,"Francia, Países Bajos, Alemania",13.4,"Alemania, Países Bajos, Portugal",8.8,"Alemania, Portugal, Países Bajos",8.4,"Alemania, Portugal, Países Bajos",8.4,100.0,NA,definitivo
2021,I,Agroalimentario,11,Sectores Cárnicos,1113,Porcino,111313,Carne congelada de porcino,NA,NA,88.76,"Francia, Países Bajos, Alemania",13.4,"Alemania, Países Bajos, Portugal",8.8,"Alemania, Francia, Italia",18.9,"Alemania, Francia, Italia",18.9,93.3,NA,definitivo
2021,I,Agroalimentario,11,Sectores Cárnicos,1113,Porcino,111314,Tocino de porcino,NA,NA,11.69,"Francia, Países Bajos, Alemania",13.4,"Alemania, Países Bajos, Portugal",8.8,"Alemania, Italia, Francia",93.1,"Alemania, Italia, Francia",93.1,98.2,NA,definitivo
2021,I,Agroalimentario,11,Sectores Cárnicos,1113,Porcino,111315,Jamones y paleta de porcino,NA,NA,21.91,"Francia, Países Bajos, Alemania",13.4,"Alemania, Países Bajos, Portugal",8.8,"Alemania, Italia, Portugal",19.8,"Alemania, Italia, Portugal",19.8,93.1,NA,definitivo
2021,I,Agroalimentario,11,Sectores Cárnicos,1113,Porcino,111316,Preparaciones de porcino,NA,NA,167.12,"Francia, Países Bajos, Alemania",13.4,"Alemania, Países Bajos, Portugal",8.8,"Alemania, Italia, Irlanda",5.0,"Alemania, Italia, Irlanda",5.0,98.6,NA,definitivo
2021,I,Agroalimentario,11,Sectores Cárnicos,1113,Porcino,111317,Despojos de porcino,NA,NA,21.44,"Francia, Países Bajos, Alemania",13.4,"Alemania, Países Bajos, Portugal",8.8,"Alemania, Italia, Francia",90.7,"Alemania, Italia, Francia",90.7,91.7,NA,definitivo
2021,I,Agroalimentario,11,Sectores Cárnicos,1114,Aves y huevos,111411,Animales vivos de aves,NA,NA,41.38,"Francia, Países Bajos, Alemania",13.4,"Francia, Alemania, Polonia",12.6,"Francia, Portugal, Países Bajos",12.2,"Francia, Portugal, Países Bajos",12.2,98.5,NA,definitivo
2021,I,Agroalimentario,11,Sectores Cárnicos,1114,Aves y huevos,111412,Carne de aves,NA,NA,313.48,"Francia, Países Bajos, Alemania",13.4,"Francia, Alemania, Polonia",12.6,"Polonia, Alemania, Francia",7.6,"Polonia, Alemania, Francia",7.6,89.2,NA,definitivo
2021,I,Agroalimentario,11,Sectores Cárnicos,1114,Aves y huevos,111413,Huevos y Ovoproductos,NA,NA,100.69,"Francia, Países Bajos, Alemania",13.4,"Francia, Alemania, Polonia",12.6,"Francia, Portugal, Países Bajos",28.9,"Francia, Portugal, Países Bajos",28.9,93.1,NA,definitivo
2021,I,Agroalimentario,11,Sectores Cárnicos,1114,Aves y huevos,111414,Preparados de aves,NA,NA,155.29,"Francia, Países Bajos, Alemania",13.4,"Francia, Alemania, Polonia",12.6,"Francia, Países Bajos, Alemania",13.9,"Francia, Países Bajos, Alemania",13.9,94.6,NA,definitivo
2021,I,Agroalimentario,11,Sectores Cárnicos,1115,Otros animales,111511,Otros animales vivos,NA,NA,83.31,"Francia, Países Bajos, Alemania",13.4,"Francia, Países Bajos, Bélgica",32.4,"Francia, Países Bajos, Bélgica",33.7,"Francia, Países Bajos, Bélgica",33.7,91.4,NA,definitivo
2021,I,Agroalimentario,11,Sectores Cárnicos,1115,Otros animales,111512,Carne de otros animales,NA,NA,17.28,"Francia, Países Bajos, Alemania",13.4,"Francia, Países Bajos, Bélgica",32.4,"Francia, Países Bajos, Bélgica",26.6,"Francia, Países Bajos, Bélgica",26.6,94.6,NA,definitivo
2021,I,Agroalimentario,12,Lácteos,1211,Lácteos,121111,Leche,NA,NA,288.03,"Francia, Países Bajos, Alemania",8.6,"Francia, Países Bajos, Alemania",8.6,"Francia, Portugal, Países Bajos",1.5,"Francia, Portugal, Países Bajos",1.5,99.7,NA,definitivo
2021,I,Agroalimentario,12,Lácteos,1211,Lácteos,121112,Mantequilla,NA,NA,114.10,"Francia, Países Bajos, Alemania",8.6,"Francia, Países Bajos, Alemania",8.6,"Francia, Bélgica, Países Bajos",13.7,"Francia, Bélgica, Países Bajos",13.7,99.1,NA,definitivo
2021,I,Agroalimentario,12,Lácteos,1211,Lácteos,121113,Quesos,NA,NA,1146.11,"Francia, Países Bajos, Alemania",8.6,"Francia, Países Bajos, Alemania",8.6,"Países Bajos, Francia, Alemania",11.2,"Países Bajos, Francia, Alemania",11.2,98.4,NA,definitivo
2021,I,Agroalimentario,12,Lácteos,1211,Lácteos,121114,Yogures y lactosueros,NA,NA,287.23,"Francia, Países Bajos, Alemania",8.6,"Francia, Países Bajos, Alemania",8.6,"Francia, Alemania, Portugal",3.9,"Francia, Alemania, Portugal",3.9,95.3,NA,definitivo
2021,I,Agroalimentario,13,Pesca,1311,Pesca,131111,Peces vivos,NA,NA,46.90,"Marruecos, Ecuador, Argentina",17.1,"Marruecos, Ecuador, Argentina",17.1,"Suecia, Francia, Portugal",-9.2,"Suecia, Francia, Portugal",-9.2,92.3,NA,definitivo
2021,I,Agroalimentario,13,Pesca,1311,Pesca,131112,Pescado fresco,NA,NA,1444.33,"Marruecos, Ecuador, Argentina",17.1,"Marruecos, Ecuador, Argentina",17.1,"Noruega, Suecia, Francia",22.3,"Noruega, Suecia, Francia",22.3,64.9,NA,definitivo
2021,I,Agroalimentario,13,Pesca,1311,Pesca,131112,Pescado fresco,1311121,Merluza fresca,135.50,"Marruecos, Ecuador, Argentina",17.1,"Marruecos, Ecuador, Argentina",17.1,"Noruega, Suecia, Francia",22.3,"Francia, Dinamarca, Chile",11.6,64.9,74.0,definitivo
2021,I,Agroalimentario,13,Pesca,1311,Pesca,131112,Pescado fresco,1311122,Atún fresco,40.20,"Marruecos, Ecuador, Argentina",17.1,"Marruecos, Ecuador, Argentina",17.1,"Noruega, Suecia, Francia",22.3,"Francia, Portugal, Marruecos",27.1,64.9,72.2,definitivo
2021,I,Agroalimentario,13,Pesca,1311,Pesca,131112,Pescado fresco,1311123,Bacalao fresco,22.23,"Marruecos, Ecuador, Argentina",17.1,"Marruecos, Ecuador, Argentina",17.1,"Noruega, Suecia, Francia",22.3,"Dinamarca, Suecia, Noruega",-5.7,64.9,84.5,definitivo
2021,I,Agroalimentario,13,Pesca,1311,Pesca,131112,Pescado fresco,1311124,Rape fresco,60.65,"Marruecos, Ecuador, Argentina",17.1,"Marruecos, Ecuador, Argentina",17.1,"Noruega, Suecia, Francia",22.3,"Francia, Irlanda, Reino Unido",10.0,64.9,85.4,definitivo
2021,I,Agroalimentario,13,Pesca,1311,Pesca,131112,Pescado fresco,1311125,Otro pescado fresco,1185.76,"Marruecos, Ecuador, Argentina",17.1,"Marruecos, Ecuador, Argentina",17.1,"Noruega, Suecia, Francia",22.3,"Noruega, Suecia, Grecia",24.9,64.9,62.2,definitivo
2021,I,Agroalimentario,13,Pesca,1311,Pesca,131113,Pescado congelado,NA,NA,1394.63,"Marruecos, Ecuador, Argentina",17.1,"Marruecos, Ecuador, Argentina",17.1,"Namibia, Países Bajos, Portugal",1.5,"Namibia, Países Bajos, Portugal",1.5,24.3,NA,definitivo
2021,I,Agroalimentario,13,Pesca,1311,Pesca,131113,Pescado congelado,1311131,Atún congelado,259.46,"Marruecos, Ecuador, Argentina",17.1,"Marruecos, Ecuador, Argentina",17.1,"Namibia, Países Bajos, Portugal",1.5,"México, Seychelles, El Salvador",-13.3,24.3,6.2,definitivo
2021,I,Agroalimentario,13,Pesca,1311,Pesca,131113,Pescado congelado,1311132,Merluza congelada (entera y filetes),281.56,"Marruecos, Ecuador, Argentina",17.1,"Marruecos, Ecuador, Argentina",17.1,"Namibia, Países Bajos, Portugal",1.5,"Namibia, Sudáfrica, Argentina",-8.3,24.3,4.5,definitivo
2021,I,Agroalimentario,13,Pesca,1311,Pesca,131113,Pescado congelado,1311133,Otro pescado congelado,853.61,"Marruecos, Ecuador, Argentina",17.1,"Marruecos, Ecuador, Argentina",17.1,"Namibia, Países Bajos, Portugal",1.5,"Países Bajos, Portugal, China",11.2,24.3,36.4,definitivo
2021,I,Agroalimentario,13,Pesca,1311,Pesca,131114,"Moluscos, crustáceos y otros invertebrados acuáticos",NA,NA,3348.02,"Marruecos, Ecuador, Argentina",17.1,"Marruecos, Ecuador, Argentina",17.1,"Marruecos, Argentina, Ecuador",30.9,"Marruecos, Argentina, Ecuador",30.9,16.5,NA,definitivo
2021,I,Agroalimentario,13,Pesca,1311,Pesca,131114,"Moluscos, crustáceos y otros invertebrados acuáticos",1311141,Mejillón,14.39,"Marruecos, Ecuador, Argentina",17.1,"Marruecos, Ecuador, Argentina",17.1,"Marruecos, Argentina, Ecuador",30.9,"Nueva Zelanda, Francia, Italia",22.6,16.5,54.3,definitivo
2021,I,Agroalimentario,13,Pesca,1311,Pesca,131114,"Moluscos, crustáceos y otros invertebrados acuáticos",1311142,Calamar y sepia,1025.41,"Marruecos, Ecuador, Argentina",17.1,"Marruecos, Ecuador, Argentina",17.1,"Marruecos, Argentina, Ecuador",30.9,"Marruecos, Islas Malvinas, India",8.4,16.5,6.8,definitivo
2021,I,Agroalimentario,13,Pesca,1311,Pesca,131114,"Moluscos, crustáceos y otros invertebrados acuáticos",1311143,Pulpo,702.80,"Marruecos, Ecuador, Argentina",17.1,"Marruecos, Ecuador, Argentina",17.1,"Marruecos, Argentina, Ecuador",30.9,"Marruecos, Mauritania, Portugal",102.5,16.5,11.9,definitivo
2021,I,Agroalimentario,13,Pesca,1311,Pesca,131114,"Moluscos, crustáceos y otros invertebrados acuáticos",1311144,Langostino y gamba,1152.35,"Marruecos, Ecuador, Argentina",17.1,"Marruecos, Ecuador, Argentina",17.1,"Marruecos, Argentina, Ecuador",30.9,"Argentina, Ecuador, China",29.9,16.5,11.0,definitivo
2021,I,Agroalimentario,13,Pesca,1311,Pesca,131114,"Moluscos, crustáceos y otros invertebrados acuáticos",1311145,Almeja y ostra,135.56,"Marruecos, Ecuador, Argentina",17.1,"Marruecos, Ecuador, Argentina",17.1,"Marruecos, Argentina, Ecuador",30.9,"Portugal, Italia, Francia",18.8,16.5,94.0,definitivo
2021,I,Agroalimentario,13,Pesca,1311,Pesca,131114,"Moluscos, crustáceos y otros invertebrados acuáticos",1311146,Otros moluscos y crustáceos,317.51,"Marruecos, Ecuador, Argentina",17.1,"Marruecos, Ecuador, Argentina",17.1,"Marruecos, Argentina, Ecuador",30.9,"Francia, Canadá, Marruecos",25.5,16.5,43.3,definitivo
2021,I,Agroalimentario,13,Pesca,1311,Pesca,131115,Los demás preparados de productos de la pesca,NA,NA,191.17,"Marruecos, Ecuador, Argentina",17.1,"Marruecos, Ecuador, Argentina",17.1,"Islandia, Islas Feroe, Países Bajos",1.7,"Islandia, Islas Feroe, Países Bajos",1.7,39.8,NA,definitivo
2021,I,Agroalimentario,13,Pesca,1311,Pesca,131116,Conservas de pescados,NA,NA,790.66,"Marruecos, Ecuador, Argentina",17.1,"Marruecos, Ecuador, Argentina",17.1,"Ecuador, China, Marruecos",-1.6,"Ecuador, China, Marruecos",-1.6,14.1,NA,definitivo
2021,I,Agroalimentario,13,Pesca,1311,Pesca,131116,Conservas de pescados,1311161,Atún y bonito en conserva,550.03,"Marruecos, Ecuador, Argentina",17.1,"Marruecos, Ecuador, Argentina",17.1,"Ecuador, China, Marruecos",-1.6,"Ecuador, China, Papúa Nueva Guinea",1.7,14.1,6.1,definitivo
2021,I,Agroalimentario,13,Pesca,1311,Pesca,131116,Conservas de pescados,1311162,Anchoa en conserva,75.50,"Marruecos, Ecuador, Argentina",17.1,"Marruecos, Ecuador, Argentina",17.1,"Ecuador, China, Marruecos",-1.6,"Marruecos, Perú, Croacia",9.9,14.1,12.1,definitivo
2021,I,Agroalimentario,13,Pesca,1311,Pesca,131116,Conservas de pescados,1311163,Sardina y caballa en conserva,46.95,"Marruecos, Ecuador, Argentina",17.1,"Marruecos, Ecuador, Argentina",17.1,"Ecuador, China, Marruecos",-1.6,"Cabo Verde, Marruecos, Croacia",-11.3,14.1,31.8,definitivo
2021,I,Agroalimentario,13,Pesca,1311,Pesca,131116,Conservas de pescados,1311165,Otras conservas de pescado,118.17,"Marruecos, Ecuador, Argentina",17.1,"Marruecos, Ecuador, Argentina",17.1,"Ecuador, China, Marruecos",-1.6,"Marruecos, Cabo Verde, Francia",-16.2,14.1,45.7,definitivo
2021,I,Agroalimentario,13,Pesca,1311,Pesca,131117,Conservas de moluscos y crustáceos,NA,NA,173.75,"Marruecos, Ecuador, Argentina",17.1,"Marruecos, Ecuador, Argentina",17.1,"Chile, Países Bajos, Reino Unido",12.5,"Chile, Países Bajos, Reino Unido",12.5,29.3,NA,definitivo
2021,I,Agroalimentario,13,Pesca,1311,Pesca,131117,Conservas de moluscos y crustáceos,1311171,Mejillón en conserva,46.44,"Marruecos, Ecuador, Argentina",17.1,"Marruecos, Ecuador, Argentina",17.1,"Chile, Países Bajos, Reino Unido",12.5,"Chile, Países Bajos, Dinamarca",4.6,29.3,6.7,definitivo
2021,I,Agroalimentario,13,Pesca,1311,Pesca,131117,Conservas de moluscos y crustáceos,1311172,"Almeja, berberecho y arca en conserva",74.23,"Marruecos, Ecuador, Argentina",17.1,"Marruecos, Ecuador, Argentina",17.1,"Chile, Países Bajos, Reino Unido",12.5,"Reino Unido, Países Bajos, Vietnam",25.6,29.3,33.6,definitivo
2021,I,Agroalimentario,13,Pesca,1311,Pesca,131117,Conservas de moluscos y crustáceos,1311174,Pulpo en conserva,2.90,"Marruecos, Ecuador, Argentina",17.1,"Marruecos, Ecuador, Argentina",17.1,"Chile, Países Bajos, Reino Unido",12.5,"Francia, Portugal, Italia",339.2,29.3,79.7,definitivo
2021,I,Agroalimentario,13,Pesca,1311,Pesca,131117,Conservas de moluscos y crustáceos,1311175,Sepia y calamar en conserva,8.18,"Marruecos, Ecuador, Argentina",17.1,"Marruecos, Ecuador, Argentina",17.1,"Chile, Países Bajos, Reino Unido",12.5,"Perú, Tailandia, Portugal",12.5,29.3,11.2,definitivo
2021,I,Agroalimentario,13,Pesca,1311,Pesca,131117,Conservas de moluscos y crustáceos,1311176,Otras conservas de moluscos y crustáceos,42.00,"Marruecos, Ecuador, Argentina",17.1,"Marruecos, Ecuador, Argentina",17.1,"Chile, Países Bajos, Reino Unido",12.5,"Países Bajos, Guatemala, Chile",-2.5,29.3,46.9,definitivo
2021,I,Agroalimentario,14,Cereales y productos de molinera,1411,Cereales,141111,Trigo,NA,NA,1023.55,"Francia, Ucrania, Brasil",24.8,"Francia, Ucrania, Brasil",24.8,"Francia, Bulgaria, Lituania",23.2,"Francia, Bulgaria, Lituania",23.2,87.5,NA,definitivo
2021,I,Agroalimentario,14,Cereales y productos de molinera,1411,Cereales,141112,Cebada,NA,NA,130.46,"Francia, Ucrania, Brasil",24.8,"Francia, Ucrania, Brasil",24.8,"Francia, Alemania, Bulgaria",80.0,"Francia, Alemania, Bulgaria",80.0,84.0,NA,definitivo
2021,I,Agroalimentario,14,Cereales y productos de molinera,1411,Cereales,141113,Maíz,NA,NA,1846.57,"Francia, Ucrania, Brasil",24.8,"Francia, Ucrania, Brasil",24.8,"Ucrania, Brasil, Francia",28.4,"Ucrania, Brasil, Francia",28.4,40.4,NA,definitivo
2021,I,Agroalimentario,14,Cereales y productos de molinera,1411,Cereales,141114,Arroz,NA,NA,154.01,"Francia, Ucrania, Brasil",24.8,"Francia, Ucrania, Brasil",24.8,"Pakistán, Argentina, Myanmar",25.9,"Pakistán, Argentina, Myanmar",25.9,28.0,NA,definitivo
2021,I,Agroalimentario,14,Cereales y productos de molinera,1411,Cereales,141115,Otros cereales,NA,NA,202.48,"Francia, Ucrania, Brasil",24.8,"Francia, Ucrania, Brasil",24.8,"Polonia, Francia, Letonia",1.7,"Polonia, Francia, Letonia",1.7,86.6,NA,definitivo
2021,I,Agroalimentario,14,Cereales y productos de molinera,1411,Cereales,141116,Harina de trigo,NA,NA,44.58,"Francia, Ucrania, Brasil",24.8,"Francia, Ucrania, Brasil",24.8,"Francia, Italia, Portugal",12.3,"Francia, Italia, Portugal",12.3,98.5,NA,definitivo
2021,I,Agroalimentario,14,Cereales y productos de molinera,1411,Cereales,141117,Otras harinas,NA,NA,75.30,"Francia, Ucrania, Brasil",24.8,"Francia, Ucrania, Brasil",24.8,"Francia, Italia, Alemania",3.6,"Francia, Italia, Alemania",3.6,95.7,NA,definitivo
2021,I,Agroalimentario,14,Cereales y productos de molinera,1411,Cereales,141118,Malta,NA,NA,25.32,"Francia, Ucrania, Brasil",24.8,"Francia, Ucrania, Brasil",24.8,"Bélgica, Francia, Suecia",3.5,"Bélgica, Francia, Suecia",3.5,92.0,NA,definitivo
2021,I,Agroalimentario,14,Cereales y productos de molinera,1411,Cereales,141119,Almidón,NA,NA,56.39,"Francia, Ucrania, Brasil",24.8,"Francia, Ucrania, Brasil",24.8,"Bélgica, Países Bajos, Alemania",9.4,"Bélgica, Países Bajos, Alemania",9.4,90.6,NA,definitivo
2021,I,Agroalimentario,14,Cereales y productos de molinera,1411,Cereales,141120,Grañones y sémola de trigo,NA,NA,3.24,"Francia, Ucrania, Brasil",24.8,"Francia, Ucrania, Brasil",24.8,"Portugal, Italia, Francia",-13.3,"Portugal, Italia, Francia",-13.3,95.6,NA,definitivo
2021,I,Agroalimentario,14,Cereales y productos de molinera,1411,Cereales,141121,Otros productos de cereales,NA,NA,73.18,"Francia, Ucrania, Brasil",24.8,"Francia, Ucrania, Brasil",24.8,"Francia, Alemania, Bélgica",29.4,"Francia, Alemania, Bélgica",29.4,90.2,NA,definitivo
2021,I,Agroalimentario,15,Industrias alimentarias y piensos,1511,Industrias alimentarias,151111,Residuos de productos alimentarios,NA,NA,1665.44,"Argentina, Francia, Brasil",19.3,"Argentina, Francia, Brasil",19.3,"Argentina, Brasil, Alemania",26.6,"Argentina, Brasil, Alemania",26.6,20.4,NA,definitivo
2021,I,Agroalimentario,15,Industrias alimentarias y piensos,1511,Industrias alimentarias,151112,Piensos,NA,NA,837.92,"Argentina, Francia, Brasil",19.3,"Argentina, Francia, Brasil",19.3,"Francia, Alemania, Países Bajos",7.1,"Francia, Alemania, Países Bajos",7.1,88.4,NA,definitivo
2021,I,Agroalimentario,16,Flores y plantas,1611,Flores y plantas,161111,Flores y plantas,NA,NA,301.10,"Países Bajos, Ecuador, Colombia",34.1,"Países Bajos, Ecuador, Colombia",34.1,"Países Bajos, Ecuador, Colombia",34.1,"Países Bajos, Ecuador, Colombia",34.1,67.3,NA,definitivo
2021,I,Agroalimentario,17,Hortalizas y legumbres,1711,Hortalizas y legumbres,171111,Tomate,NA,NA,156.87,"Marruecos, Francia, Países Bajos",-2.4,"Marruecos, Francia, Países Bajos",-2.4,"Marruecos, Portugal, Países Bajos",3.8,"Marruecos, Portugal, Países Bajos",3.8,46.4,NA,definitivo
2021,I,Agroalimentario,17,Hortalizas y legumbres,1711,Hortalizas y legumbres,171112,Pimiento,NA,NA,70.13,"Marruecos, Francia, Países Bajos",-2.4,"Marruecos, Francia, Países Bajos",-2.4,"Marruecos, Francia, Portugal",3.6,"Marruecos, Francia, Portugal",3.6,8.7,NA,definitivo
2021,I,Agroalimentario,17,Hortalizas y legumbres,1711,Hortalizas y legumbres,171113,Pepino,NA,NA,6.36,"Marruecos, Francia, Países Bajos",-2.4,"Marruecos, Francia, Países Bajos",-2.4,"Marruecos, Francia, Alemania",-25.2,"Marruecos, Francia, Alemania",-25.2,31.0,NA,definitivo
2021,I,Agroalimentario,17,Hortalizas y legumbres,1711,Hortalizas y legumbres,171114,Lechuga,NA,NA,37.01,"Marruecos, Francia, Países Bajos",-2.4,"Marruecos, Francia, Países Bajos",-2.4,"Francia, Italia, Países Bajos",25.5,"Francia, Italia, Países Bajos",25.5,99.8,NA,definitivo
2021,I,Agroalimentario,17,Hortalizas y legumbres,1711,Hortalizas y legumbres,171115,Patata,NA,NA,238.36,"Marruecos, Francia, Países Bajos",-2.4,"Marruecos, Francia, Países Bajos",-2.4,"Francia, Países Bajos, Reino Unido",-14.3,"Francia, Países Bajos, Reino Unido",-14.3,84.2,NA,definitivo
2021,I,Agroalimentario,17,Hortalizas y legumbres,1711,Hortalizas y legumbres,171116,Cebolla,NA,NA,55.56,"Marruecos, Francia, Países Bajos",-2.4,"Marruecos, Francia, Países Bajos",-2.4,"Perú, Francia, Chile",30.3,"Perú, Francia, Chile",30.3,27.0,NA,definitivo
2021,I,Agroalimentario,17,Hortalizas y legumbres,1711,Hortalizas y legumbres,171117,Ajos,NA,NA,15.39,"Marruecos, Francia, Países Bajos",-2.4,"Marruecos, Francia, Países Bajos",-2.4,"Argentina, Países Bajos, Portugal",23.8,"Argentina, Países Bajos, Portugal",23.8,49.3,NA,definitivo
2021,I,Agroalimentario,17,Hortalizas y legumbres,1711,Hortalizas y legumbres,171118,Zanahoria,NA,NA,6.56,"Marruecos, Francia, Países Bajos",-2.4,"Marruecos, Francia, Países Bajos",-2.4,"Francia, Portugal, Alemania",28.3,"Francia, Portugal, Alemania",28.3,96.2,NA,definitivo
2021,I,Agroalimentario,17,Hortalizas y legumbres,1711,Hortalizas y legumbres,171119,Las demás hortalizas frescas,NA,NA,319.21,"Marruecos, Francia, Países Bajos",-2.4,"Marruecos, Francia, Países Bajos",-2.4,"Marruecos, Perú, Francia",5.3,"Marruecos, Perú, Francia",5.3,30.4,NA,definitivo
2021,I,Agroalimentario,17,Hortalizas y legumbres,1711,Hortalizas y legumbres,171120,Hortalizas congeladas,NA,NA,159.32,"Marruecos, Francia, Países Bajos",-2.4,"Marruecos, Francia, Países Bajos",-2.4,"Francia, Bélgica, Países Bajos",1.0,"Francia, Bélgica, Países Bajos",1.0,78.7,NA,definitivo
2021,I,Agroalimentario,17,Hortalizas y legumbres,1711,Hortalizas y legumbres,171121,Hortalizas conservadas o secas,NA,NA,88.08,"Marruecos, Francia, Países Bajos",-2.4,"Marruecos, Francia, Países Bajos",-2.4,"India, China, Marruecos",-7.5,"India, China, Marruecos",-7.5,40.8,NA,definitivo
2021,I,Agroalimentario,17,Hortalizas y legumbres,1711,Hortalizas y legumbres,171122,Legumbres,NA,NA,164.63,"Marruecos, Francia, Países Bajos",-2.4,"Marruecos, Francia, Países Bajos",-2.4,"Argentina, Estados Unidos, Rusia",-17.4,"Argentina, Estados Unidos, Rusia",-17.4,15.3,NA,definitivo
2021,I,Agroalimentario,18,Frutas,1811,Frutas,181111,Cítricos,NA,NA,216.51,"Estados Unidos, Marruecos, Perú",3.5,"Estados Unidos, Marruecos, Perú",3.5,"Sudáfrica, Portugal, Países Bajos",-14.5,"Sudáfrica, Portugal, Países Bajos",-14.5,39.4,NA,definitivo
2021,I,Agroalimentario,18,Frutas,1811,Frutas,181111,Cítricos,1811111,Naranjas,121.41,"Estados Unidos, Marruecos, Perú",3.5,"Estados Unidos, Marruecos, Perú",3.5,"Sudáfrica, Portugal, Países Bajos",-14.5,"Sudáfrica, Portugal, Egipto",-26.1,39.4,40.2,definitivo
2021,I,Agroalimentario,18,Frutas,1811,Frutas,181111,Cítricos,1811112,Mandarinas y clementinas,45.81,"Estados Unidos, Marruecos, Perú",3.5,"Estados Unidos, Marruecos, Perú",3.5,"Sudáfrica, Portugal, Países Bajos",-14.5,"Marruecos, Portugal, Egipto",64.2,39.4,31.8,definitivo
2021,I,Agroalimentario,18,Frutas,1811,Frutas,181111,Cítricos,1811113,Limones y limas,41.50,"Estados Unidos, Marruecos, Perú",3.5,"Estados Unidos, Marruecos, Perú",3.5,"Sudáfrica, Portugal, Países Bajos",-14.5,"Brasil, Países Bajos, Sudáfrica",-23.0,39.4,41.8,definitivo
2021,I,Agroalimentario,18,Frutas,1811,Frutas,181111,Cítricos,1811114,Otros cítricos,7.79,"Estados Unidos, Marruecos, Perú",3.5,"Estados Unidos, Marruecos, Perú",3.5,"Sudáfrica, Portugal, Países Bajos",-14.5,"Sudáfrica, Países Bajos, Portugal",10.8,39.4,58.4,definitivo
2021,I,Agroalimentario,18,Frutas,1811,Frutas,181112,Melones y sandías,NA,NA,133.57,"Estados Unidos, Marruecos, Perú",3.5,"Estados Unidos, Marruecos, Perú",3.5,"Marruecos, Brasil, Senegal",3.2,"Marruecos, Brasil, Senegal",3.2,3.9,NA,definitivo
2021,I,Agroalimentario,18,Frutas,1811,Frutas,181112,Melones y sandías,1811121,Melones,69.34,"Estados Unidos, Marruecos, Perú",3.5,"Estados Unidos, Marruecos, Perú",3.5,"Marruecos, Brasil, Senegal",3.2,"Brasil, Marruecos, Senegal",3.7,3.9,5.2,definitivo
2021,I,Agroalimentario,18,Frutas,1811,Frutas,181112,Melones y sandías,1811122,Sandías,64.23,"Estados Unidos, Marruecos, Perú",3.5,"Estados Unidos, Marruecos, Perú",3.5,"Marruecos, Brasil, Senegal",3.2,"Marruecos, Senegal, Brasil",2.8,3.9,2.4,definitivo
2021,I,Agroalimentario,18,Frutas,1811,Frutas,181113,Melocotón y nectarina,NA,NA,6.57,"Estados Unidos, Marruecos, Perú",3.5,"Estados Unidos, Marruecos, Perú",3.5,"Marruecos, Chile, Portugal",46.2,"Marruecos, Chile, Portugal",46.2,39.9,NA,definitivo
2021,I,Agroalimentario,18,Frutas,1811,Frutas,181114,Fresas,NA,NA,33.30,"Estados Unidos, Marruecos, Perú",3.5,"Estados Unidos, Marruecos, Perú",3.5,"Marruecos, Portugal, Bélgica",-31.5,"Marruecos, Portugal, Bélgica",-31.5,19.1,NA,definitivo
2021,I,Agroalimentario,18,Frutas,1811,Frutas,181115,Los demás frutos rojos,NA,NA,382.31,"Estados Unidos, Marruecos, Perú",3.5,"Estados Unidos, Marruecos, Perú",3.5,"Marruecos, Portugal, Perú",5.9,"Marruecos, Portugal, Perú",5.9,15.0,NA,definitivo
2021,I,Agroalimentario,18,Frutas,1811,Frutas,181116,Caquis,NA,NA,1.02,"Estados Unidos, Marruecos, Perú",3.5,"Estados Unidos, Marruecos, Perú",3.5,"Perú, Países Bajos, Italia",223.9,"Perú, Países Bajos, Italia",223.9,48.9,NA,definitivo
2021,I,Agroalimentario,18,Frutas,1811,Frutas,181117,"Manzanas, peras y membrillos",NA,NA,235.78,"Estados Unidos, Marruecos, Perú",3.5,"Estados Unidos, Marruecos, Perú",3.5,"Italia, Francia, Chile",10.0,"Italia, Francia, Chile",10.0,85.2,NA,definitivo
2021,I,Agroalimentario,18,Frutas,1811,Frutas,181118,Plátano,NA,NA,235.04,"Estados Unidos, Marruecos, Perú",3.5,"Estados Unidos, Marruecos, Perú",3.5,"Costa Rica, Costa de Marfil, Colombia",9.4,"Costa Rica, Costa de Marfil, Colombia",9.4,8.8,NA,definitivo
2021,I,Agroalimentario,18,Frutas,1811,Frutas,181119,Almendras y avellanas,NA,NA,485.36,"Estados Unidos, Marruecos, Perú",3.5,"Estados Unidos, Marruecos, Perú",3.5,"Estados Unidos, Portugal, Turquía",-10.6,"Estados Unidos, Portugal, Turquía",-10.6,20.7,NA,definitivo
2021,I,Agroalimentario,18,Frutas,1811,Frutas,181119,Almendras y avellanas,1811191,Almendras,449.16,"Estados Unidos, Marruecos, Perú",3.5,"Estados Unidos, Marruecos, Perú",3.5,"Estados Unidos, Portugal, Turquía",-10.6,"Estados Unidos, Portugal, Bélgica",-11.7,20.7,19.1,definitivo
2021,I,Agroalimentario,18,Frutas,1811,Frutas,181119,Almendras y avellanas,1811192,Avellanas,36.20,"Estados Unidos, Marruecos, Perú",3.5,"Estados Unidos, Marruecos, Perú",3.5,"Estados Unidos, Portugal, Turquía",-10.6,"Turquía, Italia, Georgia",4.9,20.7,40.7,definitivo
2021,I,Agroalimentario,18,Frutas,1811,Frutas,181120,Uva,NA,NA,131.27,"Estados Unidos, Marruecos, Perú",3.5,"Estados Unidos, Marruecos, Perú",3.5,"Perú, Chile, Italia",12.4,"Perú, Chile, Italia",12.4,28.8,NA,definitivo
2021,I,Agroalimentario,18,Frutas,1811,Frutas,181121,Las demás frutas frescas y desecadas,NA,NA,1483.60,"Estados Unidos, Marruecos, Perú",3.5,"Estados Unidos, Marruecos, Perú",3.5,"Perú, Estados Unidos, Costa Rica",10.0,"Perú, Estados Unidos, Costa Rica",10.0,23.3,NA,definitivo
2021,I,Agroalimentario,18,Frutas,1811,Frutas,181122,Frutas congeladas,NA,NA,62.60,"Estados Unidos, Marruecos, Perú",3.5,"Estados Unidos, Marruecos, Perú",3.5,"Marruecos, Bélgica, Portugal",7.8,"Marruecos, Bélgica, Portugal",7.8,50.8,NA,definitivo
2021,I,Agroalimentario,18,Frutas,1811,Frutas,181123,Frutas conservadas provisionalmente y cortezas,NA,NA,8.41,"Estados Unidos, Marruecos, Perú",3.5,"Estados Unidos, Marruecos, Perú",3.5,"Argentina, Perú, Portugal",29.4,"Argentina, Perú, Portugal",29.4,36.9,NA,definitivo
2021,I,Agroalimentario,19,Conservas vegetales,1911,Conservas vegetales,191111,Tomate,NA,NA,58.55,"Francia, Bélgica, Países Bajos",5.0,"Francia, Bélgica, Países Bajos",5.0,"Portugal, Italia, China",45.7,"Portugal, Italia, China",45.7,70.5,NA,definitivo
2021,I,Agroalimentario,19,Conservas vegetales,1911,Conservas vegetales,191112,Aceituna,NA,NA,16.47,"Francia, Bélgica, Países Bajos",5.0,"Francia, Bélgica, Países Bajos",5.0,"Egipto, Portugal, Grecia",-20.6,"Egipto, Portugal, Grecia",-20.6,48.7,NA,definitivo
2021,I,Agroalimentario,19,Conservas vegetales,1911,Conservas vegetales,191113,Espárragos,NA,NA,85.30,"Francia, Bélgica, Países Bajos",5.0,"Francia, Bélgica, Países Bajos",5.0,"China, Perú, Namibia",-0.3,"China, Perú, Namibia",-0.3,1.1,NA,definitivo
2021,I,Agroalimentario,19,Conservas vegetales,1911,Conservas vegetales,191114,Las demás hortalizas,NA,NA,466.85,"Francia, Bélgica, Países Bajos",5.0,"Francia, Bélgica, Países Bajos",5.0,"Francia, Bélgica, Perú",9.6,"Francia, Bélgica, Perú",9.6,71.2,NA,definitivo
2021,I,Agroalimentario,19,Conservas vegetales,1911,Conservas vegetales,191115,Zumos,NA,NA,225.52,"Francia, Bélgica, Países Bajos",5.0,"Francia, Bélgica, Países Bajos",5.0,"Países Bajos, Bélgica, Costa Rica",-5.1,"Países Bajos, Bélgica, Costa Rica",-5.1,62.2,NA,definitivo
2021,I,Agroalimentario,19,Conservas vegetales,1911,Conservas vegetales,191116,Confituras y mermeladas,NA,NA,68.83,"Francia, Bélgica, Países Bajos",5.0,"Francia, Bélgica, Países Bajos",5.0,"Francia, Italia, Turquía",8.1,"Francia, Italia, Turquía",8.1,73.7,NA,definitivo
2021,I,Agroalimentario,19,Conservas vegetales,1911,Conservas vegetales,191117,Las demás frutas,NA,NA,293.71,"Francia, Bélgica, Países Bajos",5.0,"Francia, Bélgica, Países Bajos",5.0,"Francia, Alemania, Indonesia",3.3,"Francia, Alemania, Indonesia",3.3,53.7,NA,definitivo
2021,I,Agroalimentario,20,Vinos y bebidas,2011,Vinos y bebidas,201111,Agua,NA,NA,27.87,"Francia, Reino Unido, Italia",20.1,"Francia, Reino Unido, Italia",20.1,"Francia, Italia, Alemania",-1.8,"Francia, Italia, Alemania",-1.8,92.1,NA,definitivo
2021,I,Agroalimentario,20,Vinos y bebidas,2011,Vinos y bebidas,201112,Bebidas refrescantes,NA,NA,243.70,"Francia, Reino Unido, Italia",20.1,"Francia, Reino Unido, Italia",20.1,"Portugal, Austria, Francia",17.2,"Portugal, Austria, Francia",17.2,94.5,NA,definitivo
2021,I,Agroalimentario,20,Vinos y bebidas,2011,Vinos y bebidas,201113,Cerveza,NA,NA,324.57,"Francia, Reino Unido, Italia",20.1,"Francia, Reino Unido, Italia",20.1,"Bélgica, Francia, Portugal",10.0,"Bélgica, Francia, Portugal",10.0,86.2,NA,definitivo
2021,I,Agroalimentario,20,Vinos y bebidas,2011,Vinos y bebidas,201114,Mosto,NA,NA,5.93,"Francia, Reino Unido, Italia",20.1,"Francia, Reino Unido, Italia",20.1,"Chile, Italia, Alemania",-21.6,"Chile, Italia, Alemania",-21.6,52.2,NA,definitivo
2021,I,Agroalimentario,20,Vinos y bebidas,2011,Vinos y bebidas,201115,Vino,NA,NA,250.40,"Francia, Reino Unido, Italia",20.1,"Francia, Reino Unido, Italia",20.1,"Francia, Italia, Portugal",49.8,"Francia, Italia, Portugal",49.8,89.8,NA,definitivo
2021,I,Agroalimentario,20,Vinos y bebidas,2011,Vinos y bebidas,201116,Vermut y vino aromátizado,NA,NA,55.16,"Francia, Reino Unido, Italia",20.1,"Francia, Reino Unido, Italia",20.1,"Italia, Portugal, Alemania",40.0,"Italia, Portugal, Alemania",40.0,99.5,NA,definitivo
2021,I,Agroalimentario,20,Vinos y bebidas,2011,Vinos y bebidas,201117,Otras bebidas fermentadas,NA,NA,24.23,"Francia, Reino Unido, Italia",20.1,"Francia, Reino Unido, Italia",20.1,"Alemania, Francia, Suecia",84.7,"Alemania, Francia, Suecia",84.7,86.7,NA,definitivo
2021,I,Agroalimentario,20,Vinos y bebidas,2011,Vinos y bebidas,201118,Bebidas espirituosas,NA,NA,712.82,"Francia, Reino Unido, Italia",20.1,"Francia, Reino Unido, Italia",20.1,"Reino Unido, Países Bajos, Estados Unidos",27.0,"Reino Unido, Países Bajos, Estados Unidos",27.0,40.8,NA,definitivo
2021,I,Agroalimentario,20,Vinos y bebidas,2011,Vinos y bebidas,201119,Alcohol,NA,NA,109.04,"Francia, Reino Unido, Italia",20.1,"Francia, Reino Unido, Italia",20.1,"Pakistán, Francia, Portugal",-21.7,"Pakistán, Francia, Portugal",-21.7,56.6,NA,definitivo
2021,I,Agroalimentario,20,Vinos y bebidas,2011,Vinos y bebidas,201120,Vinagre y sucedáneos,NA,NA,17.92,"Francia, Reino Unido, Italia",20.1,"Francia, Reino Unido, Italia",20.1,"Italia, Francia, Países Bajos",16.3,"Italia, Francia, Países Bajos",16.3,90.6,NA,definitivo
2021,I,Agroalimentario,21,Tabaco,2111,Tabaco,211111,Tabaco,NA,NA,1539.29,"Alemania, Polonia, Portugal",4.0,"Alemania, Polonia, Portugal",4.0,"Alemania, Polonia, Portugal",4.0,"Alemania, Polonia, Portugal",4.0,94.1,NA,definitivo
2021,I,Agroalimentario,22,Grasas y aceites,2211,Grasas y aceites,221111,Aceite de soja,NA,NA,203.33,"Indonesia, China, Ucrania",39.4,"Indonesia, China, Ucrania",39.4,"Argentina, Portugal, Italia",260.5,"Argentina, Portugal, Italia",260.5,37.9,NA,definitivo
2021,I,Agroalimentario,22,Grasas y aceites,2211,Grasas y aceites,221112,Aceite de oliva,NA,NA,545.67,"Indonesia, China, Ucrania",39.4,"Indonesia, China, Ucrania",39.4,"Portugal, Túnez, Italia",3.2,"Portugal, Túnez, Italia",3.2,57.2,NA,definitivo
2021,I,Agroalimentario,22,Grasas y aceites,2211,Grasas y aceites,221112,Aceite de oliva,2211121,Aceite de oliva virgen extra,282.76,"Indonesia, China, Ucrania",39.4,"Indonesia, China, Ucrania",39.4,"Portugal, Túnez, Italia",3.2,"Portugal, Túnez, Argentina",-4.5,57.2,48.7,definitivo
2021,I,Agroalimentario,22,Grasas y aceites,2211,Grasas y aceites,221112,Aceite de oliva,2211122,Aceite de oliva virgen y lampante,176.62,"Indonesia, China, Ucrania",39.4,"Indonesia, China, Ucrania",39.4,"Portugal, Túnez, Italia",3.2,"Portugal, Túnez, Italia",4.2,57.2,65.4,definitivo
2021,I,Agroalimentario,22,Grasas y aceites,2211,Grasas y aceites,221112,Aceite de oliva,2211123,Aceite de oliva refinado y mezclas,19.29,"Indonesia, China, Ucrania",39.4,"Indonesia, China, Ucrania",39.4,"Portugal, Túnez, Italia",3.2,"Portugal, Túnez, Italia",53.3,57.2,84.0,definitivo
2021,I,Agroalimentario,22,Grasas y aceites,2211,Grasas y aceites,221112,Aceite de oliva,2211124,Aceite de orujo y otros aceites de aceituna,67.01,"Indonesia, China, Ucrania",39.4,"Indonesia, China, Ucrania",39.4,"Portugal, Túnez, Italia",3.2,"Italia, Portugal, Marruecos",32.5,57.2,64.3,definitivo
2021,I,Agroalimentario,22,Grasas y aceites,2211,Grasas y aceites,221113,Aceite de girasol,NA,NA,685.26,"Indonesia, China, Ucrania",39.4,"Indonesia, China, Ucrania",39.4,"Ucrania, Bulgaria, Francia",49.4,"Ucrania, Bulgaria, Francia",49.4,30.3,NA,definitivo
2021,I,Agroalimentario,22,Grasas y aceites,2211,Grasas y aceites,221114,Margarina,NA,NA,103.87,"Indonesia, China, Ucrania",39.4,"Indonesia, China, Ucrania",39.4,"Bélgica, Portugal, Países Bajos",25.4,"Bélgica, Portugal, Países Bajos",25.4,91.5,NA,definitivo
2021,I,Agroalimentario,22,Grasas y aceites,2211,Grasas y aceites,221115,Las demás grasas y aceites animales,NA,NA,232.73,"Indonesia, China, Ucrania",39.4,"Indonesia, China, Ucrania",39.4,"Francia, Italia, Uruguay",56.3,"Francia, Italia, Uruguay",56.3,75.5,NA,definitivo
2021,I,Agroalimentario,22,Grasas y aceites,2211,Grasas y aceites,221116,Las demás grasas y aceites vegetales,NA,NA,1720.07,"Indonesia, China, Ucrania",39.4,"Indonesia, China, Ucrania",39.4,"Indonesia, Guatemala, Francia",18.2,"Indonesia, Guatemala, Francia",18.2,15.4,NA,definitivo
2021,I,Agroalimentario,22,Grasas y aceites,2211,Grasas y aceites,221117,Residuos,NA,NA,756.46,"Indonesia, China, Ucrania",39.4,"Indonesia, China, Ucrania",39.4,"China, Indonesia, Malasia",139.2,"China, Indonesia, Malasia",139.2,16.0,NA,definitivo
2021,I,Agroalimentario,23,"Semillas, oleaginosas, mandioca y forraje",2311,"Semillas, oleaginosas, mandioca y forraje",231111,Soja,NA,NA,1712.31,"Brasil, Estados Unidos, Países Bajos",30.5,"Brasil, Estados Unidos, Países Bajos",30.5,"Brasil, Estados Unidos, Canadá",49.0,"Brasil, Estados Unidos, Canadá",49.0,2.2,NA,definitivo
2021,I,Agroalimentario,23,"Semillas, oleaginosas, mandioca y forraje",2311,"Semillas, oleaginosas, mandioca y forraje",231112,Girasol,NA,NA,250.09,"Brasil, Estados Unidos, Países Bajos",30.5,"Brasil, Estados Unidos, Países Bajos",30.5,"Francia, China, Rumanía",10.2,"Francia, China, Rumanía",10.2,68.9,NA,definitivo
2021,I,Agroalimentario,23,"Semillas, oleaginosas, mandioca y forraje",2311,"Semillas, oleaginosas, mandioca y forraje",231113,Otros productos del capítulo 12,NA,NA,839.71,"Brasil, Estados Unidos, Países Bajos",30.5,"Brasil, Estados Unidos, Países Bajos",30.5,"Países Bajos, Francia, Marruecos",10.3,"Países Bajos, Francia, Marruecos",10.3,60.5,NA,definitivo
2021,I,Agroalimentario,23,"Semillas, oleaginosas, mandioca y forraje",2311,"Semillas, oleaginosas, mandioca y forraje",231114,Forrajes,NA,NA,8.87,"Brasil, Estados Unidos, Países Bajos",30.5,"Brasil, Estados Unidos, Países Bajos",30.5,"Francia, Portugal, Italia",22.7,"Francia, Portugal, Italia",22.7,89.1,NA,definitivo
2021,I,Agroalimentario,23,"Semillas, oleaginosas, mandioca y forraje",2311,"Semillas, oleaginosas, mandioca y forraje",231115,Mandioca,NA,NA,32.45,"Brasil, Estados Unidos, Países Bajos",30.5,"Brasil, Estados Unidos, Países Bajos",30.5,"Costa Rica, Países Bajos, Portugal",-2.5,"Costa Rica, Países Bajos, Portugal",-2.5,36.5,NA,definitivo
2021,I,Agroalimentario,24,"Café, té, cacao y azúcar",2411,"Café, té, cacao y azúcar",241111,Café,NA,NA,931.42,"Francia, Costa de Marfil, Brasil",12.2,"Francia, Costa de Marfil, Brasil",12.2,"Francia, Vietnam, Brasil",4.7,"Francia, Vietnam, Brasil",4.7,44.0,NA,definitivo
2021,I,Agroalimentario,24,"Café, té, cacao y azúcar",2411,"Café, té, cacao y azúcar",241112,Extractos de café,NA,NA,87.90,"Francia, Costa de Marfil, Brasil",12.2,"Francia, Costa de Marfil, Brasil",12.2,"Alemania, Reino Unido, Italia",33.8,"Alemania, Reino Unido, Italia",33.8,65.2,NA,definitivo
2021,I,Agroalimentario,24,"Café, té, cacao y azúcar",2411,"Café, té, cacao y azúcar",241113,Sucedáneos de café,NA,NA,5.77,"Francia, Costa de Marfil, Brasil",12.2,"Francia, Costa de Marfil, Brasil",12.2,"Polonia, Portugal, Francia",-6.8,"Polonia, Portugal, Francia",-6.8,97.4,NA,definitivo
2021,I,Agroalimentario,24,"Café, té, cacao y azúcar",2411,"Café, té, cacao y azúcar",241114,Té,NA,NA,73.55,"Francia, Costa de Marfil, Brasil",12.2,"Francia, Costa de Marfil, Brasil",12.2,"Países Bajos, Alemania, Estados Unidos",12.8,"Países Bajos, Alemania, Estados Unidos",12.8,60.5,NA,definitivo
2021,I,Agroalimentario,24,"Café, té, cacao y azúcar",2411,"Café, té, cacao y azúcar",241115,Cacao,NA,NA,499.71,"Francia, Costa de Marfil, Brasil",12.2,"Francia, Costa de Marfil, Brasil",12.2,"Costa de Marfil, Ghana, Países Bajos",16.5,"Costa de Marfil, Ghana, Países Bajos",16.5,23.3,NA,definitivo
2021,I,Agroalimentario,24,"Café, té, cacao y azúcar",2411,"Café, té, cacao y azúcar",241116,Azúcar,NA,NA,703.69,"Francia, Costa de Marfil, Brasil",12.2,"Francia, Costa de Marfil, Brasil",12.2,"Francia, Brasil, Portugal",19.1,"Francia, Brasil, Portugal",19.1,63.5,NA,definitivo
2021,I,Agroalimentario,24,"Café, té, cacao y azúcar",2411,"Café, té, cacao y azúcar",241117,Melazas,NA,NA,32.69,"Francia, Costa de Marfil, Brasil",12.2,"Francia, Costa de Marfil, Brasil",12.2,"Rusia, Egipto, India",-5.1,"Rusia, Egipto, India",-5.1,7.7,NA,definitivo
2021,I,Agroalimentario,25,Industrias agroalimentarias,2511,Industrias agroalimentarias,251111,Miel,NA,NA,70.71,"Alemania, Francia, Italia",9.8,"Alemania, Francia, Italia",9.8,"Portugal, Uruguay, Rumanía",20.8,"Portugal, Uruguay, Rumanía",20.8,58.7,NA,definitivo
2021,I,Agroalimentario,25,Industrias agroalimentarias,2511,Industrias agroalimentarias,251112,Extractos y jugos de origen animal,NA,NA,11.58,"Alemania, Francia, Italia",9.8,"Alemania, Francia, Italia",9.8,"China, Hungría, Francia",-23.4,"China, Hungría, Francia",-23.4,53.0,NA,definitivo
2021,I,Agroalimentario,25,Industrias agroalimentarias,2511,Industrias agroalimentarias,251113,Levaduras,NA,NA,57.13,"Alemania, Francia, Italia",9.8,"Alemania, Francia, Italia",9.8,"Francia, Bélgica, Italia",9.0,"Francia, Bélgica, Italia",9.0,86.1,NA,definitivo
2021,I,Agroalimentario,25,Industrias agroalimentarias,2511,Industrias agroalimentarias,251114,Otras preparaciones alimenticias,NA,NA,929.64,"Alemania, Francia, Italia",9.8,"Alemania, Francia, Italia",9.8,"Francia, Países Bajos, Alemania",15.1,"Francia, Países Bajos, Alemania",15.1,87.9,NA,definitivo
2021,I,Agroalimentario,25,Industrias agroalimentarias,2511,Industrias agroalimentarias,251115,Especias,NA,NA,253.84,"Alemania, Francia, Italia",9.8,"Alemania, Francia, Italia",9.8,"China, Irán, Perú",7.2,"China, Irán, Perú",7.2,14.4,NA,definitivo
2021,I,Agroalimentario,25,Industrias agroalimentarias,2511,Industrias agroalimentarias,251116,"Gomas, resinas y extractos vegetales",NA,NA,242.19,"Alemania, Francia, Italia",9.8,"Alemania, Francia, Italia",9.8,"China, Alemania, Francia",9.6,"China, Alemania, Francia",9.6,46.0,NA,definitivo
2021,I,Agroalimentario,25,Industrias agroalimentarias,2511,Industrias agroalimentarias,251117,Artículos sin cacao de confitería,NA,NA,127.65,"Alemania, Francia, Italia",9.8,"Alemania, Francia, Italia",9.8,"Alemania, Francia, Bélgica",15.1,"Alemania, Francia, Bélgica",15.1,86.8,NA,definitivo
2021,I,Agroalimentario,25,Industrias agroalimentarias,2511,Industrias agroalimentarias,251118,Chocolate y preparaciones con cacao,NA,NA,607.82,"Alemania, Francia, Italia",9.8,"Alemania, Francia, Italia",9.8,"Alemania, Italia, Francia",12.6,"Alemania, Italia, Francia",12.6,95.7,NA,definitivo
2021,I,Agroalimentario,25,Industrias agroalimentarias,2511,Industrias agroalimentarias,251119,Pastas alimenticias,NA,NA,218.75,"Alemania, Francia, Italia",9.8,"Alemania, Francia, Italia",9.8,"Italia, Francia, Polonia",8.8,"Italia, Francia, Polonia",8.8,87.8,NA,definitivo
2021,I,Agroalimentario,25,Industrias agroalimentarias,2511,Industrias agroalimentarias,251120,"Panadería, pastelería y galletería",NA,NA,771.92,"Alemania, Francia, Italia",9.8,"Alemania, Francia, Italia",9.8,"Alemania, Italia, Francia",13.7,"Alemania, Italia, Francia",13.7,96.2,NA,definitivo
2021,I,Agroalimentario,25,Industrias agroalimentarias,2511,Industrias agroalimentarias,251121,Otras preparaciones de harina y cereales,NA,NA,352.77,"Alemania, Francia, Italia",9.8,"Alemania, Francia, Italia",9.8,"Francia, Alemania, Portugal",-4.3,"Francia, Alemania, Portugal",-4.3,88.9,NA,definitivo
2021,I,Agroalimentario,25,Industrias agroalimentarias,2511,Industrias agroalimentarias,251122,Salsas y sopas,NA,NA,239.57,"Alemania, Francia, Italia",9.8,"Alemania, Francia, Italia",9.8,"Italia, Países Bajos, Alemania",3.1,"Italia, Países Bajos, Alemania",3.1,81.9,NA,definitivo
2021,I,Agroalimentario,25,Industrias agroalimentarias,2511,Industrias agroalimentarias,251123,Helados,NA,NA,168.00,"Alemania, Francia, Italia",9.8,"Alemania, Francia, Italia",9.8,"Francia, Alemania, Italia",11.3,"Francia, Alemania, Italia",11.3,97.5,NA,definitivo
2021,I,Agroalimentario,25,Industrias agroalimentarias,2511,Industrias agroalimentarias,251124,Batidos y postres lácteos,NA,NA,197.52,"Alemania, Francia, Italia",9.8,"Alemania, Francia, Italia",9.8,"Francia, Alemania, Países Bajos",1.7,"Francia, Alemania, Países Bajos",1.7,98.5,NA,definitivo
2021,I,Agroalimentario,AR,Otros productos agrícolas,AARR,Otros productos agrícolas,RESTO,Otros productos agrícolas sin rúbrica propia,NA,NA,327.51,"China, Alemania, Países Bajos",21.8,"China, Alemania, Países Bajos",21.8,"China, Alemania, Países Bajos",21.8,"China, Alemania, Países Bajos",21.8,49.8,NA,definitivo
2021,I,Industrial,2,PRODUCTOS ENERGÉTICOS,21,CARBÓN,210,CARBÓN,2100,CARBÓN,920.78,"Nigeria, Rusia, Estados Unidos",71.4,"Rusia, Colombia, Australia",68.1,"Rusia, Colombia, Australia",68.1,"Rusia, Colombia, Australia",68.1,24.6,24.6,definitivo
2021,I,Industrial,2,PRODUCTOS ENERGÉTICOS,22,PETRÓLEO Y DERIVADOS,220,PETRÓLEO Y DERIVADOS,2200,PETRÓLEO Y DERIVADOS,33602.96,"Nigeria, Rusia, Estados Unidos",71.4,"Nigeria, Rusia, Libia",62.0,"Nigeria, Rusia, Libia",62.0,"Nigeria, Rusia, Libia",62.0,12.0,12.0,definitivo
2021,I,Industrial,2,PRODUCTOS ENERGÉTICOS,23,GAS,230,GAS,2300,GAS,9594.04,"Nigeria, Rusia, Estados Unidos",71.4,"Argelia, Estados Unidos, Rusia",88.6,"Argelia, Estados Unidos, Rusia",88.6,"Argelia, Estados Unidos, Rusia",88.6,0.9,0.9,definitivo
2021,I,Industrial,2,PRODUCTOS ENERGÉTICOS,24,CORRIENTE ELÉCTRICA,240,CORRIENTE ELÉCTRICA,2400,CORRIENTE ELÉCTRICA,2357.17,"Nigeria, Rusia, Estados Unidos",71.4,"Francia, Portugal, Marruecos",220.8,"Francia, Portugal, Marruecos",220.8,"Francia, Portugal, Marruecos",220.8,99.6,99.6,definitivo
2021,I,Industrial,3,MATERIAS PRIMAS,31,MAT. PRIMAS ANIMALES Y VEGETALES,310,MAT. PRIMAS ANIMALES Y VEGETALES,3100,MAT. PRIMAS ANIMALES Y VEGETALES,3761.52,"Francia, Portugal, Brasil",46.3,"Francia, Países Bajos, Portugal",31.0,"Francia, Países Bajos, Portugal",31.0,"Francia, Países Bajos, Portugal",31.0,61.2,61.2,definitivo
2021,I,Industrial,3,MATERIAS PRIMAS,32,MENAS Y MINERALES,320,MENAS Y MINERALES,3200,MENAS Y MINERALES,8930.53,"Francia, Portugal, Brasil",46.3,"Francia, Brasil, Estados Unidos",53.9,"Francia, Brasil, Estados Unidos",53.9,"Francia, Brasil, Estados Unidos",53.9,31.3,31.3,definitivo
2021,I,Industrial,4,SEMIMANUFACTURAS,41,METALES NO FERROSOS,410,METALES NO FERROSOS,4100,METALES NO FERROSOS,6283.61,"Alemania, Francia, Suiza",30.8,"Países Bajos, Italia, Alemania",48.7,"Países Bajos, Italia, Alemania",48.7,"Países Bajos, Italia, Alemania",48.7,50.6,50.6,definitivo
2021,I,Industrial,4,SEMIMANUFACTURAS,42,HIERRO Y ACERO,420,HIERRO Y ACERO,4200,HIERRO Y ACERO,10532.22,"Alemania, Francia, Suiza",30.8,"Francia, Italia, Alemania",55.0,"Francia, Italia, Alemania",55.0,"Francia, Italia, Alemania",55.0,57.7,57.7,definitivo
2021,I,Industrial,4,SEMIMANUFACTURAS,43,PRODUCTOS QUÍMICOS,431,PRODUCTOS QUÍMICOS ORGÁNICOS,4310,PRODUCTOS QUÍMICOS ORGÁNICOS,11909.26,"Alemania, Francia, Suiza",30.8,"Alemania, Suiza, Francia",27.8,"No determinado UE, Suiza, China",22.9,"No determinado UE, Suiza, China",22.9,36.5,36.5,definitivo
2021,I,Industrial,4,SEMIMANUFACTURAS,43,PRODUCTOS QUÍMICOS,432,PRODUCTOS QUÍMICOS INORGÁNICOS,4320,PRODUCTOS QUÍMICOS INORGÁNICOS,2427.44,"Alemania, Francia, Suiza",30.8,"Alemania, Suiza, Francia",27.8,"Reino Unido, Alemania, China",30.6,"Reino Unido, Alemania, China",30.6,36.7,36.7,definitivo
2021,I,Industrial,4,SEMIMANUFACTURAS,43,PRODUCTOS QUÍMICOS,433,MEDICAMENTOS,4330,MEDICAMENTOS,21782.66,"Alemania, Francia, Suiza",30.8,"Alemania, Suiza, Francia",27.8,"Suiza, Estados Unidos, Alemania",36.7,"Suiza, Estados Unidos, Alemania",36.7,47.2,47.2,definitivo
2021,I,Industrial,4,SEMIMANUFACTURAS,43,PRODUCTOS QUÍMICOS,434,PLÁSTICOS,4341,MATERIAS PRIMAS PLÁSTICAS,6785.33,"Alemania, Francia, Suiza",30.8,"Alemania, Suiza, Francia",27.8,"Alemania, Francia, Italia",30.4,"Alemania, Francia, Bélgica",47.6,70.8,72.4,definitivo
2021,I,Industrial,4,SEMIMANUFACTURAS,43,PRODUCTOS QUÍMICOS,434,PLÁSTICOS,4342,MANUFACTURAS PLÁSTICAS,6466.18,"Alemania, Francia, Suiza",30.8,"Alemania, Suiza, Francia",27.8,"Alemania, Francia, Italia",30.4,"Alemania, Italia, China",16.1,70.8,69.2,definitivo
2021,I,Industrial,4,SEMIMANUFACTURAS,43,PRODUCTOS QUÍMICOS,435,ABONOS,4350,ABONOS,1298.74,"Alemania, Francia, Suiza",30.8,"Alemania, Suiza, Francia",27.8,"Bélgica, Argelia, Marruecos",46.0,"Bélgica, Argelia, Marruecos",46.0,42.3,42.3,definitivo
2021,I,Industrial,4,SEMIMANUFACTURAS,43,PRODUCTOS QUÍMICOS,436,COLORANTES Y CURTIENTES,4360,COLORANTES Y CURTIENTES,1871.37,"Alemania, Francia, Suiza",30.8,"Alemania, Suiza, Francia",27.8,"Alemania, Italia, Francia",13.7,"Alemania, Italia, Francia",13.7,75.5,75.5,definitivo
2021,I,Industrial,4,SEMIMANUFACTURAS,43,PRODUCTOS QUÍMICOS,437,ACEITES ESENCIALES Y PERFUMADOS,4370,ACEITES ESENCIALES Y PERFUMADOS,4348.30,"Alemania, Francia, Suiza",30.8,"Alemania, Suiza, Francia",27.8,"Francia, Alemania, Italia",12.2,"Francia, Alemania, Italia",12.2,83.9,83.9,definitivo
2021,I,Industrial,4,SEMIMANUFACTURAS,43,PRODUCTOS QUÍMICOS,438,OTROS PRODUCTOS QUÍMICOS,4380,OTROS PRODUCTOS QUÍMICOS,7026.38,"Alemania, Francia, Suiza",30.8,"Alemania, Suiza, Francia",27.8,"Alemania, Francia, Italia",18.1,"Alemania, Francia, Italia",18.1,69.2,69.2,definitivo
2021,I,Industrial,4,SEMIMANUFACTURAS,44,OTRAS SEMIMANUFACTURAS,441,PAPEL,4410,PAPEL,3911.55,"Alemania, Francia, Suiza",30.8,"Alemania, Francia, Italia",20.0,"Alemania, Francia, Italia",15.3,"Alemania, Francia, Italia",15.3,86.5,86.5,definitivo
2021,I,Industrial,4,SEMIMANUFACTURAS,44,OTRAS SEMIMANUFACTURAS,442,MATERIAL DE CONSTRUCCIÓN,4421,CAL Y CEMENTO,226.40,"Alemania, Francia, Suiza",30.8,"Alemania, Francia, Italia",20.0,"Italia, China, Alemania",23.6,"Italia, Turquía, Portugal",36.0,57.8,50.1,definitivo
2021,I,Industrial,4,SEMIMANUFACTURAS,44,OTRAS SEMIMANUFACTURAS,442,MATERIAL DE CONSTRUCCIÓN,4422,OTROS MAT. DE CONSTRUCCIÓN,980.00,"Alemania, Francia, Suiza",30.8,"Alemania, Francia, Italia",20.0,"Italia, China, Alemania",23.6,"Italia, Alemania, China",22.0,57.8,65.4,definitivo
2021,I,Industrial,4,SEMIMANUFACTURAS,44,OTRAS SEMIMANUFACTURAS,442,MATERIAL DE CONSTRUCCIÓN,4423,VIDRIO,737.78,"Alemania, Francia, Suiza",30.8,"Alemania, Francia, Italia",20.0,"Italia, China, Alemania",23.6,"China, Alemania, Francia",22.3,57.8,50.1,definitivo
2021,I,Industrial,4,SEMIMANUFACTURAS,44,OTRAS SEMIMANUFACTURAS,443,NEUMÁTICOS Y CÁMARAS,4430,NEUMÁTICOS Y CÁMARAS,1692.88,"Alemania, Francia, Suiza",30.8,"Alemania, Francia, Italia",20.0,"China, Alemania, Francia",23.1,"China, Alemania, Francia",23.1,60.0,60.0,definitivo
2021,I,Industrial,4,SEMIMANUFACTURAS,44,OTRAS SEMIMANUFACTURAS,444,RESTO OTRAS SEMIMANUFACTURAS,4440,RESTO OTRAS SEMIMANUFACTURAS,2434.67,"Alemania, Francia, Suiza",30.8,"Alemania, Francia, Italia",20.0,"Francia, Alemania, Portugal",22.8,"Francia, Alemania, Portugal",22.8,70.4,70.4,definitivo
2021,I,Industrial,5,BIENES DE EQUIPO,51,MAQ. ESPECIFICA CIERTAS INDUSTRIAS,511,MAQUINARIA AGRÍCOLA,5110,MAQUINARIA AGRÍCOLA,1215.50,"China, Alemania, Italia",14.9,"Alemania, China, Italia",15.4,"Alemania, Italia, Francia",18.2,"Alemania, Italia, Francia",18.2,82.3,82.3,definitivo
2021,I,Industrial,5,BIENES DE EQUIPO,51,MAQ. ESPECIFICA CIERTAS INDUSTRIAS,512,MAQUINARIA OBRAS PUBLICAS,5120,MAQUINARIA OBRAS PUBLICAS,965.93,"China, Alemania, Italia",14.9,"Alemania, China, Italia",15.4,"Alemania, Francia, Italia",40.4,"Alemania, Francia, Italia",40.4,71.3,71.3,definitivo
2021,I,Industrial,5,BIENES DE EQUIPO,51,MAQ. ESPECIFICA CIERTAS INDUSTRIAS,513,MAQUINARIA TEXTIL,5130,MAQUINARIA TEXTIL,237.30,"China, Alemania, Italia",14.9,"Alemania, China, Italia",15.4,"China, Italia, Alemania",5.4,"China, Italia, Alemania",5.4,54.1,54.1,definitivo
2021,I,Industrial,5,BIENES DE EQUIPO,51,MAQ. ESPECIFICA CIERTAS INDUSTRIAS,514,MAQUINARIA PARA TRABAJAR METAL,5140,MAQUINARIA PARA TRABAJAR METAL,848.11,"China, Alemania, Italia",14.9,"Alemania, China, Italia",15.4,"Alemania, Italia, China",6.4,"Alemania, Italia, China",6.4,66.9,66.9,definitivo
2021,I,Industrial,5,BIENES DE EQUIPO,51,MAQ. ESPECIFICA CIERTAS INDUSTRIAS,515,MAQ. PARA CIERTAS INDUSTRIAS,5150,MAQ. PARA CIERTAS INDUSTRIAS,2506.75,"China, Alemania, Italia",14.9,"Alemania, China, Italia",15.4,"Alemania, Italia, China",19.0,"Alemania, Italia, China",19.0,74.7,74.7,definitivo
2021,I,Industrial,5,BIENES DE EQUIPO,51,MAQ. ESPECIFICA CIERTAS INDUSTRIAS,516,MAQ. PARA USO GRAL INDUSTRIA,5160,MAQ. PARA USO GRAL INDUSTRIA,12705.05,"China, Alemania, Italia",14.9,"Alemania, China, Italia",15.4,"Alemania, China, Italia",13.8,"Alemania, China, Italia",13.8,63.9,63.9,definitivo
2021,I,Industrial,5,BIENES DE EQUIPO,52,EQUIPO OFICINA Y TELECOMUNIC.,521,EQUIPO DE OFICINA,5210,EQUIPO DE OFICINA,1060.78,"China, Alemania, Italia",14.9,"China, Países Bajos, Alemania",16.2,"China, Alemania, Países Bajos",26.6,"China, Alemania, Países Bajos",26.6,41.5,41.5,definitivo
2021,I,Industrial,5,BIENES DE EQUIPO,52,EQUIPO OFICINA Y TELECOMUNIC.,522,MAQ. AUTOMATIZACION DATOS,5220,MAQ. AUTOMATIZACION DATOS,5436.89,"China, Alemania, Italia",14.9,"China, Países Bajos, Alemania",16.2,"China, Países Bajos, Alemania",14.3,"China, Países Bajos, Alemania",14.3,53.3,53.3,definitivo
2021,I,Industrial,5,BIENES DE EQUIPO,52,EQUIPO OFICINA Y TELECOMUNIC.,523,EQUIPO TELECOMUNICACIÓN,5230,EQUIPO TELECOMUNICACIÓN,10313.90,"China, Alemania, Italia",14.9,"China, Países Bajos, Alemania",16.2,"China, Países Bajos, Alemania",16.2,"China, Países Bajos, Alemania",16.2,44.8,44.8,definitivo
2021,I,Industrial,5,BIENES DE EQUIPO,53,MATERIAL TRANSPORTE,531,MATERIAL FERROVIARIO,5310,MATERIAL FERROVIARIO,699.29,"China, Alemania, Italia",14.9,"Francia, Alemania, Reino Unido",10.2,"Francia, Alemania, Austria",91.3,"Francia, Alemania, Austria",91.3,88.0,88.0,definitivo
2021,I,Industrial,5,BIENES DE EQUIPO,53,MATERIAL TRANSPORTE,532,VEHIC. TRANS. MERCANCÍAS CARR.,5320,VEHIC. TRANS. MERCANCÍAS CARR.,3453.72,"China, Alemania, Italia",14.9,"Francia, Alemania, Reino Unido",10.2,"Alemania, Francia, Italia",13.9,"Alemania, Francia, Italia",13.9,76.3,76.3,definitivo
2021,I,Industrial,5,BIENES DE EQUIPO,53,MATERIAL TRANSPORTE,533,BUQUES,5330,BUQUES,498.46,"China, Alemania, Italia",14.9,"Francia, Alemania, Reino Unido",10.2,"Corea del Sur, Filipinas, Italia",58.8,"Corea del Sur, Filipinas, Italia",58.8,52.2,52.2,definitivo
2021,I,Industrial,5,BIENES DE EQUIPO,53,MATERIAL TRANSPORTE,534,AERONAVES,5340,AERONAVES,2332.89,"China, Alemania, Italia",14.9,"Francia, Alemania, Reino Unido",10.2,"Francia, Estados Unidos, Alemania",-11.1,"Francia, Estados Unidos, Alemania",-11.1,48.4,48.4,definitivo
2021,I,Industrial,5,BIENES DE EQUIPO,54,OTROS BIENES DE EQUIPO,541,EQUIPO GENERADOR DE FUERZA,5410,EQUIPO GENERADOR DE FUERZA,1970.24,"China, Alemania, Italia",14.9,"Alemania, China, Francia",15.1,"Reino Unido, Estados Unidos, Alemania",33.1,"Reino Unido, Estados Unidos, Alemania",33.1,22.7,22.7,definitivo
2021,I,Industrial,5,BIENES DE EQUIPO,54,OTROS BIENES DE EQUIPO,542,APARATOS ELÉCTRICOS,5421,MOTORES ELÉCTRICOS,1382.96,"China, Alemania, Italia",14.9,"Alemania, China, Francia",15.1,"China, Alemania, Marruecos",14.3,"Alemania, China, Francia",14.8,53.0,58.4,definitivo
2021,I,Industrial,5,BIENES DE EQUIPO,54,OTROS BIENES DE EQUIPO,542,APARATOS ELÉCTRICOS,5422,TRANSFORMADORES ELÉCTRICOS,1786.41,"China, Alemania, Italia",14.9,"Alemania, China, Francia",15.1,"China, Alemania, Marruecos",14.3,"China, Alemania, Italia",35.1,53.0,55.3,definitivo
2021,I,Industrial,5,BIENES DE EQUIPO,54,OTROS BIENES DE EQUIPO,542,APARATOS ELÉCTRICOS,5423,OTROS APARATOS ELÉCTRICOS,12194.61,"China, Alemania, Italia",14.9,"Alemania, China, Francia",15.1,"China, Alemania, Marruecos",14.3,"China, Alemania, Marruecos",11.7,53.0,52.1,definitivo
2021,I,Industrial,5,BIENES DE EQUIPO,54,OTROS BIENES DE EQUIPO,543,APARATOS DE PRECISIÓN,5430,APARATOS DE PRECISIÓN,5610.88,"China, Alemania, Italia",14.9,"Alemania, China, Francia",15.1,"Alemania, Estados Unidos, Países Bajos",8.2,"Alemania, Estados Unidos, Países Bajos",8.2,61.7,61.7,definitivo
2021,I,Industrial,5,BIENES DE EQUIPO,54,OTROS BIENES DE EQUIPO,544,RESTO BIENES DE EQUIPO,5440,RESTO BIENES DE EQUIPO,7013.39,"China, Alemania, Italia",14.9,"Alemania, China, Francia",15.1,"China, Alemania, Italia",18.4,"China, Alemania, Italia",18.4,61.0,61.0,definitivo
2021,I,Industrial,6,SECTOR AUTOMÓVIL,61,AUTOMÓVILES Y MOTOS,610,AUTOMÓVILES Y MOTOS,6100,AUTOMÓVILES Y MOTOS,14926.83,"Francia, Alemania, Italia",8.9,"Alemania, Francia, República Checa",8.9,"Alemania, Francia, República Checa",8.9,"Alemania, Francia, República Checa",8.9,67.9,67.9,definitivo
2021,I,Industrial,6,SECTOR AUTOMÓVIL,62,COMPONENTES DEL AUTOMÓVIL,620,COMPONENTES DEL AUTOMÓVIL,6200,COMPONENTES DEL AUTOMÓVIL,18383.73,"Francia, Alemania, Italia",8.9,"Francia, Alemania, Italia",8.9,"Francia, Alemania, Italia",8.9,"Francia, Alemania, Italia",8.9,84.5,84.5,definitivo
2021,I,Industrial,7,BIENES DE CONSUMO DURADERO,71,ELECTRODOMÉSTICOS,710,ELECTRODOMÉSTICOS,7100,ELECTRODOMÉSTICOS,3330.09,"China, Polonia, Alemania",22.9,"China, Alemania, Turquía",19.1,"China, Alemania, Turquía",19.1,"China, Alemania, Turquía",19.1,39.3,39.3,definitivo
2021,I,Industrial,7,BIENES DE CONSUMO DURADERO,72,ELECTRÓNICA DE CONSUMO,720,ELECTRÓNICA DE CONSUMO,7200,ELECTRÓNICA DE CONSUMO,2050.53,"China, Polonia, Alemania",22.9,"Polonia, China, Hungría",17.0,"Polonia, China, Hungría",17.0,"Polonia, China, Hungría",17.0,69.0,69.0,definitivo
2021,I,Industrial,7,BIENES DE CONSUMO DURADERO,73,MUEBLES,730,MUEBLES,7300,MUEBLES,3584.41,"China, Polonia, Alemania",22.9,"China, Portugal, Italia",25.8,"China, Portugal, Italia",25.8,"China, Portugal, Italia",25.8,52.2,52.2,definitivo
2021,I,Industrial,7,BIENES DE CONSUMO DURADERO,74,OTROS BIENES CONSUMO DURADERO,740,OTROS BIENES CONSUMO DURADERO,7400,OTROS BIENES CONSUMO DURADERO,987.63,"China, Polonia, Alemania",22.9,"China, Italia, Alemania",41.0,"China, Italia, Alemania",41.0,"China, Italia, Alemania",41.0,38.6,38.6,definitivo
2021,I,Industrial,8,MANUFACTURAS DE CONSUMO,81,TEXTILES Y CONFECCIÓN,811,FIBRAS TEXTILES,8110,FIBRAS TEXTILES,469.30,"China, Turquía, Italia",12.3,"China, Turquía, Bangladesh",3.9,"Alemania, Turquía, Austria",30.9,"Alemania, Turquía, Austria",30.9,42.2,42.2,definitivo
2021,I,Industrial,8,MANUFACTURAS DE CONSUMO,81,TEXTILES Y CONFECCIÓN,812,HILADOS,8120,HILADOS,683.48,"China, Turquía, Italia",12.3,"China, Turquía, Bangladesh",3.9,"China, Italia, Turquía",40.2,"China, Italia, Turquía",40.2,48.5,48.5,definitivo
2021,I,Industrial,8,MANUFACTURAS DE CONSUMO,81,TEXTILES Y CONFECCIÓN,813,TEJIDOS,8130,TEJIDOS,1413.52,"China, Turquía, Italia",12.3,"China, Turquía, Bangladesh",3.9,"China, Italia, Turquía",25.2,"China, Italia, Turquía",25.2,41.9,41.9,definitivo
2021,I,Industrial,8,MANUFACTURAS DE CONSUMO,81,TEXTILES Y CONFECCIÓN,814,VESTUARIO,8141,ROPA DE PUNTO,2689.73,"China, Turquía, Italia",12.3,"China, Turquía, Bangladesh",3.9,"China, Bangladesh, Turquía",10.5,"Bangladesh, China, Turquía",21.0,18.5,18.8,definitivo
2021,I,Industrial,8,MANUFACTURAS DE CONSUMO,81,TEXTILES Y CONFECCIÓN,814,VESTUARIO,8142,ROPA NO DE PUNTO,6852.99,"China, Turquía, Italia",12.3,"China, Turquía, Bangladesh",3.9,"China, Bangladesh, Turquía",10.5,"Turquía, Marruecos, Bangladesh",11.6,18.5,14.5,definitivo
2021,I,Industrial,8,MANUFACTURAS DE CONSUMO,81,TEXTILES Y CONFECCIÓN,814,VESTUARIO,8143,RESTO DE PRENDAS,7446.68,"China, Turquía, Italia",12.3,"China, Turquía, Bangladesh",3.9,"China, Bangladesh, Turquía",10.5,"China, Bangladesh, Turquía",6.2,18.5,22.0,definitivo
2021,I,Industrial,8,MANUFACTURAS DE CONSUMO,81,TEXTILES Y CONFECCIÓN,815,RESTO TEXTILES,8150,RESTO TEXTILES,2602.77,"China, Turquía, Italia",12.3,"China, Turquía, Bangladesh",3.9,"China, India, Alemania",-34.5,"China, India, Alemania",-34.5,32.7,32.7,definitivo
2021,I,Industrial,8,MANUFACTURAS DE CONSUMO,82,CALZADO,820,CALZADO,8200,CALZADO,3332.54,"China, Turquía, Italia",12.3,"China, Italia, Vietnam",19.1,"China, Italia, Vietnam",19.1,"China, Italia, Vietnam",19.1,43.5,43.5,definitivo
2021,I,Industrial,8,MANUFACTURAS DE CONSUMO,83,JUGUETES,830,JUGUETES,8300,JUGUETES,3559.53,"China, Turquía, Italia",12.3,"China, Alemania, Francia",33.6,"China, Alemania, Francia",33.6,"China, Alemania, Francia",33.6,34.1,34.1,definitivo
2021,I,Industrial,8,MANUFACTURAS DE CONSUMO,84,ALFARERÍA,840,ALFARERÍA,8400,ALFARERÍA,153.10,"China, Turquía, Italia",12.3,"China, Portugal, Italia",40.8,"China, Portugal, Italia",40.8,"China, Portugal, Italia",40.8,52.6,52.6,definitivo
2021,I,Industrial,8,MANUFACTURAS DE CONSUMO,85,JOYERÍA Y RELOJES,850,JOYERÍA Y RELOJES,8500,JOYERÍA Y RELOJES,1229.88,"China, Turquía, Italia",12.3,"Suiza, China, Italia",36.4,"Suiza, China, Italia",36.4,"Suiza, China, Italia",36.4,31.5,31.5,definitivo
2021,I,Industrial,8,MANUFACTURAS DE CONSUMO,86,CUERO Y MANUFACTURAS DEL CUERO,860,CUERO Y MANUFACTURAS DEL CUERO,8600,CUERO Y MANUFACTURAS DEL CUERO,374.98,"China, Turquía, Italia",12.3,"Italia, China, Nigeria",13.5,"Italia, China, Nigeria",13.5,"Italia, China, Nigeria",13.5,56.5,56.5,definitivo
2021,I,Industrial,8,MANUFACTURAS DE CONSUMO,87,OTRAS MANUFACTURAS DE CONSUMO,870,OTRAS MANUFACTURAS DE CONSUMO,8700,OTRAS MANUFACTURAS DE CONSUMO,8204.40,"China, Turquía, Italia",12.3,"China, Alemania, Francia",24.1,"China, Alemania, Francia",24.1,"China, Alemania, Francia",24.1,49.8,49.8,definitivo
2022,E,Agroalimentario,11,Sectores Cárnicos,1111,Bovino,111111,Animales vivos de bovinos,NA,NA,241.76,"China, Francia, Portugal",11.5,"Portugal, Italia, Francia",26.7,"Líbano, Portugal, Italia",-9.2,"Líbano, Portugal, Italia",-9.2,35.7,NA,definitivo
2022,E,Agroalimentario,11,Sectores Cárnicos,1111,Bovino,111112,Carne fresca o refrigerada de bovino,NA,NA,955.79,"China, Francia, Portugal",11.5,"Portugal, Italia, Francia",26.7,"Portugal, Italia, Francia",39.2,"Portugal, Italia, Francia",39.2,98.1,NA,definitivo
2022,E,Agroalimentario,11,Sectores Cárnicos,1111,Bovino,111113,Carne congelada de bovino,NA,NA,257.72,"China, Francia, Portugal",11.5,"Portugal, Italia, Francia",26.7,"Francia, Portugal, Marruecos",26.2,"Francia, Portugal, Marruecos",26.2,69.3,NA,definitivo
2022,E,Agroalimentario,11,Sectores Cárnicos,1111,Bovino,111114,Preparaciones y despojos de bovino,NA,NA,55.74,"China, Francia, Portugal",11.5,"Portugal, Italia, Francia",26.7,"Portugal, Francia, Italia",86.3,"Portugal, Francia, Italia",86.3,87.6,NA,definitivo
2022,E,Agroalimentario,11,Sectores Cárnicos,1111,Bovino,111115,Despojos de bovino,NA,NA,71.09,"China, Francia, Portugal",11.5,"Portugal, Italia, Francia",26.7,"Portugal, Francia, Japón",15.7,"Portugal, Francia, Japón",15.7,64.2,NA,definitivo
2022,E,Agroalimentario,11,Sectores Cárnicos,1112,Ovino-caprino,111211,Animales vivos de ovino-caprino,NA,NA,183.88,"China, Francia, Portugal",11.5,"Francia, Jordania, Italia",18.1,"Jordania, Arabia Saudí, Francia",41.3,"Jordania, Arabia Saudí, Francia",41.3,42.0,NA,definitivo
2022,E,Agroalimentario,11,Sectores Cárnicos,1112,Ovino-caprino,111212,Carne de ovino-caprino,NA,NA,304.68,"China, Francia, Portugal",11.5,"Francia, Jordania, Italia",18.1,"Francia, Italia, Israel",8.2,"Francia, Italia, Israel",8.2,73.7,NA,definitivo
2022,E,Agroalimentario,11,Sectores Cárnicos,1112,Ovino-caprino,111213,Preparaciones de ovino-caprino,NA,NA,1.72,"China, Francia, Portugal",11.5,"Francia, Jordania, Italia",18.1,"Portugal, Cuba, Francia",-26.2,"Portugal, Cuba, Francia",-26.2,51.5,NA,definitivo
2022,E,Agroalimentario,11,Sectores Cárnicos,1112,Ovino-caprino,111214,Despojos,NA,NA,10.76,"China, Francia, Portugal",11.5,"Francia, Jordania, Italia",18.1,"Grecia, Francia, Italia",4.1,"Grecia, Francia, Italia",4.1,85.5,NA,definitivo
2022,E,Agroalimentario,11,Sectores Cárnicos,1113,Porcino,111311,Animales vivos de porcino,NA,NA,158.54,"China, Francia, Portugal",11.5,"China, Francia, Japón",7.7,"Portugal, Alemania, Italia",28.6,"Portugal, Alemania, Italia",28.6,99.6,NA,definitivo
2022,E,Agroalimentario,11,Sectores Cárnicos,1113,Porcino,111312,Carne fresca y refrigerada de porcino,NA,NA,2358.82,"China, Francia, Portugal",11.5,"China, Francia, Japón",7.7,"Francia, Italia, Portugal",37.6,"Francia, Italia, Portugal",37.6,94.3,NA,definitivo
2022,E,Agroalimentario,11,Sectores Cárnicos,1113,Porcino,111313,Carne congelada de porcino,NA,NA,3483.10,"China, Francia, Portugal",11.5,"China, Francia, Japón",7.7,"China, Japón, Corea del Sur",-8.0,"China, Japón, Corea del Sur",-8.0,13.2,NA,definitivo
2022,E,Agroalimentario,11,Sectores Cárnicos,1113,Porcino,111314,Tocino de porcino,NA,NA,154.22,"China, Francia, Portugal",11.5,"China, Francia, Japón",7.7,"Filipinas, China, Alemania",-14.0,"Filipinas, China, Alemania",-14.0,42.2,NA,definitivo
2022,E,Agroalimentario,11,Sectores Cárnicos,1113,Porcino,111315,Jamones y paleta de porcino,NA,NA,642.93,"China, Francia, Portugal",11.5,"China, Francia, Japón",7.7,"Francia, Alemania, Italia",13.1,"Francia, Alemania, Italia",13.1,63.2,NA,definitivo
2022,E,Agroalimentario,11,Sectores Cárnicos,1113,Porcino,111316,Preparaciones de porcino,NA,NA,814.77,"China, Francia, Portugal",11.5,"China, Francia, Japón",7.7,"Francia, Reino Unido, Portugal",18.2,"Francia, Reino Unido, Portugal",18.2,67.9,NA,definitivo
2022,E,Agroalimentario,11,Sectores Cárnicos,1113,Porcino,111317,Despojos de porcino,NA,NA,809.75,"China, Francia, Portugal",11.5,"China, Francia, Japón",7.7,"China, Filipinas, Francia",6.5,"China, Filipinas, Francia",6.5,11.5,NA,definitivo
2022,E,Agroalimentario,11,Sectores Cárnicos,1114,Aves y huevos,111411,Animales vivos de aves,NA,NA,84.55,"China, Francia, Portugal",11.5,"Francia, Portugal, Italia",21.7,"Portugal, Marruecos, Argelia",6.9,"Portugal, Marruecos, Argelia",6.9,38.7,NA,definitivo
2022,E,Agroalimentario,11,Sectores Cárnicos,1114,Aves y huevos,111412,Carne de aves,NA,NA,482.74,"China, Francia, Portugal",11.5,"Francia, Portugal, Italia",21.7,"Francia, Portugal, Italia",16.6,"Francia, Portugal, Italia",16.6,77.5,NA,definitivo
2022,E,Agroalimentario,11,Sectores Cárnicos,1114,Aves y huevos,111413,Huevos y Ovoproductos,NA,NA,320.88,"China, Francia, Portugal",11.5,"Francia, Portugal, Italia",21.7,"Francia, Portugal, México",30.1,"Francia, Portugal, México",30.1,63.4,NA,definitivo
2022,E,Agroalimentario,11,Sectores Cárnicos,1114,Aves y huevos,111414,Preparados de aves,NA,NA,140.86,"China, Francia, Portugal",11.5,"Francia, Portugal, Italia",21.7,"Portugal, Reino Unido, Polonia",33.3,"Portugal, Reino Unido, Polonia",33.3,76.1,NA,definitivo
2022,E,Agroalimentario,11,Sectores Cárnicos,1115,Otros animales,111511,Otros animales vivos,NA,NA,84.71,"China, Francia, Portugal",11.5,"Italia, Francia, Países Bajos",7.2,"Países Bajos, Francia, Emiratos Árabes Unidos",12.0,"Países Bajos, Francia, Emiratos Árabes Unidos",12.0,47.3,NA,definitivo
2022,E,Agroalimentario,11,Sectores Cárnicos,1115,Otros animales,111512,Carne de otros animales,NA,NA,124.09,"China, Francia, Portugal",11.5,"Italia, Francia, Países Bajos",7.2,"Italia, Francia, Alemania",4.2,"Italia, Francia, Alemania",4.2,87.6,NA,definitivo
2022,E,Agroalimentario,12,Lácteos,1211,Lácteos,121111,Leche,NA,NA,436.71,"Francia, Portugal, Italia",21.5,"Francia, Portugal, Italia",21.5,"Francia, Portugal, China",3.9,"Francia, Portugal, China",3.9,63.2,NA,definitivo
2022,E,Agroalimentario,12,Lácteos,1211,Lácteos,121112,Mantequilla,NA,NA,150.32,"Francia, Portugal, Italia",21.5,"Francia, Portugal, Italia",21.5,"Italia, Francia, Portugal",62.3,"Italia, Francia, Portugal",62.3,91.1,NA,definitivo
2022,E,Agroalimentario,12,Lácteos,1211,Lácteos,121113,Quesos,NA,NA,705.90,"Francia, Portugal, Italia",21.5,"Francia, Portugal, Italia",21.5,"Francia, Portugal, Estados Unidos",25.5,"Francia, Portugal, Estados Unidos",25.5,65.5,NA,definitivo
2022,E,Agroalimentario,12,Lácteos,1211,Lácteos,121114,Yogures y lactosueros,NA,NA,357.25,"Francia, Portugal, Italia",21.5,"Francia, Portugal, Italia",21.5,"Portugal, Francia, Italia",26.1,"Portugal, Francia, Italia",26.1,69.8,NA,definitivo
2022,E,Agroalimentario,13,Pesca,1311,Pesca,131111,Peces vivos,NA,NA,35.84,"Italia, Portugal, Francia",15.7,"Italia, Portugal, Francia",15.7,"Francia, Italia, Suecia",-41.7,"Francia, Italia, Suecia",-41.7,94.9,NA,definitivo
2022,E,Agroalimentario,13,Pesca,1311,Pesca,131112,Pescado fresco,NA,NA,815.84,"Italia, Portugal, Francia",15.7,"Italia, Portugal, Francia",15.7,"Italia, Portugal, Francia",26.8,"Italia, Portugal, Francia",26.8,87.6,NA,definitivo
2022,E,Agroalimentario,13,Pesca,1311,Pesca,131112,Pescado fresco,1311121,Merluza fresca,27.10,"Italia, Portugal, Francia",15.7,"Italia, Portugal, Francia",15.7,"Italia, Portugal, Francia",26.8,"Francia, Portugal, Italia",-8.9,87.6,93.5,definitivo
2022,E,Agroalimentario,13,Pesca,1311,Pesca,131112,Pescado fresco,1311122,Atún fresco,85.28,"Italia, Portugal, Francia",15.7,"Italia, Portugal, Francia",15.7,"Italia, Portugal, Francia",26.8,"Estados Unidos, Francia, Italia",20.8,87.6,55.5,definitivo
2022,E,Agroalimentario,13,Pesca,1311,Pesca,131112,Pescado fresco,1311123,Bacalao fresco,5.20,"Italia, Portugal, Francia",15.7,"Italia, Portugal, Francia",15.7,"Italia, Portugal, Francia",26.8,"Portugal, Italia, Francia",35.1,87.6,99.3,definitivo
2022,E,Agroalimentario,13,Pesca,1311,Pesca,131112,Pescado fresco,1311124,Rape fresco,5.75,"Italia, Portugal, Francia",15.7,"Italia, Portugal, Francia",15.7,"Italia, Portugal, Francia",26.8,"Portugal, Italia, Francia",17.5,87.6,96.2,definitivo
2022,E,Agroalimentario,13,Pesca,1311,Pesca,131112,Pescado fresco,1311125,Otro pescado fresco,692.51,"Italia, Portugal, Francia",15.7,"Italia, Portugal, Francia",15.7,"Italia, Portugal, Francia",26.8,"Italia, Portugal, Francia",29.7,87.6,91.1,definitivo
2022,E,Agroalimentario,13,Pesca,1311,Pesca,131113,Pescado congelado,NA,NA,1332.27,"Italia, Portugal, Francia",15.7,"Italia, Portugal, Francia",15.7,"Italia, Portugal, Francia",22.5,"Italia, Portugal, Francia",22.5,51.4,NA,definitivo
2022,E,Agroalimentario,13,Pesca,1311,Pesca,131113,Pescado congelado,1311131,Atún congelado,313.99,"Italia, Portugal, Francia",15.7,"Italia, Portugal, Francia",15.7,"Italia, Portugal, Francia",22.5,"Ecuador, Seychelles, Portugal",27.0,51.4,22.6,definitivo
2022,E,Agroalimentario,13,Pesca,1311,Pesca,131113,Pescado congelado,1311132,Merluza congelada (entera y filetes),204.25,"Italia, Portugal, Francia",15.7,"Italia, Portugal, Francia",15.7,"Italia, Portugal, Francia",22.5,"Portugal, Italia, Ucrania",7.6,51.4,71.3,definitivo
2022,E,Agroalimentario,13,Pesca,1311,Pesca,131113,Pescado congelado,1311133,Otro pescado congelado,814.03,"Italia, Portugal, Francia",15.7,"Italia, Portugal, Francia",15.7,"Italia, Portugal, Francia",22.5,"Italia, Portugal, Corea del Sur",25.2,51.4,57.5,definitivo
2022,E,Agroalimentario,13,Pesca,1311,Pesca,131114,"Moluscos, crustáceos y otros invertebrados acuáticos",NA,NA,1792.99,"Italia, Portugal, Francia",15.7,"Italia, Portugal, Francia",15.7,"Italia, Portugal, Francia",14.5,"Italia, Portugal, Francia",14.5,82.8,NA,definitivo
2022,E,Agroalimentario,13,Pesca,1311,Pesca,131114,"Moluscos, crustáceos y otros invertebrados acuáticos",1311141,Mejillón,68.11,"Italia, Portugal, Francia",15.7,"Italia, Portugal, Francia",15.7,"Italia, Portugal, Francia",14.5,"Italia, Francia, Portugal",28.5,82.8,97.2,definitivo
2022,E,Agroalimentario,13,Pesca,1311,Pesca,131114,"Moluscos, crustáceos y otros invertebrados acuáticos",1311142,Calamar y sepia,667.59,"Italia, Portugal, Francia",15.7,"Italia, Portugal, Francia",15.7,"Italia, Portugal, Francia",14.5,"Italia, Portugal, Francia",24.9,82.8,80.7,definitivo
2022,E,Agroalimentario,13,Pesca,1311,Pesca,131114,"Moluscos, crustáceos y otros invertebrados acuáticos",1311143,Pulpo,444.34,"Italia, Portugal, Francia",15.7,"Italia, Portugal, Francia",15.7,"Italia, Portugal, Francia",14.5,"Italia, Estados Unidos, Portugal",10.7,82.8,69.6,definitivo
2022,E,Agroalimentario,13,Pesca,1311,Pesca,131114,"Moluscos, crustáceos y otros invertebrados acuáticos",1311144,Langostino y gamba,421.46,"Italia, Portugal, Francia",15.7,"Italia, Portugal, Francia",15.7,"Italia, Portugal, Francia",14.5,"Portugal, Italia, Francia",0.8,82.8,93.8,definitivo
2022,E,Agroalimentario,13,Pesca,1311,Pesca,131114,"Moluscos, crustáceos y otros invertebrados acuáticos",1311145,Almeja y ostra,69.68,"Italia, Portugal, Francia",15.7,"Italia, Portugal, Francia",15.7,"Italia, Portugal, Francia",14.5,"Italia, Francia, Alemania",8.3,82.8,97.0,definitivo
2022,E,Agroalimentario,13,Pesca,1311,Pesca,131114,"Moluscos, crustáceos y otros invertebrados acuáticos",1311146,Otros moluscos y crustáceos,121.82,"Italia, Portugal, Francia",15.7,"Italia, Portugal, Francia",15.7,"Italia, Portugal, Francia",14.5,"Italia, Francia, Portugal",29.7,82.8,88.2,definitivo
2022,E,Agroalimentario,13,Pesca,1311,Pesca,131115,Los demás preparados de productos de la pesca,NA,NA,117.30,"Italia, Portugal, Francia",15.7,"Italia, Portugal, Francia",15.7,"Italia, Portugal, Francia",-9.2,"Italia, Portugal, Francia",-9.2,84.6,NA,definitivo
2022,E,Agroalimentario,13,Pesca,1311,Pesca,131116,Conservas de pescados,NA,NA,965.04,"Italia, Portugal, Francia",15.7,"Italia, Portugal, Francia",15.7,"Italia, Francia, Portugal",8.9,"Italia, Francia, Portugal",8.9,86.8,NA,definitivo
2022,E,Agroalimentario,13,Pesca,1311,Pesca,131116,Conservas de pescados,1311161,Atún y bonito en conserva,609.92,"Italia, Portugal, Francia",15.7,"Italia, Portugal, Francia",15.7,"Italia, Francia, Portugal",8.9,"Italia, Francia, Portugal",12.8,86.8,89.2,definitivo
2022,E,Agroalimentario,13,Pesca,1311,Pesca,131116,Conservas de pescados,1311162,Anchoa en conserva,52.77,"Italia, Portugal, Francia",15.7,"Italia, Portugal, Francia",15.7,"Italia, Francia, Portugal",8.9,"Italia, Reino Unido, Suiza",5.6,86.8,54.9,definitivo
2022,E,Agroalimentario,13,Pesca,1311,Pesca,131116,Conservas de pescados,1311163,Sardina y caballa en conserva,32.99,"Italia, Portugal, Francia",15.7,"Italia, Portugal, Francia",15.7,"Italia, Francia, Portugal",8.9,"Italia, Portugal, Estados Unidos",13.6,86.8,68.0,definitivo
2022,E,Agroalimentario,13,Pesca,1311,Pesca,131116,Conservas de pescados,1311165,Otras conservas de pescado,269.36,"Italia, Portugal, Francia",15.7,"Italia, Portugal, Francia",15.7,"Italia, Francia, Portugal",8.9,"Italia, Países Bajos, Francia",1.0,86.8,89.9,definitivo
2022,E,Agroalimentario,13,Pesca,1311,Pesca,131117,Conservas de moluscos y crustáceos,NA,NA,292.75,"Italia, Portugal, Francia",15.7,"Italia, Portugal, Francia",15.7,"Francia, Estados Unidos, Italia",16.1,"Francia, Estados Unidos, Italia",16.1,71.6,NA,definitivo
2022,E,Agroalimentario,13,Pesca,1311,Pesca,131117,Conservas de moluscos y crustáceos,1311171,Mejillón en conserva,42.78,"Italia, Portugal, Francia",15.7,"Italia, Portugal, Francia",15.7,"Francia, Estados Unidos, Italia",16.1,"Francia, Italia, Estados Unidos",32.4,71.6,81.9,definitivo
2022,E,Agroalimentario,13,Pesca,1311,Pesca,131117,Conservas de moluscos y crustáceos,1311172,"Almeja, berberecho y arca en conserva",6.66,"Italia, Portugal, Francia",15.7,"Italia, Portugal, Francia",15.7,"Francia, Estados Unidos, Italia",16.1,"Portugal, Italia, Francia",17.1,71.6,79.5,definitivo
2022,E,Agroalimentario,13,Pesca,1311,Pesca,131117,Conservas de moluscos y crustáceos,1311174,Pulpo en conserva,81.75,"Italia, Portugal, Francia",15.7,"Italia, Portugal, Francia",15.7,"Francia, Estados Unidos, Italia",16.1,"Estados Unidos, Italia, Francia",10.6,71.6,53.0,definitivo
2022,E,Agroalimentario,13,Pesca,1311,Pesca,131117,Conservas de moluscos y crustáceos,1311175,Sepia y calamar en conserva,105.55,"Italia, Portugal, Francia",15.7,"Italia, Portugal, Francia",15.7,"Francia, Estados Unidos, Italia",16.1,"Francia, Estados Unidos, Italia",19.4,71.6,73.1,definitivo
2022,E,Agroalimentario,13,Pesca,1311,Pesca,131117,Conservas de moluscos y crustáceos,1311176,Otras conservas de moluscos y crustáceos,56.02,"Italia, Portugal, Francia",15.7,"Italia, Portugal, Francia",15.7,"Francia, Estados Unidos, Italia",16.1,"Italia, Francia, Portugal",8.0,71.6,87.3,definitivo
2022,E,Agroalimentario,14,Cereales y productos de molinera,1411,Cereales,141111,Trigo,NA,NA,175.51,"Portugal, Francia, Túnez",26.1,"Portugal, Francia, Túnez",26.1,"Túnez, Portugal, Libia",50.3,"Túnez, Portugal, Libia",50.3,32.0,NA,definitivo
2022,E,Agroalimentario,14,Cereales y productos de molinera,1411,Cereales,141112,Cebada,NA,NA,46.45,"Portugal, Francia, Túnez",26.1,"Portugal, Francia, Túnez",26.1,"Túnez, Portugal, Francia",-35.1,"Túnez, Portugal, Francia",-35.1,43.5,NA,definitivo
2022,E,Agroalimentario,14,Cereales y productos de molinera,1411,Cereales,141113,Maíz,NA,NA,109.36,"Portugal, Francia, Túnez",26.1,"Portugal, Francia, Túnez",26.1,"Francia, Portugal, Reino Unido",50.8,"Francia, Portugal, Reino Unido",50.8,69.7,NA,definitivo
2022,E,Agroalimentario,14,Cereales y productos de molinera,1411,Cereales,141114,Arroz,NA,NA,226.29,"Portugal, Francia, Túnez",26.1,"Portugal, Francia, Túnez",26.1,"Bélgica, Francia, Reino Unido",40.0,"Bélgica, Francia, Reino Unido",40.0,71.7,NA,definitivo
2022,E,Agroalimentario,14,Cereales y productos de molinera,1411,Cereales,141115,Otros cereales,NA,NA,29.71,"Portugal, Francia, Túnez",26.1,"Portugal, Francia, Túnez",26.1,"Portugal, Francia, Suecia",-6.1,"Portugal, Francia, Suecia",-6.1,87.4,NA,definitivo
2022,E,Agroalimentario,14,Cereales y productos de molinera,1411,Cereales,141116,Harina de trigo,NA,NA,61.18,"Portugal, Francia, Túnez",26.1,"Portugal, Francia, Túnez",26.1,"Portugal, Francia, Austria",61.7,"Portugal, Francia, Austria",61.7,93.7,NA,definitivo
2022,E,Agroalimentario,14,Cereales y productos de molinera,1411,Cereales,141117,Otras harinas,NA,NA,25.59,"Portugal, Francia, Túnez",26.1,"Portugal, Francia, Túnez",26.1,"Portugal, Francia, Italia",53.5,"Portugal, Francia, Italia",53.5,66.6,NA,definitivo
2022,E,Agroalimentario,14,Cereales y productos de molinera,1411,Cereales,141118,Malta,NA,NA,33.44,"Portugal, Francia, Túnez",26.1,"Portugal, Francia, Túnez",26.1,"Portugal, Túnez, Colombia",0.6,"Portugal, Túnez, Colombia",0.6,72.8,NA,definitivo
2022,E,Agroalimentario,14,Cereales y productos de molinera,1411,Cereales,141119,Almidón,NA,NA,104.45,"Portugal, Francia, Túnez",26.1,"Portugal, Francia, Túnez",26.1,"Francia, Portugal, Reino Unido",55.5,"Francia, Portugal, Reino Unido",55.5,87.6,NA,definitivo
2022,E,Agroalimentario,14,Cereales y productos de molinera,1411,Cereales,141120,Grañones y sémola de trigo,NA,NA,32.35,"Portugal, Francia, Túnez",26.1,"Portugal, Francia, Túnez",26.1,"Francia, Mali, Senegal",-18.9,"Francia, Mali, Senegal",-18.9,62.5,NA,definitivo
2022,E,Agroalimentario,14,Cereales y productos de molinera,1411,Cereales,141121,Otros productos de cereales,NA,NA,155.57,"Portugal, Francia, Túnez",26.1,"Portugal, Francia, Túnez",26.1,"Francia, Portugal, Reino Unido",8.2,"Francia, Portugal, Reino Unido",8.2,65.0,NA,definitivo
2022,E,Agroalimentario,15,Industrias alimentarias y piensos,1511,Industrias alimentarias,151111,Residuos de productos alimentarios,NA,NA,548.17,"Francia, Portugal, Italia",12.4,"Francia, Portugal, Italia",12.4,"Francia, Portugal, Italia",18.1,"Francia, Portugal, Italia",18.1,81.3,NA,definitivo
2022,E,Agroalimentario,15,Industrias alimentarias y piensos,1511,Industrias alimentarias,151112,Piensos,NA,NA,1118.69,"Francia, Portugal, Italia",12.4,"Francia, Portugal, Italia",12.4,"Portugal, Francia, Italia",9.8,"Portugal, Francia, Italia",9.8,67.4,NA,definitivo
2022,E,Agroalimentario,16,Flores y plantas,1611,Flores y plantas,161111,Flores y plantas,NA,NA,606.55,"Francia, Países Bajos, Portugal",6.2,"Francia, Países Bajos, Portugal",6.2,"Francia, Países Bajos, Portugal",6.2,"Francia, Países Bajos, Portugal",6.2,77.9,NA,definitivo
2022,E,Agroalimentario,17,Hortalizas y legumbres,1711,Hortalizas y legumbres,171111,Tomate,NA,NA,1114.38,"Alemania, Francia, Reino Unido",8.6,"Alemania, Francia, Reino Unido",8.6,"Alemania, Reino Unido, Francia",14.1,"Alemania, Reino Unido, Francia",14.1,84.7,NA,definitivo
2022,E,Agroalimentario,17,Hortalizas y legumbres,1711,Hortalizas y legumbres,171112,Pimiento,NA,NA,1400.47,"Alemania, Francia, Reino Unido",8.6,"Alemania, Francia, Reino Unido",8.6,"Alemania, Reino Unido, Francia",5.6,"Alemania, Reino Unido, Francia",5.6,82.3,NA,definitivo
2022,E,Agroalimentario,17,Hortalizas y legumbres,1711,Hortalizas y legumbres,171113,Pepino,NA,NA,949.18,"Alemania, Francia, Reino Unido",8.6,"Alemania, Francia, Reino Unido",8.6,"Alemania, Reino Unido, Países Bajos",31.1,"Alemania, Reino Unido, Países Bajos",31.1,81.7,NA,definitivo
2022,E,Agroalimentario,17,Hortalizas y legumbres,1711,Hortalizas y legumbres,171114,Lechuga,NA,NA,911.30,"Alemania, Francia, Reino Unido",8.6,"Alemania, Francia, Reino Unido",8.6,"Alemania, Francia, Reino Unido",3.4,"Alemania, Francia, Reino Unido",3.4,79.7,NA,definitivo
2022,E,Agroalimentario,17,Hortalizas y legumbres,1711,Hortalizas y legumbres,171115,Patata,NA,NA,141.14,"Alemania, Francia, Reino Unido",8.6,"Alemania, Francia, Reino Unido",8.6,"Portugal, Francia, Alemania",24.7,"Portugal, Francia, Alemania",24.7,93.9,NA,definitivo
2022,E,Agroalimentario,17,Hortalizas y legumbres,1711,Hortalizas y legumbres,171116,Cebolla,NA,NA,180.16,"Alemania, Francia, Reino Unido",8.6,"Alemania, Francia, Reino Unido",8.6,"Alemania, Reino Unido, Portugal",27.0,"Alemania, Reino Unido, Portugal",27.0,59.9,NA,definitivo
2022,E,Agroalimentario,17,Hortalizas y legumbres,1711,Hortalizas y legumbres,171117,Ajos,NA,NA,382.81,"Alemania, Francia, Reino Unido",8.6,"Alemania, Francia, Reino Unido",8.6,"Alemania, Estados Unidos, Reino Unido",-6.5,"Alemania, Estados Unidos, Reino Unido",-6.5,61.0,NA,definitivo
2022,E,Agroalimentario,17,Hortalizas y legumbres,1711,Hortalizas y legumbres,171118,Zanahoria,NA,NA,61.67,"Alemania, Francia, Reino Unido",8.6,"Alemania, Francia, Reino Unido",8.6,"Francia, Alemania, Países Bajos",-25.8,"Francia, Alemania, Países Bajos",-25.8,93.6,NA,definitivo
2022,E,Agroalimentario,17,Hortalizas y legumbres,1711,Hortalizas y legumbres,171119,Las demás hortalizas frescas,NA,NA,1974.56,"Alemania, Francia, Reino Unido",8.6,"Alemania, Francia, Reino Unido",8.6,"Alemania, Reino Unido, Francia",4.4,"Alemania, Reino Unido, Francia",4.4,75.3,NA,definitivo
2022,E,Agroalimentario,17,Hortalizas y legumbres,1711,Hortalizas y legumbres,171120,Hortalizas congeladas,NA,NA,716.82,"Alemania, Francia, Reino Unido",8.6,"Alemania, Francia, Reino Unido",8.6,"Francia, Alemania, Italia",6.7,"Francia, Alemania, Italia",6.7,71.2,NA,definitivo
2022,E,Agroalimentario,17,Hortalizas y legumbres,1711,Hortalizas y legumbres,171121,Hortalizas conservadas o secas,NA,NA,140.29,"Alemania, Francia, Reino Unido",8.6,"Alemania, Francia, Reino Unido",8.6,"Alemania, Estados Unidos, Francia",16.1,"Alemania, Estados Unidos, Francia",16.1,72.1,NA,definitivo
2022,E,Agroalimentario,17,Hortalizas y legumbres,1711,Hortalizas y legumbres,171122,Legumbres,NA,NA,42.70,"Alemania, Francia, Reino Unido",8.6,"Alemania, Francia, Reino Unido",8.6,"Países Bajos, Alemania, Portugal",2.1,"Países Bajos, Alemania, Portugal",2.1,83.5,NA,definitivo
2022,E,Agroalimentario,18,Frutas,1811,Frutas,181111,Cítricos,NA,NA,3607.34,"Alemania, Francia, Reino Unido",-1.0,"Alemania, Francia, Reino Unido",-1.0,"Alemania, Francia, Reino Unido",3.1,"Alemania, Francia, Reino Unido",3.1,83.7,NA,definitivo
2022,E,Agroalimentario,18,Frutas,1811,Frutas,181111,Cítricos,1811111,Naranjas,1213.97,"Alemania, Francia, Reino Unido",-1.0,"Alemania, Francia, Reino Unido",-1.0,"Alemania, Francia, Reino Unido",3.1,"Alemania, Francia, Países Bajos",2.0,83.7,83.1,definitivo
2022,E,Agroalimentario,18,Frutas,1811,Frutas,181111,Cítricos,1811112,Mandarinas y clementinas,1520.11,"Alemania, Francia, Reino Unido",-1.0,"Alemania, Francia, Reino Unido",-1.0,"Alemania, Francia, Reino Unido",3.1,"Alemania, Francia, Reino Unido",4.0,83.7,81.7,definitivo
2022,E,Agroalimentario,18,Frutas,1811,Frutas,181111,Cítricos,1811113,Limones y limas,800.71,"Alemania, Francia, Reino Unido",-1.0,"Alemania, Francia, Reino Unido",-1.0,"Alemania, Francia, Reino Unido",3.1,"Alemania, Francia, Reino Unido",3.7,83.7,87.5,definitivo
2022,E,Agroalimentario,18,Frutas,1811,Frutas,181111,Cítricos,1811114,Otros cítricos,72.55,"Alemania, Francia, Reino Unido",-1.0,"Alemania, Francia, Reino Unido",-1.0,"Alemania, Francia, Reino Unido",3.1,"Alemania, Francia, Italia",-1.3,83.7,92.4,definitivo
2022,E,Agroalimentario,18,Frutas,1811,Frutas,181112,Melones y sandías,NA,NA,827.54,"Alemania, Francia, Reino Unido",-1.0,"Alemania, Francia, Reino Unido",-1.0,"Alemania, Francia, Reino Unido",12.9,"Alemania, Francia, Reino Unido",12.9,85.2,NA,definitivo
2022,E,Agroalimentario,18,Frutas,1811,Frutas,181112,Melones y sandías,1811121,Melones,310.23,"Alemania, Francia, Reino Unido",-1.0,"Alemania, Francia, Reino Unido",-1.0,"Alemania, Francia, Reino Unido",12.9,"Francia, Alemania, Reino Unido",3.2,85.2,81.3,definitivo
2022,E,Agroalimentario,18,Frutas,1811,Frutas,181112,Melones y sandías,1811122,Sandías,517.31,"Alemania, Francia, Reino Unido",-1.0,"Alemania, Francia, Reino Unido",-1.0,"Alemania, Francia, Reino Unido",12.9,"Alemania, Francia, Reino Unido",19.7,85.2,87.6,definitivo
2022,E,Agroalimentario,18,Frutas,1811,Frutas,181113,Melocotón y nectarina,NA,NA,868.72,"Alemania, Francia, Reino Unido",-1.0,"Alemania, Francia, Reino Unido",-1.0,"Alemania, Francia, Italia",-3.8,"Alemania, Francia, Italia",-3.8,86.7,NA,definitivo
2022,E,Agroalimentario,18,Frutas,1811,Frutas,181114,Fresas,NA,NA,726.03,"Alemania, Francia, Reino Unido",-1.0,"Alemania, Francia, Reino Unido",-1.0,"Alemania, Reino Unido, Francia",0.5,"Alemania, Reino Unido, Francia",0.5,80.7,NA,definitivo
2022,E,Agroalimentario,18,Frutas,1811,Frutas,181115,Los demás frutos rojos,NA,NA,988.48,"Alemania, Francia, Reino Unido",-1.0,"Alemania, Francia, Reino Unido",-1.0,"Alemania, Reino Unido, Países Bajos",0.1,"Alemania, Reino Unido, Países Bajos",0.1,78.5,NA,definitivo
2022,E,Agroalimentario,18,Frutas,1811,Frutas,181116,Caquis,NA,NA,164.62,"Alemania, Francia, Reino Unido",-1.0,"Alemania, Francia, Reino Unido",-1.0,"Alemania, Italia, Francia",-19.1,"Alemania, Italia, Francia",-19.1,76.8,NA,definitivo
2022,E,Agroalimentario,18,Frutas,1811,Frutas,181117,"Manzanas, peras y membrillos",NA,NA,179.35,"Alemania, Francia, Reino Unido",-1.0,"Alemania, Francia, Reino Unido",-1.0,"Marruecos, Francia, Italia",-15.6,"Marruecos, Francia, Italia",-15.6,38.6,NA,definitivo
2022,E,Agroalimentario,18,Frutas,1811,Frutas,181118,Plátano,NA,NA,69.40,"Alemania, Francia, Reino Unido",-1.0,"Alemania, Francia, Reino Unido",-1.0,"Portugal, Francia, Italia",-11.3,"Portugal, Francia, Italia",-11.3,97.0,NA,definitivo
2022,E,Agroalimentario,18,Frutas,1811,Frutas,181119,Almendras y avellanas,NA,NA,611.52,"Alemania, Francia, Reino Unido",-1.0,"Alemania, Francia, Reino Unido",-1.0,"Alemania, Italia, Francia",-8.5,"Alemania, Italia, Francia",-8.5,84.2,NA,definitivo
2022,E,Agroalimentario,18,Frutas,1811,Frutas,181119,Almendras y avellanas,1811191,Almendras,591.65,"Alemania, Francia, Reino Unido",-1.0,"Alemania, Francia, Reino Unido",-1.0,"Alemania, Italia, Francia",-8.5,"Alemania, Italia, Francia",-8.2,84.2,83.9,definitivo
2022,E,Agroalimentario,18,Frutas,1811,Frutas,181119,Almendras y avellanas,1811192,Avellanas,19.87,"Alemania, Francia, Reino Unido",-1.0,"Alemania, Francia, Reino Unido",-1.0,"Alemania, Italia, Francia",-8.5,"Francia, Italia, Alemania",-16.4,84.2,91.9,definitivo
2022,E,Agroalimentario,18,Frutas,1811,Frutas,181120,Uva,NA,NA,401.04,"Alemania, Francia, Reino Unido",-1.0,"Alemania, Francia, Reino Unido",-1.0,"Reino Unido, Alemania, Francia",-8.1,"Reino Unido, Alemania, Francia",-8.1,58.9,NA,definitivo
2022,E,Agroalimentario,18,Frutas,1811,Frutas,181121,Las demás frutas frescas y desecadas,NA,NA,1280.79,"Alemania, Francia, Reino Unido",-1.0,"Alemania, Francia, Reino Unido",-1.0,"Francia, Alemania, Portugal",-8.3,"Francia, Alemania, Portugal",-8.3,82.0,NA,definitivo
2022,E,Agroalimentario,18,Frutas,1811,Frutas,181122,Frutas congeladas,NA,NA,94.96,"Alemania, Francia, Reino Unido",-1.0,"Alemania, Francia, Reino Unido",-1.0,"Francia, Alemania, Reino Unido",11.9,"Francia, Alemania, Reino Unido",11.9,75.6,NA,definitivo
2022,E,Agroalimentario,18,Frutas,1811,Frutas,181123,Frutas conservadas provisionalmente y cortezas,NA,NA,57.06,"Alemania, Francia, Reino Unido",-1.0,"Alemania, Francia, Reino Unido",-1.0,"Francia, Alemania, Portugal",0.7,"Francia, Alemania, Portugal",0.7,81.3,NA,definitivo
2022,E,Agroalimentario,19,Conservas vegetales,1911,Conservas vegetales,191111,Tomate,NA,NA,558.41,"Francia, Reino Unido, Estados Unidos",17.6,"Francia, Reino Unido, Estados Unidos",17.6,"Alemania, Francia, Reino Unido",27.0,"Alemania, Francia, Reino Unido",27.0,74.4,NA,definitivo
2022,E,Agroalimentario,19,Conservas vegetales,1911,Conservas vegetales,191112,Aceituna,NA,NA,795.39,"Francia, Reino Unido, Estados Unidos",17.6,"Francia, Reino Unido, Estados Unidos",17.6,"Estados Unidos, Italia, Rusia",14.7,"Estados Unidos, Italia, Rusia",14.7,35.7,NA,definitivo
2022,E,Agroalimentario,19,Conservas vegetales,1911,Conservas vegetales,191113,Espárragos,NA,NA,15.73,"Francia, Reino Unido, Estados Unidos",17.6,"Francia, Reino Unido, Estados Unidos",17.6,"Francia, Suecia, Portugal",12.5,"Francia, Suecia, Portugal",12.5,93.1,NA,definitivo
2022,E,Agroalimentario,19,Conservas vegetales,1911,Conservas vegetales,191114,Las demás hortalizas,NA,NA,786.61,"Francia, Reino Unido, Estados Unidos",17.6,"Francia, Reino Unido, Estados Unidos",17.6,"Francia, Estados Unidos, Portugal",19.7,"Francia, Estados Unidos, Portugal",19.7,60.7,NA,definitivo
2022,E,Agroalimentario,19,Conservas vegetales,1911,Conservas vegetales,191115,Zumos,NA,NA,713.55,"Francia, Reino Unido, Estados Unidos",17.6,"Francia, Reino Unido, Estados Unidos",17.6,"Francia, Reino Unido, Portugal",19.4,"Francia, Reino Unido, Portugal",19.4,58.4,NA,definitivo
2022,E,Agroalimentario,19,Conservas vegetales,1911,Conservas vegetales,191116,Confituras y mermeladas,NA,NA,252.10,"Francia, Reino Unido, Estados Unidos",17.6,"Francia, Reino Unido, Estados Unidos",17.6,"Francia, Alemania, Portugal",10.3,"Francia, Alemania, Portugal",10.3,66.5,NA,definitivo
2022,E,Agroalimentario,19,Conservas vegetales,1911,Conservas vegetales,191117,Las demás frutas,NA,NA,522.63,"Francia, Reino Unido, Estados Unidos",17.6,"Francia, Reino Unido, Estados Unidos",17.6,"Francia, Alemania, Estados Unidos",11.6,"Francia, Alemania, Estados Unidos",11.6,70.2,NA,definitivo
2022,E,Agroalimentario,20,Vinos y bebidas,2011,Vinos y bebidas,201111,Agua,NA,NA,80.79,"Francia, Alemania, Reino Unido",9.6,"Francia, Alemania, Reino Unido",9.6,"Francia, Portugal, Marruecos",28.6,"Francia, Portugal, Marruecos",28.6,72.1,NA,definitivo
2022,E,Agroalimentario,20,Vinos y bebidas,2011,Vinos y bebidas,201112,Bebidas refrescantes,NA,NA,446.98,"Francia, Alemania, Reino Unido",9.6,"Francia, Alemania, Reino Unido",9.6,"Portugal, Reino Unido, Francia",6.2,"Portugal, Reino Unido, Francia",6.2,50.2,NA,definitivo
2022,E,Agroalimentario,20,Vinos y bebidas,2011,Vinos y bebidas,201113,Cerveza,NA,NA,313.04,"Francia, Alemania, Reino Unido",9.6,"Francia, Alemania, Reino Unido",9.6,"Reino Unido, China, Portugal",14.7,"Reino Unido, China, Portugal",14.7,30.6,NA,definitivo
2022,E,Agroalimentario,20,Vinos y bebidas,2011,Vinos y bebidas,201114,Mosto,NA,NA,303.59,"Francia, Alemania, Reino Unido",9.6,"Francia, Alemania, Reino Unido",9.6,"Francia, Italia, Estados Unidos",3.2,"Francia, Italia, Estados Unidos",3.2,49.2,NA,definitivo
2022,E,Agroalimentario,20,Vinos y bebidas,2011,Vinos y bebidas,201115,Vino,NA,NA,3002.93,"Francia, Alemania, Reino Unido",9.6,"Francia, Alemania, Reino Unido",9.6,"Alemania, Estados Unidos, Reino Unido",3.9,"Alemania, Estados Unidos, Reino Unido",3.9,45.7,NA,definitivo
2022,E,Agroalimentario,20,Vinos y bebidas,2011,Vinos y bebidas,201116,Vermut y vino aromátizado,NA,NA,87.61,"Francia, Alemania, Reino Unido",9.6,"Francia, Alemania, Reino Unido",9.6,"Estados Unidos, Francia, Japón",13.6,"Estados Unidos, Francia, Japón",13.6,34.1,NA,definitivo
2022,E,Agroalimentario,20,Vinos y bebidas,2011,Vinos y bebidas,201117,Otras bebidas fermentadas,NA,NA,27.94,"Francia, Alemania, Reino Unido",9.6,"Francia, Alemania, Reino Unido",9.6,"Estados Unidos, Portugal, Reino Unido",-15.0,"Estados Unidos, Portugal, Reino Unido",-15.0,27.4,NA,definitivo
2022,E,Agroalimentario,20,Vinos y bebidas,2011,Vinos y bebidas,201118,Bebidas espirituosas,NA,NA,1067.05,"Francia, Alemania, Reino Unido",9.6,"Francia, Alemania, Reino Unido",9.6,"Filipinas, Alemania, Italia",23.6,"Filipinas, Alemania, Italia",23.6,45.8,NA,definitivo
2022,E,Agroalimentario,20,Vinos y bebidas,2011,Vinos y bebidas,201119,Alcohol,NA,NA,337.94,"Francia, Alemania, Reino Unido",9.6,"Francia, Alemania, Reino Unido",9.6,"Francia, Portugal, Italia",31.2,"Francia, Portugal, Italia",31.2,98.7,NA,definitivo
2022,E,Agroalimentario,20,Vinos y bebidas,2011,Vinos y bebidas,201120,Vinagre y sucedáneos,NA,NA,52.59,"Francia, Alemania, Reino Unido",9.6,"Francia, Alemania, Reino Unido",9.6,"Estados Unidos, Reino Unido, Francia",13.2,"Estados Unidos, Reino Unido, Francia",13.2,39.6,NA,definitivo
2022,E,Agroalimentario,21,Tabaco,2111,Tabaco,211111,Tabaco,NA,NA,315.24,"No determinado extra-UE, Alemania, Portugal",33.2,"No determinado extra-UE, Alemania, Portugal",33.2,"No determinado extra-UE, Alemania, Portugal",33.2,"No determinado extra-UE, Alemania, Portugal",33.2,50.0,NA,definitivo
2022,E,Agroalimentario,22,Grasas y aceites,2211,Grasas y aceites,221111,Aceite de soja,NA,NA,555.12,"Italia, Estados Unidos, Portugal",34.7,"Italia, Estados Unidos, Portugal",34.7,"Marruecos, Argelia, Italia",9.1,"Marruecos, Argelia, Italia",9.1,15.4,NA,definitivo
2022,E,Agroalimentario,22,Grasas y aceites,2211,Grasas y aceites,221112,Aceite de oliva,NA,NA,4420.72,"Italia, Estados Unidos, Portugal",34.7,"Italia, Estados Unidos, Portugal",34.7,"Italia, Estados Unidos, Portugal",25.5,"Italia, Estados Unidos, Portugal",25.5,52.3,NA,definitivo
2022,E,Agroalimentario,22,Grasas y aceites,2211,Grasas y aceites,221112,Aceite de oliva,2211121,Aceite de oliva virgen extra,2812.90,"Italia, Estados Unidos, Portugal",34.7,"Italia, Estados Unidos, Portugal",34.7,"Italia, Estados Unidos, Portugal",25.5,"Italia, Estados Unidos, Francia",23.2,52.3,54.0,definitivo
2022,E,Agroalimentario,22,Grasas y aceites,2211,Grasas y aceites,221112,Aceite de oliva,2211122,Aceite de oliva virgen y lampante,190.21,"Italia, Estados Unidos, Portugal",34.7,"Italia, Estados Unidos, Portugal",34.7,"Italia, Estados Unidos, Portugal",25.5,"Italia, Portugal, Francia",-42.3,52.3,92.8,definitivo
2022,E,Agroalimentario,22,Grasas y aceites,2211,Grasas y aceites,221112,Aceite de oliva,2211123,Aceite de oliva refinado y mezclas,1099.95,"Italia, Estados Unidos, Portugal",34.7,"Italia, Estados Unidos, Portugal",34.7,"Italia, Estados Unidos, Portugal",25.5,"Estados Unidos, Italia, Portugal",55.2,52.3,45.3,definitivo
2022,E,Agroalimentario,22,Grasas y aceites,2211,Grasas y aceites,221112,Aceite de oliva,2211124,Aceite de orujo y otros aceites de aceituna,317.66,"Italia, Estados Unidos, Portugal",34.7,"Italia, Estados Unidos, Portugal",34.7,"Italia, Estados Unidos, Portugal",25.5,"Italia, Portugal, Estados Unidos",59.3,52.3,37.4,definitivo
2022,E,Agroalimentario,22,Grasas y aceites,2211,Grasas y aceites,221113,Aceite de girasol,NA,NA,635.72,"Italia, Estados Unidos, Portugal",34.7,"Italia, Estados Unidos, Portugal",34.7,"Francia, Portugal, Estados Unidos",116.2,"Francia, Portugal, Estados Unidos",116.2,64.2,NA,definitivo
2022,E,Agroalimentario,22,Grasas y aceites,2211,Grasas y aceites,221114,Margarina,NA,NA,295.70,"Italia, Estados Unidos, Portugal",34.7,"Italia, Estados Unidos, Portugal",34.7,"Francia, Portugal, Estados Unidos",58.4,"Francia, Portugal, Estados Unidos",58.4,66.2,NA,definitivo
2022,E,Agroalimentario,22,Grasas y aceites,2211,Grasas y aceites,221115,Las demás grasas y aceites animales,NA,NA,103.80,"Italia, Estados Unidos, Portugal",34.7,"Italia, Estados Unidos, Portugal",34.7,"Italia, Países Bajos, Francia",8.6,"Italia, Países Bajos, Francia",8.6,85.6,NA,definitivo
2022,E,Agroalimentario,22,Grasas y aceites,2211,Grasas y aceites,221116,Las demás grasas y aceites vegetales,NA,NA,761.07,"Italia, Estados Unidos, Portugal",34.7,"Italia, Estados Unidos, Portugal",34.7,"Francia, Estados Unidos, Italia",78.9,"Francia, Estados Unidos, Italia",78.9,60.5,NA,definitivo
2022,E,Agroalimentario,22,Grasas y aceites,2211,Grasas y aceites,221117,Residuos,NA,NA,511.29,"Italia, Estados Unidos, Portugal",34.7,"Italia, Estados Unidos, Portugal",34.7,"Países Bajos, Portugal, Italia",36.7,"Países Bajos, Portugal, Italia",36.7,96.7,NA,definitivo
2022,E,Agroalimentario,23,"Semillas, oleaginosas, mandioca y forraje",2311,"Semillas, oleaginosas, mandioca y forraje",231111,Soja,NA,NA,3.20,"Emiratos Árabes Unidos, Francia, Arabia Saudí",7.2,"Emiratos Árabes Unidos, Francia, Arabia Saudí",7.2,"Portugal, Francia, Reino Unido",-36.2,"Portugal, Francia, Reino Unido",-36.2,85.3,NA,definitivo
2022,E,Agroalimentario,23,"Semillas, oleaginosas, mandioca y forraje",2311,"Semillas, oleaginosas, mandioca y forraje",231112,Girasol,NA,NA,66.06,"Emiratos Árabes Unidos, Francia, Arabia Saudí",7.2,"Emiratos Árabes Unidos, Francia, Arabia Saudí",7.2,"Rusia, Francia, Rumanía",-27.6,"Rusia, Francia, Rumanía",-27.6,54.5,NA,definitivo
2022,E,Agroalimentario,23,"Semillas, oleaginosas, mandioca y forraje",2311,"Semillas, oleaginosas, mandioca y forraje",231113,Otros productos del capítulo 12,NA,NA,449.69,"Emiratos Árabes Unidos, Francia, Arabia Saudí",7.2,"Emiratos Árabes Unidos, Francia, Arabia Saudí",7.2,"Francia, Italia, Alemania",3.9,"Francia, Italia, Alemania",3.9,71.2,NA,definitivo
2022,E,Agroalimentario,23,"Semillas, oleaginosas, mandioca y forraje",2311,"Semillas, oleaginosas, mandioca y forraje",231114,Forrajes,NA,NA,524.19,"Emiratos Árabes Unidos, Francia, Arabia Saudí",7.2,"Emiratos Árabes Unidos, Francia, Arabia Saudí",7.2,"Emiratos Árabes Unidos, China, Arabia Saudí",19.5,"Emiratos Árabes Unidos, China, Arabia Saudí",19.5,9.3,NA,definitivo
2022,E,Agroalimentario,23,"Semillas, oleaginosas, mandioca y forraje",2311,"Semillas, oleaginosas, mandioca y forraje",231115,Mandioca,NA,NA,47.92,"Emiratos Árabes Unidos, Francia, Arabia Saudí",7.2,"Emiratos Árabes Unidos, Francia, Arabia Saudí",7.2,"Francia, Alemania, Países Bajos",-4.9,"Francia, Alemania, Países Bajos",-4.9,88.2,NA,definitivo
2022,E,Agroalimentario,24,"Café, té, cacao y azúcar",2411,"Café, té, cacao y azúcar",241111,Café,NA,NA,373.70,"Francia, Portugal, Reino Unido",20.7,"Francia, Portugal, Reino Unido",20.7,"Portugal, Francia, Suiza",21.5,"Portugal, Francia, Suiza",21.5,63.7,NA,definitivo
2022,E,Agroalimentario,24,"Café, té, cacao y azúcar",2411,"Café, té, cacao y azúcar",241112,Extractos de café,NA,NA,528.10,"Francia, Portugal, Reino Unido",20.7,"Francia, Portugal, Reino Unido",20.7,"Reino Unido, Francia, Polonia",33.1,"Reino Unido, Francia, Polonia",33.1,60.0,NA,definitivo
2022,E,Agroalimentario,24,"Café, té, cacao y azúcar",2411,"Café, té, cacao y azúcar",241113,Sucedáneos de café,NA,NA,5.37,"Francia, Portugal, Reino Unido",20.7,"Francia, Portugal, Reino Unido",20.7,"Portugal, Francia, Túnez",-20.4,"Portugal, Francia, Túnez",-20.4,77.2,NA,definitivo
2022,E,Agroalimentario,24,"Café, té, cacao y azúcar",2411,"Café, té, cacao y azúcar",241114,Té,NA,NA,62.87,"Francia, Portugal, Reino Unido",20.7,"Francia, Portugal, Reino Unido",20.7,"Portugal, Francia, Alemania",16.2,"Portugal, Francia, Alemania",16.2,79.9,NA,definitivo
2022,E,Agroalimentario,24,"Café, té, cacao y azúcar",2411,"Café, té, cacao y azúcar",241115,Cacao,NA,NA,256.64,"Francia, Portugal, Reino Unido",20.7,"Francia, Portugal, Reino Unido",20.7,"Estados Unidos, Francia, Italia",4.7,"Estados Unidos, Francia, Italia",4.7,41.7,NA,definitivo
2022,E,Agroalimentario,24,"Café, té, cacao y azúcar",2411,"Café, té, cacao y azúcar",241116,Azúcar,NA,NA,136.06,"Francia, Portugal, Reino Unido",20.7,"Francia, Portugal, Reino Unido",20.7,"Francia, Portugal, Italia",21.6,"Francia, Portugal, Italia",21.6,89.5,NA,definitivo
2022,E,Agroalimentario,24,"Café, té, cacao y azúcar",2411,"Café, té, cacao y azúcar",241117,Melazas,NA,NA,2.41,"Francia, Portugal, Reino Unido",20.7,"Francia, Portugal, Reino Unido",20.7,"Finlandia, Francia, Portugal",-74.2,"Finlandia, Francia, Portugal",-74.2,97.7,NA,definitivo
2022,E,Agroalimentario,25,Industrias agroalimentarias,2511,Industrias agroalimentarias,251111,Miel,NA,NA,113.06,"Francia, Portugal, Estados Unidos",26.9,"Francia, Portugal, Estados Unidos",26.9,"Francia, Alemania, Italia",3.4,"Francia, Alemania, Italia",3.4,72.4,NA,definitivo
2022,E,Agroalimentario,25,Industrias agroalimentarias,2511,Industrias agroalimentarias,251112,Extractos y jugos de origen animal,NA,NA,22.05,"Francia, Portugal, Estados Unidos",26.9,"Francia, Portugal, Estados Unidos",26.9,"Estados Unidos, Alemania, Francia",0.4,"Estados Unidos, Alemania, Francia",0.4,64.0,NA,definitivo
2022,E,Agroalimentario,25,Industrias agroalimentarias,2511,Industrias agroalimentarias,251113,Levaduras,NA,NA,41.18,"Francia, Portugal, Estados Unidos",26.9,"Francia, Portugal, Estados Unidos",26.9,"Francia, Portugal, Chile",4.8,"Francia, Portugal, Chile",4.8,53.7,NA,definitivo
2022,E,Agroalimentario,25,Industrias agroalimentarias,2511,Industrias agroalimentarias,251114,Otras preparaciones alimenticias,NA,NA,1109.44,"Francia, Portugal, Estados Unidos",26.9,"Francia, Portugal, Estados Unidos",26.9,"Francia, Portugal, Arabia Saudí",31.8,"Francia, Portugal, Arabia Saudí",31.8,48.1,NA,definitivo
2022,E,Agroalimentario,25,Industrias agroalimentarias,2511,Industrias agroalimentarias,251115,Especias,NA,NA,419.28,"Francia, Portugal, Estados Unidos",26.9,"Francia, Portugal, Estados Unidos",26.9,"Estados Unidos, Francia, Alemania",16.8,"Estados Unidos, Francia, Alemania",16.8,47.2,NA,definitivo
2022,E,Agroalimentario,25,Industrias agroalimentarias,2511,Industrias agroalimentarias,251116,"Gomas, resinas y extractos vegetales",NA,NA,885.04,"Francia, Portugal, Estados Unidos",26.9,"Francia, Portugal, Estados Unidos",26.9,"Estados Unidos, Dinamarca, Alemania",44.9,"Estados Unidos, Dinamarca, Alemania",44.9,38.9,NA,definitivo
2022,E,Agroalimentario,25,Industrias agroalimentarias,2511,Industrias agroalimentarias,251117,Artículos sin cacao de confitería,NA,NA,779.42,"Francia, Portugal, Estados Unidos",26.9,"Francia, Portugal, Estados Unidos",26.9,"Estados Unidos, Francia, Alemania",29.1,"Estados Unidos, Francia, Alemania",29.1,47.0,NA,definitivo
2022,E,Agroalimentario,25,Industrias agroalimentarias,2511,Industrias agroalimentarias,251118,Chocolate y preparaciones con cacao,NA,NA,616.08,"Francia, Portugal, Estados Unidos",26.9,"Francia, Portugal, Estados Unidos",26.9,"Francia, Portugal, Reino Unido",23.3,"Francia, Portugal, Reino Unido",23.3,68.2,NA,definitivo
2022,E,Agroalimentario,25,Industrias agroalimentarias,2511,Industrias agroalimentarias,251119,Pastas alimenticias,NA,NA,235.24,"Francia, Portugal, Estados Unidos",26.9,"Francia, Portugal, Estados Unidos",26.9,"Francia, Portugal, Estados Unidos",41.8,"Francia, Portugal, Estados Unidos",41.8,87.5,NA,definitivo
2022,E,Agroalimentario,25,Industrias agroalimentarias,2511,Industrias agroalimentarias,251120,"Panadería, pastelería y galletería",NA,NA,1566.03,"Francia, Portugal, Estados Unidos",26.9,"Francia, Portugal, Estados Unidos",26.9,"Portugal, Francia, Reino Unido",21.3,"Portugal, Francia, Reino Unido",21.3,62.7,NA,definitivo
2022,E,Agroalimentario,25,Industrias agroalimentarias,2511,Industrias agroalimentarias,251121,Otras preparaciones de harina y cereales,NA,NA,649.17,"Francia, Portugal, Estados Unidos",26.9,"Francia, Portugal, Estados Unidos",26.9,"Francia, Reino Unido, Portugal",15.6,"Francia, Reino Unido, Portugal",15.6,62.0,NA,definitivo
2022,E,Agroalimentario,25,Industrias agroalimentarias,2511,Industrias agroalimentarias,251122,Salsas y sopas,NA,NA,660.22,"Francia, Portugal, Estados Unidos",26.9,"Francia, Portugal, Estados Unidos",26.9,"Francia, Reino Unido, Portugal",21.4,"Francia, Reino Unido, Portugal",21.4,59.6,NA,definitivo
2022,E,Agroalimentario,25,Industrias agroalimentarias,2511,Industrias agroalimentarias,251123,Helados,NA,NA,249.27,"Francia, Portugal, Estados Unidos",26.9,"Francia, Portugal, Estados Unidos",26.9,"Portugal, Francia, Italia",56.4,"Portugal, Francia, Italia",56.4,73.2,NA,definitivo
2022,E,Agroalimentario,25,Industrias agroalimentarias,2511,Industrias agroalimentarias,251124,Batidos y postres lácteos,NA,NA,156.39,"Francia, Portugal, Estados Unidos",26.9,"Francia, Portugal, Estados Unidos",26.9,"Portugal, Francia, Reino Unido",50.2,"Portugal, Francia, Reino Unido",50.2,57.7,NA,definitivo
2022,E,Agroalimentario,AR,Otros productos agrícolas,AARR,Otros productos agrícolas,RESTO,Otros productos agrícolas sin rúbrica propia,NA,NA,439.04,"China, Francia, Alemania",11.5,"China, Francia, Alemania",11.5,"China, Francia, Alemania",11.5,"China, Francia, Alemania",11.5,47.8,NA,definitivo
2022,E,Industrial,2,PRODUCTOS ENERGÉTICOS,21,CARBÓN,210,CARBÓN,2100,CARBÓN,547.49,"Francia, Avituallamiento extra-UE, Avituallamiento UE",88.8,"Polonia, Marruecos, Alemania",355.0,"Polonia, Marruecos, Alemania",355.0,"Polonia, Marruecos, Alemania",355.0,64.1,64.1,definitivo
2022,E,Industrial,2,PRODUCTOS ENERGÉTICOS,22,PETRÓLEO Y DERIVADOS,220,PETRÓLEO Y DERIVADOS,2200,PETRÓLEO Y DERIVADOS,27848.46,"Francia, Avituallamiento extra-UE, Avituallamiento UE",88.8,"Avituallamiento extra-UE, Avituallamiento UE, Estados Unidos",75.1,"Avituallamiento extra-UE, Avituallamiento UE, Estados Unidos",75.1,"Avituallamiento extra-UE, Avituallamiento UE, Estados Unidos",75.1,30.3,30.3,definitivo
2022,E,Industrial,2,PRODUCTOS ENERGÉTICOS,23,GAS,230,GAS,2300,GAS,2297.25,"Francia, Avituallamiento extra-UE, Avituallamiento UE",88.8,"Italia, Países Bajos, Estados Unidos",113.5,"Italia, Países Bajos, Estados Unidos",113.5,"Italia, Países Bajos, Estados Unidos",113.5,59.6,59.6,definitivo
2022,E,Industrial,2,PRODUCTOS ENERGÉTICOS,24,CORRIENTE ELÉCTRICA,240,CORRIENTE ELÉCTRICA,2400,CORRIENTE ELÉCTRICA,6554.58,"Francia, Avituallamiento extra-UE, Avituallamiento UE",88.8,"Francia, Portugal, Marruecos",149.3,"Francia, Portugal, Marruecos",149.3,"Francia, Portugal, Marruecos",149.3,93.8,93.8,definitivo
2022,E,Industrial,3,MATERIAS PRIMAS,31,MAT. PRIMAS ANIMALES Y VEGETALES,310,MAT. PRIMAS ANIMALES Y VEGETALES,3100,MAT. PRIMAS ANIMALES Y VEGETALES,4027.39,"China, Francia, Portugal",15.7,"Francia, Portugal, Alemania",16.1,"Francia, Portugal, Alemania",16.1,"Francia, Portugal, Alemania",16.1,65.2,65.2,definitivo
2022,E,Industrial,3,MATERIAS PRIMAS,32,MENAS Y MINERALES,320,MENAS Y MINERALES,3200,MENAS Y MINERALES,5649.22,"China, Francia, Portugal",15.7,"China, Francia, Italia",15.4,"China, Francia, Italia",15.4,"China, Francia, Italia",15.4,39.8,39.8,definitivo
2022,E,Industrial,4,SEMIMANUFACTURAS,41,METALES NO FERROSOS,410,METALES NO FERROSOS,4100,METALES NO FERROSOS,9280.52,"Francia, Bélgica, Italia",27.6,"Francia, Portugal, Alemania",15.1,"Francia, Portugal, Alemania",15.1,"Francia, Portugal, Alemania",15.1,72.1,72.1,definitivo
2022,E,Industrial,4,SEMIMANUFACTURAS,42,HIERRO Y ACERO,420,HIERRO Y ACERO,4200,HIERRO Y ACERO,12638.65,"Francia, Bélgica, Italia",27.6,"Francia, Alemania, Italia",21.8,"Francia, Alemania, Italia",21.8,"Francia, Alemania, Italia",21.8,73.5,73.5,definitivo
2022,E,Industrial,4,SEMIMANUFACTURAS,43,PRODUCTOS QUÍMICOS,431,PRODUCTOS QUÍMICOS ORGÁNICOS,4310,PRODUCTOS QUÍMICOS ORGÁNICOS,6443.65,"Francia, Bélgica, Italia",27.6,"Bélgica, Francia, Italia",33.0,"Francia, Italia, Alemania",35.7,"Francia, Italia, Alemania",35.7,63.6,63.6,definitivo
2022,E,Industrial,4,SEMIMANUFACTURAS,43,PRODUCTOS QUÍMICOS,432,PRODUCTOS QUÍMICOS INORGÁNICOS,4320,PRODUCTOS QUÍMICOS INORGÁNICOS,1753.93,"Francia, Bélgica, Italia",27.6,"Bélgica, Francia, Italia",33.0,"Francia, Portugal, Brasil",38.5,"Francia, Portugal, Brasil",38.5,56.7,56.7,definitivo
2022,E,Industrial,4,SEMIMANUFACTURAS,43,PRODUCTOS QUÍMICOS,433,MEDICAMENTOS,4330,MEDICAMENTOS,27509.62,"Francia, Bélgica, Italia",27.6,"Bélgica, Francia, Italia",33.0,"Bélgica, Suiza, Alemania",51.4,"Bélgica, Suiza, Alemania",51.4,70.2,70.2,definitivo
2022,E,Industrial,4,SEMIMANUFACTURAS,43,PRODUCTOS QUÍMICOS,434,PLÁSTICOS,4341,MATERIAS PRIMAS PLÁSTICAS,8317.02,"Francia, Bélgica, Italia",27.6,"Bélgica, Francia, Italia",33.0,"Francia, Portugal, Italia",14.4,"Francia, Italia, Alemania",13.2,67.6,66.5,definitivo
2022,E,Industrial,4,SEMIMANUFACTURAS,43,PRODUCTOS QUÍMICOS,434,PLÁSTICOS,4342,MANUFACTURAS PLÁSTICAS,6976.76,"Francia, Bélgica, Italia",27.6,"Bélgica, Francia, Italia",33.0,"Francia, Portugal, Italia",14.4,"Francia, Portugal, Alemania",16.0,67.6,68.9,definitivo
2022,E,Industrial,4,SEMIMANUFACTURAS,43,PRODUCTOS QUÍMICOS,435,ABONOS,4350,ABONOS,1948.74,"Francia, Bélgica, Italia",27.6,"Bélgica, Francia, Italia",33.0,"Francia, Brasil, Portugal",79.4,"Francia, Brasil, Portugal",79.4,43.2,43.2,definitivo
2022,E,Industrial,4,SEMIMANUFACTURAS,43,PRODUCTOS QUÍMICOS,436,COLORANTES Y CURTIENTES,4360,COLORANTES Y CURTIENTES,3327.53,"Francia, Bélgica, Italia",27.6,"Bélgica, Francia, Italia",33.0,"Italia, Francia, Alemania",13.6,"Italia, Francia, Alemania",13.6,52.2,52.2,definitivo
2022,E,Industrial,4,SEMIMANUFACTURAS,43,PRODUCTOS QUÍMICOS,437,ACEITES ESENCIALES Y PERFUMADOS,4370,ACEITES ESENCIALES Y PERFUMADOS,7572.12,"Francia, Bélgica, Italia",27.6,"Bélgica, Francia, Italia",33.0,"Francia, Alemania, Portugal",18.3,"Francia, Alemania, Portugal",18.3,48.9,48.9,definitivo
2022,E,Industrial,4,SEMIMANUFACTURAS,43,PRODUCTOS QUÍMICOS,438,OTROS PRODUCTOS QUÍMICOS,4380,OTROS PRODUCTOS QUÍMICOS,8413.93,"Francia, Bélgica, Italia",27.6,"Bélgica, Francia, Italia",33.0,"Italia, Francia, Países Bajos",31.9,"Italia, Francia, Países Bajos",31.9,70.9,70.9,definitivo
2022,E,Industrial,4,SEMIMANUFACTURAS,44,OTRAS SEMIMANUFACTURAS,441,PAPEL,4410,PAPEL,5565.00,"Francia, Bélgica, Italia",27.6,"Francia, Portugal, Estados Unidos",19.8,"Francia, Portugal, Italia",26.1,"Francia, Portugal, Italia",26.1,66.6,66.6,definitivo
2022,E,Industrial,4,SEMIMANUFACTURAS,44,OTRAS SEMIMANUFACTURAS,442,MATERIAL DE CONSTRUCCIÓN,4421,CAL Y CEMENTO,1279.73,"Francia, Bélgica, Italia",27.6,"Francia, Portugal, Estados Unidos",19.8,"Francia, Estados Unidos, Reino Unido",17.2,"Francia, Reino Unido, Portugal",14.7,47.6,56.2,definitivo
2022,E,Industrial,4,SEMIMANUFACTURAS,44,OTRAS SEMIMANUFACTURAS,442,MATERIAL DE CONSTRUCCIÓN,4422,OTROS MAT. DE CONSTRUCCIÓN,6680.46,"Francia, Bélgica, Italia",27.6,"Francia, Portugal, Estados Unidos",19.8,"Francia, Estados Unidos, Reino Unido",17.2,"Estados Unidos, Francia, Reino Unido",16.9,47.6,41.5,definitivo
2022,E,Industrial,4,SEMIMANUFACTURAS,44,OTRAS SEMIMANUFACTURAS,442,MATERIAL DE CONSTRUCCIÓN,4423,VIDRIO,972.47,"Francia, Bélgica, Italia",27.6,"Francia, Portugal, Estados Unidos",19.8,"Francia, Estados Unidos, Reino Unido",17.2,"Francia, Portugal, Alemania",23.0,47.6,78.2,definitivo
2022,E,Industrial,4,SEMIMANUFACTURAS,44,OTRAS SEMIMANUFACTURAS,443,NEUMÁTICOS Y CÁMARAS,4430,NEUMÁTICOS Y CÁMARAS,2771.60,"Francia, Bélgica, Italia",27.6,"Francia, Portugal, Estados Unidos",19.8,"Francia, Alemania, Portugal",20.0,"Francia, Alemania, Portugal",20.0,67.8,67.8,definitivo
2022,E,Industrial,4,SEMIMANUFACTURAS,44,OTRAS SEMIMANUFACTURAS,444,RESTO OTRAS SEMIMANUFACTURAS,4440,RESTO OTRAS SEMIMANUFACTURAS,3360.09,"Francia, Bélgica, Italia",27.6,"Francia, Portugal, Estados Unidos",19.8,"Francia, Portugal, Alemania",17.1,"Francia, Portugal, Alemania",17.1,60.6,60.6,definitivo
2022,E,Industrial,5,BIENES DE EQUIPO,51,MAQ. ESPECIFICA CIERTAS INDUSTRIAS,511,MAQUINARIA AGRÍCOLA,5110,MAQUINARIA AGRÍCOLA,699.47,"Francia, Alemania, Italia",14.7,"Francia, Alemania, Estados Unidos",14.9,"Francia, Portugal, Estados Unidos",13.2,"Francia, Portugal, Estados Unidos",13.2,54.5,54.5,definitivo
2022,E,Industrial,5,BIENES DE EQUIPO,51,MAQ. ESPECIFICA CIERTAS INDUSTRIAS,512,MAQUINARIA OBRAS PUBLICAS,5120,MAQUINARIA OBRAS PUBLICAS,624.49,"Francia, Alemania, Italia",14.7,"Francia, Alemania, Estados Unidos",14.9,"Francia, Portugal, Alemania",18.6,"Francia, Portugal, Alemania",18.6,47.2,47.2,definitivo
2022,E,Industrial,5,BIENES DE EQUIPO,51,MAQ. ESPECIFICA CIERTAS INDUSTRIAS,513,MAQUINARIA TEXTIL,5130,MAQUINARIA TEXTIL,359.20,"Francia, Alemania, Italia",14.7,"Francia, Alemania, Estados Unidos",14.9,"Estados Unidos, Francia, Portugal",19.3,"Estados Unidos, Francia, Portugal",19.3,30.8,30.8,definitivo
2022,E,Industrial,5,BIENES DE EQUIPO,51,MAQ. ESPECIFICA CIERTAS INDUSTRIAS,514,MAQUINARIA PARA TRABAJAR METAL,5140,MAQUINARIA PARA TRABAJAR METAL,1425.39,"Francia, Alemania, Italia",14.7,"Francia, Alemania, Estados Unidos",14.9,"Alemania, Italia, Estados Unidos",3.7,"Alemania, Italia, Estados Unidos",3.7,51.2,51.2,definitivo
2022,E,Industrial,5,BIENES DE EQUIPO,51,MAQ. ESPECIFICA CIERTAS INDUSTRIAS,515,MAQ. PARA CIERTAS INDUSTRIAS,5150,MAQ. PARA CIERTAS INDUSTRIAS,2558.18,"Francia, Alemania, Italia",14.7,"Francia, Alemania, Estados Unidos",14.9,"Estados Unidos, Francia, Portugal",14.1,"Estados Unidos, Francia, Portugal",14.1,42.4,42.4,definitivo
2022,E,Industrial,5,BIENES DE EQUIPO,51,MAQ. ESPECIFICA CIERTAS INDUSTRIAS,516,MAQ. PARA USO GRAL INDUSTRIA,5160,MAQ. PARA USO GRAL INDUSTRIA,12157.57,"Francia, Alemania, Italia",14.7,"Francia, Alemania, Estados Unidos",14.9,"Francia, Alemania, Estados Unidos",16.3,"Francia, Alemania, Estados Unidos",16.3,53.1,53.1,definitivo
2022,E,Industrial,5,BIENES DE EQUIPO,52,EQUIPO OFICINA Y TELECOMUNIC.,521,EQUIPO DE OFICINA,5210,EQUIPO DE OFICINA,442.07,"Francia, Alemania, Italia",14.7,"Portugal, Alemania, Francia",10.3,"Portugal, Francia, Italia",2.7,"Portugal, Francia, Italia",2.7,55.5,55.5,definitivo
2022,E,Industrial,5,BIENES DE EQUIPO,52,EQUIPO OFICINA Y TELECOMUNIC.,522,MAQ. AUTOMATIZACION DATOS,5220,MAQ. AUTOMATIZACION DATOS,1054.48,"Francia, Alemania, Italia",14.7,"Portugal, Alemania, Francia",10.3,"Portugal, Alemania, Francia",-1.9,"Portugal, Alemania, Francia",-1.9,79.6,79.6,definitivo
2022,E,Industrial,5,BIENES DE EQUIPO,52,EQUIPO OFICINA Y TELECOMUNIC.,523,EQUIPO TELECOMUNICACIÓN,5230,EQUIPO TELECOMUNICACIÓN,3032.48,"Francia, Alemania, Italia",14.7,"Portugal, Alemania, Francia",10.3,"Portugal, Alemania, Italia",16.5,"Portugal, Alemania, Italia",16.5,66.2,66.2,definitivo
2022,E,Industrial,5,BIENES DE EQUIPO,53,MATERIAL TRANSPORTE,531,MATERIAL FERROVIARIO,5310,MATERIAL FERROVIARIO,1360.50,"Francia, Alemania, Italia",14.7,"Francia, Alemania, Italia",14.0,"Países Bajos, Reino Unido, Suiza",-8.0,"Países Bajos, Reino Unido, Suiza",-8.0,51.2,51.2,definitivo
2022,E,Industrial,5,BIENES DE EQUIPO,53,MATERIAL TRANSPORTE,532,VEHIC. TRANS. MERCANCÍAS CARR.,5320,VEHIC. TRANS. MERCANCÍAS CARR.,7360.32,"Francia, Alemania, Italia",14.7,"Francia, Alemania, Italia",14.0,"Italia, Alemania, Reino Unido",3.2,"Italia, Alemania, Reino Unido",3.2,66.6,66.6,definitivo
2022,E,Industrial,5,BIENES DE EQUIPO,53,MATERIAL TRANSPORTE,533,BUQUES,5330,BUQUES,1958.21,"Francia, Alemania, Italia",14.7,"Francia, Alemania, Italia",14.0,"Arabia Saudí, Gibraltar, Noruega",56.5,"Arabia Saudí, Gibraltar, Noruega",56.5,9.2,9.2,definitivo
2022,E,Industrial,5,BIENES DE EQUIPO,53,MATERIAL TRANSPORTE,534,AERONAVES,5340,AERONAVES,5094.71,"Francia, Alemania, Italia",14.7,"Francia, Alemania, Italia",14.0,"Francia, Alemania, Reino Unido",28.2,"Francia, Alemania, Reino Unido",28.2,69.3,69.3,definitivo
2022,E,Industrial,5,BIENES DE EQUIPO,54,OTROS BIENES DE EQUIPO,541,EQUIPO GENERADOR DE FUERZA,5410,EQUIPO GENERADOR DE FUERZA,2665.62,"Francia, Alemania, Italia",14.7,"Francia, Alemania, Estados Unidos",15.6,"Reino Unido, Estados Unidos, Francia",28.0,"Reino Unido, Estados Unidos, Francia",28.0,29.0,29.0,definitivo
2022,E,Industrial,5,BIENES DE EQUIPO,54,OTROS BIENES DE EQUIPO,542,APARATOS ELÉCTRICOS,5421,MOTORES ELÉCTRICOS,1805.26,"Francia, Alemania, Italia",14.7,"Francia, Alemania, Estados Unidos",15.6,"Francia, Alemania, Estados Unidos",11.8,"Alemania, Estados Unidos, Italia",0.3,59.6,54.0,definitivo
2022,E,Industrial,5,BIENES DE EQUIPO,54,OTROS BIENES DE EQUIPO,542,APARATOS ELÉCTRICOS,5422,TRANSFORMADORES ELÉCTRICOS,1540.67,"Francia, Alemania, Italia",14.7,"Francia, Alemania, Estados Unidos",15.6,"Francia, Alemania, Estados Unidos",11.8,"Estados Unidos, Francia, Portugal",29.2,59.6,37.5,definitivo
2022,E,Industrial,5,BIENES DE EQUIPO,54,OTROS BIENES DE EQUIPO,542,APARATOS ELÉCTRICOS,5423,OTROS APARATOS ELÉCTRICOS,10389.98,"Francia, Alemania, Italia",14.7,"Francia, Alemania, Estados Unidos",15.6,"Francia, Alemania, Estados Unidos",11.8,"Francia, Alemania, Portugal",11.8,59.6,63.8,definitivo
2022,E,Industrial,5,BIENES DE EQUIPO,54,OTROS BIENES DE EQUIPO,543,APARATOS DE PRECISIÓN,5430,APARATOS DE PRECISIÓN,2655.35,"Francia, Alemania, Italia",14.7,"Francia, Alemania, Estados Unidos",15.6,"Francia, Portugal, Bélgica",10.0,"Francia, Portugal, Bélgica",10.0,57.9,57.9,definitivo
2022,E,Industrial,5,BIENES DE EQUIPO,54,OTROS BIENES DE EQUIPO,544,RESTO BIENES DE EQUIPO,5440,RESTO BIENES DE EQUIPO,10783.64,"Francia, Alemania, Italia",14.7,"Francia, Alemania, Estados Unidos",15.6,"Francia, Alemania, Portugal",19.5,"Francia, Alemania, Portugal",19.5,67.7,67.7,definitivo
2022,E,Industrial,6,SECTOR AUTOMÓVIL,61,AUTOMÓVILES Y MOTOS,610,AUTOMÓVILES Y MOTOS,6100,AUTOMÓVILES Y MOTOS,32483.83,"Alemania, Francia, Reino Unido",13.4,"Alemania, Francia, Reino Unido",13.6,"Alemania, Francia, Reino Unido",13.6,"Alemania, Francia, Reino Unido",13.6,74.3,74.3,definitivo
2022,E,Industrial,6,SECTOR AUTOMÓVIL,62,COMPONENTES DEL AUTOMÓVIL,620,COMPONENTES DEL AUTOMÓVIL,6200,COMPONENTES DEL AUTOMÓVIL,12291.28,"Alemania, Francia, Reino Unido",13.4,"Francia, Alemania, Marruecos",13.1,"Francia, Alemania, Marruecos",13.1,"Francia, Alemania, Marruecos",13.1,59.1,59.1,definitivo
2022,E,Industrial,7,BIENES DE CONSUMO DURADERO,71,ELECTRODOMÉSTICOS,710,ELECTRODOMÉSTICOS,7100,ELECTRODOMÉSTICOS,2026.98,"Francia, Portugal, Alemania",14.2,"Francia, Alemania, Portugal",23.2,"Francia, Alemania, Portugal",23.2,"Francia, Alemania, Portugal",23.2,81.4,81.4,definitivo
2022,E,Industrial,7,BIENES DE CONSUMO DURADERO,72,ELECTRÓNICA DE CONSUMO,720,ELECTRÓNICA DE CONSUMO,7200,ELECTRÓNICA DE CONSUMO,395.39,"Francia, Portugal, Alemania",14.2,"Francia, Portugal, Alemania",-3.6,"Francia, Portugal, Alemania",-3.6,"Francia, Portugal, Alemania",-3.6,66.8,66.8,definitivo
2022,E,Industrial,7,BIENES DE CONSUMO DURADERO,73,MUEBLES,730,MUEBLES,7300,MUEBLES,2954.62,"Francia, Portugal, Alemania",14.2,"Francia, Portugal, Estados Unidos",13.0,"Francia, Portugal, Estados Unidos",13.0,"Francia, Portugal, Estados Unidos",13.0,64.9,64.9,definitivo
2022,E,Industrial,7,BIENES DE CONSUMO DURADERO,74,OTROS BIENES CONSUMO DURADERO,740,OTROS BIENES CONSUMO DURADERO,7400,OTROS BIENES CONSUMO DURADERO,709.91,"Francia, Portugal, Alemania",14.2,"Francia, Portugal, Alemania",7.4,"Francia, Portugal, Alemania",7.4,"Francia, Portugal, Alemania",7.4,70.0,70.0,definitivo
2022,E,Industrial,8,MANUFACTURAS DE CONSUMO,81,TEXTILES Y CONFECCIÓN,811,FIBRAS TEXTILES,8110,FIBRAS TEXTILES,341.13,"Francia, Italia, Portugal",14.2,"Francia, Italia, Portugal",15.8,"Bélgica, Portugal, Pakistán",-0.8,"Bélgica, Portugal, Pakistán",-0.8,54.0,54.0,definitivo
2022,E,Industrial,8,MANUFACTURAS DE CONSUMO,81,TEXTILES Y CONFECCIÓN,812,HILADOS,8120,HILADOS,548.04,"Francia, Italia, Portugal",14.2,"Francia, Italia, Portugal",15.8,"Italia, Alemania, Francia",11.8,"Italia, Alemania, Francia",11.8,75.9,75.9,definitivo
2022,E,Industrial,8,MANUFACTURAS DE CONSUMO,81,TEXTILES Y CONFECCIÓN,813,TEJIDOS,8130,TEJIDOS,2153.92,"Francia, Italia, Portugal",14.2,"Francia, Italia, Portugal",15.8,"Marruecos, Italia, Francia",12.0,"Marruecos, Italia, Francia",12.0,34.9,34.9,definitivo
2022,E,Industrial,8,MANUFACTURAS DE CONSUMO,81,TEXTILES Y CONFECCIÓN,814,VESTUARIO,8141,ROPA DE PUNTO,2049.91,"Francia, Italia, Portugal",14.2,"Francia, Italia, Portugal",15.8,"Francia, Italia, Portugal",18.3,"Francia, Italia, Portugal",16.0,65.7,71.8,definitivo
2022,E,Industrial,8,MANUFACTURAS DE CONSUMO,81,TEXTILES Y CONFECCIÓN,814,VESTUARIO,8142,ROPA NO DE PUNTO,7156.44,"Francia, Italia, Portugal",14.2,"Francia, Italia, Portugal",15.8,"Francia, Italia, Portugal",18.3,"Francia, Italia, Polonia",18.7,65.7,63.5,definitivo
2022,E,Industrial,8,MANUFACTURAS DE CONSUMO,81,TEXTILES Y CONFECCIÓN,814,VESTUARIO,8143,RESTO DE PRENDAS,6135.67,"Francia, Italia, Portugal",14.2,"Francia, Italia, Portugal",15.8,"Francia, Italia, Portugal",18.3,"Francia, Italia, Portugal",18.6,65.7,66.3,definitivo
2022,E,Industrial,8,MANUFACTURAS DE CONSUMO,81,TEXTILES Y CONFECCIÓN,815,RESTO TEXTILES,8150,RESTO TEXTILES,1911.49,"Francia, Italia, Portugal",14.2,"Francia, Italia, Portugal",15.8,"Francia, Portugal, Marruecos",6.4,"Francia, Portugal, Marruecos",6.4,64.5,64.5,definitivo
2022,E,Industrial,8,MANUFACTURAS DE CONSUMO,82,CALZADO,820,CALZADO,8200,CALZADO,3258.37,"Francia, Italia, Portugal",14.2,"Francia, Italia, Alemania",19.8,"Francia, Italia, Alemania",19.8,"Francia, Italia, Alemania",19.8,70.8,70.8,definitivo
2022,E,Industrial,8,MANUFACTURAS DE CONSUMO,83,JUGUETES,830,JUGUETES,8300,JUGUETES,2086.74,"Francia, Italia, Portugal",14.2,"Francia, Italia, Portugal",-1.4,"Francia, Italia, Portugal",-1.4,"Francia, Italia, Portugal",-1.4,83.7,83.7,definitivo
2022,E,Industrial,8,MANUFACTURAS DE CONSUMO,84,ALFARERÍA,840,ALFARERÍA,8400,ALFARERÍA,112.51,"Francia, Italia, Portugal",14.2,"Francia, Estados Unidos, Italia",-0.7,"Francia, Estados Unidos, Italia",-0.7,"Francia, Estados Unidos, Italia",-0.7,54.2,54.2,definitivo
2022,E,Industrial,8,MANUFACTURAS DE CONSUMO,85,JOYERÍA Y RELOJES,850,JOYERÍA Y RELOJES,8500,JOYERÍA Y RELOJES,1234.25,"Francia, Italia, Portugal",14.2,"Suiza, Francia, Estados Unidos",36.1,"Suiza, Francia, Estados Unidos",36.1,"Suiza, Francia, Estados Unidos",36.1,42.4,42.4,definitivo
2022,E,Industrial,8,MANUFACTURAS DE CONSUMO,86,CUERO Y MANUFACTURAS DEL CUERO,860,CUERO Y MANUFACTURAS DEL CUERO,8600,CUERO Y MANUFACTURAS DEL CUERO,568.09,"Francia, Italia, Portugal",14.2,"Italia, Francia, Portugal",17.3,"Italia, Francia, Portugal",17.3,"Italia, Francia, Portugal",17.3,77.5,77.5,definitivo
2022,E,Industrial,8,MANUFACTURAS DE CONSUMO,87,OTRAS MANUFACTURAS DE CONSUMO,870,OTRAS MANUFACTURAS DE CONSUMO,8700,OTRAS MANUFACTURAS DE CONSUMO,6636.09,"Francia, Italia, Portugal",14.2,"Francia, Portugal, Italia",9.3,"Francia, Portugal, Italia",9.3,"Francia, Portugal, Italia",9.3,59.5,59.5,definitivo
2022,I,Agroalimentario,11,Sectores Cárnicos,1111,Bovino,111111,Animales vivos de bovinos,NA,NA,243.16,"Países Bajos, Francia, Alemania",28.7,"Países Bajos, Francia, Polonia",27.8,"Francia, Irlanda, Polonia",-0.6,"Francia, Irlanda, Polonia",-0.6,98.9,NA,definitivo
2022,I,Agroalimentario,11,Sectores Cárnicos,1111,Bovino,111112,Carne fresca o refrigerada de bovino,NA,NA,652.89,"Países Bajos, Francia, Alemania",28.7,"Países Bajos, Francia, Polonia",27.8,"Países Bajos, Polonia, Alemania",31.9,"Países Bajos, Polonia, Alemania",31.9,87.2,NA,definitivo
2022,I,Agroalimentario,11,Sectores Cárnicos,1111,Bovino,111113,Carne congelada de bovino,NA,NA,195.39,"Países Bajos, Francia, Alemania",28.7,"Países Bajos, Francia, Polonia",27.8,"Brasil, Alemania, Polonia",68.2,"Brasil, Alemania, Polonia",68.2,72.4,NA,definitivo
2022,I,Agroalimentario,11,Sectores Cárnicos,1111,Bovino,111114,Preparaciones y despojos de bovino,NA,NA,69.03,"Países Bajos, Francia, Alemania",28.7,"Países Bajos, Francia, Polonia",27.8,"Alemania, Países Bajos, Dinamarca",29.7,"Alemania, Países Bajos, Dinamarca",29.7,95.6,NA,definitivo
2022,I,Agroalimentario,11,Sectores Cárnicos,1111,Bovino,111115,Despojos de bovino,NA,NA,23.53,"Países Bajos, Francia, Alemania",28.7,"Países Bajos, Francia, Polonia",27.8,"Francia, Alemania, Polonia",37.8,"Francia, Alemania, Polonia",37.8,95.3,NA,definitivo
2022,I,Agroalimentario,11,Sectores Cárnicos,1112,Ovino-caprino,111211,Animales vivos de ovino-caprino,NA,NA,11.62,"Países Bajos, Francia, Alemania",28.7,"Italia, Francia, Grecia",34.8,"Francia, Italia, Grecia",-4.7,"Francia, Italia, Grecia",-4.7,99.9,NA,definitivo
2022,I,Agroalimentario,11,Sectores Cárnicos,1112,Ovino-caprino,111212,Carne de ovino-caprino,NA,NA,59.72,"Países Bajos, Francia, Alemania",28.7,"Italia, Francia, Grecia",34.8,"Italia, Grecia, Francia",44.2,"Italia, Grecia, Francia",44.2,77.9,NA,definitivo
2022,I,Agroalimentario,11,Sectores Cárnicos,1112,Ovino-caprino,111213,Preparaciones de ovino-caprino,NA,NA,3.65,"Países Bajos, Francia, Alemania",28.7,"Italia, Francia, Grecia",34.8,"Alemania, Rumanía, Francia",63.1,"Alemania, Rumanía, Francia",63.1,98.9,NA,definitivo
2022,I,Agroalimentario,11,Sectores Cárnicos,1112,Ovino-caprino,111214,Despojos,NA,NA,1.80,"Países Bajos, Francia, Alemania",28.7,"Italia, Francia, Grecia",34.8,"Portugal, Nueva Zelanda, Francia",60.4,"Portugal, Nueva Zelanda, Francia",60.4,84.5,NA,definitivo
2022,I,Agroalimentario,11,Sectores Cárnicos,1113,Porcino,111311,Animales vivos de porcino,NA,NA,270.43,"Países Bajos, Francia, Alemania",28.7,"Países Bajos, Alemania, Portugal",16.0,"Países Bajos, Portugal, Dinamarca",22.3,"Países Bajos, Portugal, Dinamarca",22.3,100.0,NA,definitivo
2022,I,Agroalimentario,11,Sectores Cárnicos,1113,Porcino,111312,Carne fresca y refrigerada de porcino,NA,NA,119.84,"Países Bajos, Francia, Alemania",28.7,"Países Bajos, Alemania, Portugal",16.0,"Países Bajos, Alemania, Portugal",-2.3,"Países Bajos, Alemania, Portugal",-2.3,99.9,NA,definitivo
2022,I,Agroalimentario,11,Sectores Cárnicos,1113,Porcino,111313,Carne congelada de porcino,NA,NA,116.78,"Países Bajos, Francia, Alemania",28.7,"Países Bajos, Alemania, Portugal",16.0,"Francia, Alemania, Dinamarca",31.6,"Francia, Alemania, Dinamarca",31.6,94.7,NA,definitivo
2022,I,Agroalimentario,11,Sectores Cárnicos,1113,Porcino,111314,Tocino de porcino,NA,NA,8.16,"Países Bajos, Francia, Alemania",28.7,"Países Bajos, Alemania, Portugal",16.0,"Alemania, Francia, Polonia",-30.2,"Alemania, Francia, Polonia",-30.2,99.2,NA,definitivo
2022,I,Agroalimentario,11,Sectores Cárnicos,1113,Porcino,111315,Jamones y paleta de porcino,NA,NA,18.57,"Países Bajos, Francia, Alemania",28.7,"Países Bajos, Alemania, Portugal",16.0,"Italia, Alemania, Portugal",-15.3,"Italia, Alemania, Portugal",-15.3,95.1,NA,definitivo
2022,I,Agroalimentario,11,Sectores Cárnicos,1113,Porcino,111316,Preparaciones de porcino,NA,NA,197.93,"Países Bajos, Francia, Alemania",28.7,"Países Bajos, Alemania, Portugal",16.0,"Alemania, Italia, Irlanda",18.4,"Alemania, Italia, Irlanda",18.4,98.4,NA,definitivo
2022,I,Agroalimentario,11,Sectores Cárnicos,1113,Porcino,111317,Despojos de porcino,NA,NA,27.52,"Países Bajos, Francia, Alemania",28.7,"Países Bajos, Alemania, Portugal",16.0,"Alemania, Italia, Polonia",28.4,"Alemania, Italia, Polonia",28.4,95.0,NA,definitivo
2022,I,Agroalimentario,11,Sectores Cárnicos,1114,Aves y huevos,111411,Animales vivos de aves,NA,NA,48.88,"Países Bajos, Francia, Alemania",28.7,"Polonia, Francia, Alemania",48.2,"Francia, Portugal, Países Bajos",18.1,"Francia, Portugal, Países Bajos",18.1,99.4,NA,definitivo
2022,I,Agroalimentario,11,Sectores Cárnicos,1114,Aves y huevos,111412,Carne de aves,NA,NA,512.78,"Países Bajos, Francia, Alemania",28.7,"Polonia, Francia, Alemania",48.2,"Polonia, Alemania, Brasil",63.6,"Polonia, Alemania, Brasil",63.6,85.9,NA,definitivo
2022,I,Agroalimentario,11,Sectores Cárnicos,1114,Aves y huevos,111413,Huevos y Ovoproductos,NA,NA,124.12,"Países Bajos, Francia, Alemania",28.7,"Polonia, Francia, Alemania",48.2,"Portugal, Francia, Italia",23.3,"Portugal, Francia, Italia",23.3,93.5,NA,definitivo
2022,I,Agroalimentario,11,Sectores Cárnicos,1114,Aves y huevos,111414,Preparados de aves,NA,NA,219.44,"Países Bajos, Francia, Alemania",28.7,"Polonia, Francia, Alemania",48.2,"Francia, Países Bajos, Alemania",41.3,"Francia, Países Bajos, Alemania",41.3,92.3,NA,definitivo
2022,I,Agroalimentario,11,Sectores Cárnicos,1115,Otros animales,111511,Otros animales vivos,NA,NA,69.92,"Países Bajos, Francia, Alemania",28.7,"Francia, Países Bajos, Portugal",-2.9,"Francia, Países Bajos, Bélgica",-16.1,"Francia, Países Bajos, Bélgica",-16.1,87.9,NA,definitivo
2022,I,Agroalimentario,11,Sectores Cárnicos,1115,Otros animales,111512,Carne de otros animales,NA,NA,27.80,"Países Bajos, Francia, Alemania",28.7,"Francia, Países Bajos, Portugal",-2.9,"Francia, Portugal, Países Bajos",60.9,"Francia, Portugal, Países Bajos",60.9,90.5,NA,definitivo
2022,I,Agroalimentario,12,Lácteos,1211,Lácteos,121111,Leche,NA,NA,421.84,"Francia, Países Bajos, Alemania",42.4,"Francia, Países Bajos, Alemania",42.4,"Francia, Países Bajos, Portugal",46.5,"Francia, Países Bajos, Portugal",46.5,99.3,NA,definitivo
2022,I,Agroalimentario,12,Lácteos,1211,Lácteos,121112,Mantequilla,NA,NA,185.17,"Francia, Países Bajos, Alemania",42.4,"Francia, Países Bajos, Alemania",42.4,"Países Bajos, Bélgica, Francia",62.3,"Países Bajos, Bélgica, Francia",62.3,97.8,NA,definitivo
2022,I,Agroalimentario,12,Lácteos,1211,Lácteos,121113,Quesos,NA,NA,1637.80,"Francia, Países Bajos, Alemania",42.4,"Francia, Países Bajos, Alemania",42.4,"Países Bajos, Alemania, Francia",42.9,"Países Bajos, Alemania, Francia",42.9,98.3,NA,definitivo
2022,I,Agroalimentario,12,Lácteos,1211,Lácteos,121114,Yogures y lactosueros,NA,NA,368.76,"Francia, Países Bajos, Alemania",42.4,"Francia, Países Bajos, Alemania",42.4,"Francia, Alemania, Portugal",28.4,"Francia, Alemania, Portugal",28.4,96.3,NA,definitivo
2022,I,Agroalimentario,13,Pesca,1311,Pesca,131111,Peces vivos,NA,NA,118.45,"Marruecos, Ecuador, Francia",21.3,"Marruecos, Ecuador, Francia",21.3,"Francia, Suecia, Italia",152.6,"Francia, Suecia, Italia",152.6,96.4,NA,definitivo
2022,I,Agroalimentario,13,Pesca,1311,Pesca,131112,Pescado fresco,NA,NA,1634.92,"Marruecos, Ecuador, Francia",21.3,"Marruecos, Ecuador, Francia",21.3,"Noruega, Suecia, Francia",13.2,"Noruega, Suecia, Francia",13.2,62.9,NA,definitivo
2022,I,Agroalimentario,13,Pesca,1311,Pesca,131112,Pescado fresco,1311121,Merluza fresca,144.59,"Marruecos, Ecuador, Francia",21.3,"Marruecos, Ecuador, Francia",21.3,"Noruega, Suecia, Francia",13.2,"Francia, Chile, Reino Unido",6.7,62.9,63.7,definitivo
2022,I,Agroalimentario,13,Pesca,1311,Pesca,131112,Pescado fresco,1311122,Atún fresco,52.75,"Marruecos, Ecuador, Francia",21.3,"Marruecos, Ecuador, Francia",21.3,"Noruega, Suecia, Francia",13.2,"Francia, Italia, Portugal",31.2,62.9,78.2,definitivo
2022,I,Agroalimentario,13,Pesca,1311,Pesca,131112,Pescado fresco,1311123,Bacalao fresco,26.97,"Marruecos, Ecuador, Francia",21.3,"Marruecos, Ecuador, Francia",21.3,"Noruega, Suecia, Francia",13.2,"Noruega, Dinamarca, Suecia",21.3,62.9,59.9,definitivo
2022,I,Agroalimentario,13,Pesca,1311,Pesca,131112,Pescado fresco,1311124,Rape fresco,61.78,"Marruecos, Ecuador, Francia",21.3,"Marruecos, Ecuador, Francia",21.3,"Noruega, Suecia, Francia",13.2,"Francia, Irlanda, Reino Unido",1.9,62.9,84.4,definitivo
2022,I,Agroalimentario,13,Pesca,1311,Pesca,131112,Pescado fresco,1311125,Otro pescado fresco,1348.83,"Marruecos, Ecuador, Francia",21.3,"Marruecos, Ecuador, Francia",21.3,"Noruega, Suecia, Francia",13.2,"Suecia, Noruega, Grecia",13.8,62.9,61.3,definitivo
2022,I,Agroalimentario,13,Pesca,1311,Pesca,131113,Pescado congelado,NA,NA,1719.01,"Marruecos, Ecuador, Francia",21.3,"Marruecos, Ecuador, Francia",21.3,"Namibia, China, Portugal",23.3,"Namibia, China, Portugal",23.3,18.7,NA,definitivo
2022,I,Agroalimentario,13,Pesca,1311,Pesca,131113,Pescado congelado,1311131,Atún congelado,310.06,"Marruecos, Ecuador, Francia",21.3,"Marruecos, Ecuador, Francia",21.3,"Namibia, China, Portugal",23.3,"Seychelles, México, Panamá",19.5,18.7,6.1,definitivo
2022,I,Agroalimentario,13,Pesca,1311,Pesca,131113,Pescado congelado,1311132,Merluza congelada (entera y filetes),287.62,"Marruecos, Ecuador, Francia",21.3,"Marruecos, Ecuador, Francia",21.3,"Namibia, China, Portugal",23.3,"Namibia, Sudáfrica, Chile",2.2,18.7,4.4,definitivo
2022,I,Agroalimentario,13,Pesca,1311,Pesca,131113,Pescado congelado,1311133,Otro pescado congelado,1121.33,"Marruecos, Ecuador, Francia",21.3,"Marruecos, Ecuador, Francia",21.3,"Namibia, China, Portugal",23.3,"China, Portugal, Islandia",31.4,18.7,25.9,definitivo
2022,I,Agroalimentario,13,Pesca,1311,Pesca,131114,"Moluscos, crustáceos y otros invertebrados acuáticos",NA,NA,3934.31,"Marruecos, Ecuador, Francia",21.3,"Marruecos, Ecuador, Francia",21.3,"Marruecos, Argentina, Ecuador",17.5,"Marruecos, Argentina, Ecuador",17.5,15.4,NA,definitivo
2022,I,Agroalimentario,13,Pesca,1311,Pesca,131114,"Moluscos, crustáceos y otros invertebrados acuáticos",1311141,Mejillón,16.37,"Marruecos, Ecuador, Francia",21.3,"Marruecos, Ecuador, Francia",21.3,"Marruecos, Argentina, Ecuador",17.5,"Nueva Zelanda, Italia, Francia",13.8,15.4,50.4,definitivo
2022,I,Agroalimentario,13,Pesca,1311,Pesca,131114,"Moluscos, crustáceos y otros invertebrados acuáticos",1311142,Calamar y sepia,1349.40,"Marruecos, Ecuador, Francia",21.3,"Marruecos, Ecuador, Francia",21.3,"Marruecos, Argentina, Ecuador",17.5,"Islas Malvinas, Marruecos, India",31.6,15.4,6.9,definitivo
2022,I,Agroalimentario,13,Pesca,1311,Pesca,131114,"Moluscos, crustáceos y otros invertebrados acuáticos",1311143,Pulpo,752.36,"Marruecos, Ecuador, Francia",21.3,"Marruecos, Ecuador, Francia",21.3,"Marruecos, Argentina, Ecuador",17.5,"Marruecos, Mauritania, Portugal",7.1,15.4,10.6,definitivo
2022,I,Agroalimentario,13,Pesca,1311,Pesca,131114,"Moluscos, crustáceos y otros invertebrados acuáticos",1311144,Langostino y gamba,1237.73,"Marruecos, Ecuador, Francia",21.3,"Marruecos, Ecuador, Francia",21.3,"Marruecos, Argentina, Ecuador",17.5,"Ecuador, Argentina, China",7.4,15.4,10.8,definitivo
2022,I,Agroalimentario,13,Pesca,1311,Pesca,131114,"Moluscos, crustáceos y otros invertebrados acuáticos",1311145,Almeja y ostra,146.84,"Marruecos, Ecuador, Francia",21.3,"Marruecos, Ecuador, Francia",21.3,"Marruecos, Argentina, Ecuador",17.5,"Francia, Italia, Portugal",8.3,15.4,92.6,definitivo
2022,I,Agroalimentario,13,Pesca,1311,Pesca,131114,"Moluscos, crustáceos y otros invertebrados acuáticos",1311146,Otros moluscos y crustáceos,431.62,"Marruecos, Ecuador, Francia",21.3,"Marruecos, Ecuador, Francia",21.3,"Marruecos, Argentina, Ecuador",17.5,"Canadá, Francia, Perú",35.9,15.4,35.6,definitivo
2022,I,Agroalimentario,13,Pesca,1311,Pesca,131115,Los demás preparados de productos de la pesca,NA,NA,229.87,"Marruecos, Ecuador, Francia",21.3,"Marruecos, Ecuador, Francia",21.3,"Islandia, Islas Feroe, Alemania",20.2,"Islandia, Islas Feroe, Alemania",20.2,37.1,NA,definitivo
2022,I,Agroalimentario,13,Pesca,1311,Pesca,131116,Conservas de pescados,NA,NA,1129.29,"Marruecos, Ecuador, Francia",21.3,"Marruecos, Ecuador, Francia",21.3,"Ecuador, China, Marruecos",42.8,"Ecuador, China, Marruecos",42.8,15.4,NA,definitivo
2022,I,Agroalimentario,13,Pesca,1311,Pesca,131116,Conservas de pescados,1311161,Atún y bonito en conserva,842.48,"Marruecos, Ecuador, Francia",21.3,"Marruecos, Ecuador, Francia",21.3,"Ecuador, China, Marruecos",42.8,"Ecuador, China, Papúa Nueva Guinea",53.2,15.4,9.0,definitivo
2022,I,Agroalimentario,13,Pesca,1311,Pesca,131116,Conservas de pescados,1311162,Anchoa en conserva,76.78,"Marruecos, Ecuador, Francia",21.3,"Marruecos, Ecuador, Francia",21.3,"Ecuador, China, Marruecos",42.8,"Marruecos, Perú, Croacia",1.7,15.4,10.0,definitivo
2022,I,Agroalimentario,13,Pesca,1311,Pesca,131116,Conservas de pescados,1311163,Sardina y caballa en conserva,54.94,"Marruecos, Ecuador, Francia",21.3,"Marruecos, Ecuador, Francia",21.3,"Ecuador, China, Marruecos",42.8,"Marruecos, Cabo Verde, Croacia",17.0,15.4,32.9,definitivo
2022,I,Agroalimentario,13,Pesca,1311,Pesca,131116,Conservas de pescados,1311165,Otras conservas de pescado,155.08,"Marruecos, Ecuador, Francia",21.3,"Marruecos, Ecuador, Francia",21.3,"Ecuador, China, Marruecos",42.8,"Francia, Marruecos, Alemania",31.2,15.4,46.3,definitivo
2022,I,Agroalimentario,13,Pesca,1311,Pesca,131117,Conservas de moluscos y crustáceos,NA,NA,197.23,"Marruecos, Ecuador, Francia",21.3,"Marruecos, Ecuador, Francia",21.3,"Chile, Vietnam, Países Bajos",13.5,"Chile, Vietnam, Países Bajos",13.5,26.2,NA,definitivo
2022,I,Agroalimentario,13,Pesca,1311,Pesca,131117,Conservas de moluscos y crustáceos,1311171,Mejillón en conserva,55.12,"Marruecos, Ecuador, Francia",21.3,"Marruecos, Ecuador, Francia",21.3,"Chile, Vietnam, Países Bajos",13.5,"Chile, Portugal, Dinamarca",18.7,26.2,1.6,definitivo
2022,I,Agroalimentario,13,Pesca,1311,Pesca,131117,Conservas de moluscos y crustáceos,1311172,"Almeja, berberecho y arca en conserva",80.20,"Marruecos, Ecuador, Francia",21.3,"Marruecos, Ecuador, Francia",21.3,"Chile, Vietnam, Países Bajos",13.5,"Vietnam, Países Bajos, Reino Unido",8.0,26.2,33.0,definitivo
2022,I,Agroalimentario,13,Pesca,1311,Pesca,131117,Conservas de moluscos y crustáceos,1311174,Pulpo en conserva,3.63,"Marruecos, Ecuador, Francia",21.3,"Marruecos, Ecuador, Francia",21.3,"Chile, Vietnam, Países Bajos",13.5,"Portugal, No determinado UE, Indonesia",25.0,26.2,55.8,definitivo
2022,I,Agroalimentario,13,Pesca,1311,Pesca,131117,Conservas de moluscos y crustáceos,1311175,Sepia y calamar en conserva,6.36,"Marruecos, Ecuador, Francia",21.3,"Marruecos, Ecuador, Francia",21.3,"Chile, Vietnam, Países Bajos",13.5,"Perú, Portugal, Tailandia",-22.2,26.2,11.0,definitivo
2022,I,Agroalimentario,13,Pesca,1311,Pesca,131117,Conservas de moluscos y crustáceos,1311176,Otras conservas de moluscos y crustáceos,51.91,"Marruecos, Ecuador, Francia",21.3,"Marruecos, Ecuador, Francia",21.3,"Chile, Vietnam, Países Bajos",13.5,"Países Bajos, Honduras, Chile",23.6,26.2,41.6,definitivo
2022,I,Agroalimentario,14,Cereales y productos de molinera,1411,Cereales,141111,Trigo,NA,NA,1735.83,"Ucrania, Brasil, Francia",82.1,"Ucrania, Brasil, Francia",82.1,"Francia, Ucrania, Letonia",69.6,"Francia, Ucrania, Letonia",69.6,64.6,NA,definitivo
2022,I,Agroalimentario,14,Cereales y productos de molinera,1411,Cereales,141112,Cebada,NA,NA,436.17,"Ucrania, Brasil, Francia",82.1,"Ucrania, Brasil, Francia",82.1,"Ucrania, Francia, Reino Unido",234.3,"Ucrania, Francia, Reino Unido",234.3,44.1,NA,definitivo
2022,I,Agroalimentario,14,Cereales y productos de molinera,1411,Cereales,141113,Maíz,NA,NA,3494.95,"Ucrania, Brasil, Francia",82.1,"Ucrania, Brasil, Francia",82.1,"Brasil, Ucrania, Francia",89.3,"Brasil, Ucrania, Francia",89.3,27.7,NA,definitivo
2022,I,Agroalimentario,14,Cereales y productos de molinera,1411,Cereales,141114,Arroz,NA,NA,263.25,"Ucrania, Brasil, Francia",82.1,"Ucrania, Brasil, Francia",82.1,"Myanmar, Pakistán, Argentina",70.9,"Myanmar, Pakistán, Argentina",70.9,13.5,NA,definitivo
2022,I,Agroalimentario,14,Cereales y productos de molinera,1411,Cereales,141115,Otros cereales,NA,NA,298.37,"Ucrania, Brasil, Francia",82.1,"Ucrania, Brasil, Francia",82.1,"Francia, Estados Unidos, Polonia",47.4,"Francia, Estados Unidos, Polonia",47.4,59.0,NA,definitivo
2022,I,Agroalimentario,14,Cereales y productos de molinera,1411,Cereales,141116,Harina de trigo,NA,NA,87.32,"Ucrania, Brasil, Francia",82.1,"Ucrania, Brasil, Francia",82.1,"Francia, Suecia, Italia",95.9,"Francia, Suecia, Italia",95.9,98.7,NA,definitivo
2022,I,Agroalimentario,14,Cereales y productos de molinera,1411,Cereales,141117,Otras harinas,NA,NA,78.66,"Ucrania, Brasil, Francia",82.1,"Ucrania, Brasil, Francia",82.1,"Italia, Países Bajos, Francia",4.5,"Italia, Países Bajos, Francia",4.5,94.1,NA,definitivo
2022,I,Agroalimentario,14,Cereales y productos de molinera,1411,Cereales,141118,Malta,NA,NA,28.33,"Ucrania, Brasil, Francia",82.1,"Ucrania, Brasil, Francia",82.1,"Francia, Bélgica, Alemania",11.9,"Francia, Bélgica, Alemania",11.9,96.2,NA,definitivo
2022,I,Agroalimentario,14,Cereales y productos de molinera,1411,Cereales,141119,Almidón,NA,NA,84.92,"Ucrania, Brasil, Francia",82.1,"Ucrania, Brasil, Francia",82.1,"Bélgica, Países Bajos, Francia",50.6,"Bélgica, Países Bajos, Francia",50.6,83.4,NA,definitivo
2022,I,Agroalimentario,14,Cereales y productos de molinera,1411,Cereales,141120,Grañones y sémola de trigo,NA,NA,6.65,"Ucrania, Brasil, Francia",82.1,"Ucrania, Brasil, Francia",82.1,"Italia, Portugal, Egipto",105.1,"Italia, Portugal, Egipto",105.1,80.8,NA,definitivo
2022,I,Agroalimentario,14,Cereales y productos de molinera,1411,Cereales,141121,Otros productos de cereales,NA,NA,105.74,"Ucrania, Brasil, Francia",82.1,"Ucrania, Brasil, Francia",82.1,"Francia, Alemania, Bélgica",44.5,"Francia, Alemania, Bélgica",44.5,93.0,NA,definitivo
2022,I,Agroalimentario,15,Industrias alimentarias y piensos,1511,Industrias alimentarias,151111,Residuos de productos alimentarios,NA,NA,2232.54,"Argentina, Brasil, Francia",26.3,"Argentina, Brasil, Francia",26.3,"Argentina, Brasil, Francia",34.1,"Argentina, Brasil, Francia",34.1,20.6,NA,definitivo
2022,I,Agroalimentario,15,Industrias alimentarias y piensos,1511,Industrias alimentarias,151112,Piensos,NA,NA,928.64,"Argentina, Brasil, Francia",26.3,"Argentina, Brasil, Francia",26.3,"Francia, Países Bajos, Alemania",10.8,"Francia, Países Bajos, Alemania",10.8,87.6,NA,definitivo
2022,I,Agroalimentario,16,Flores y plantas,1611,Flores y plantas,161111,Flores y plantas,NA,NA,352.77,"Países Bajos, Colombia, Ecuador",17.2,"Países Bajos, Colombia, Ecuador",17.2,"Países Bajos, Colombia, Ecuador",17.2,"Países Bajos, Colombia, Ecuador",17.2,64.8,NA,definitivo
2022,I,Agroalimentario,17,Hortalizas y legumbres,1711,Hortalizas y legumbres,171111,Tomate,NA,NA,201.31,"Marruecos, Francia, Países Bajos",30.7,"Marruecos, Francia, Países Bajos",30.7,"Marruecos, Portugal, Países Bajos",28.3,"Marruecos, Portugal, Países Bajos",28.3,48.1,NA,definitivo
2022,I,Agroalimentario,17,Hortalizas y legumbres,1711,Hortalizas y legumbres,171112,Pimiento,NA,NA,104.35,"Marruecos, Francia, Países Bajos",30.7,"Marruecos, Francia, Países Bajos",30.7,"Marruecos, Países Bajos, Portugal",48.8,"Marruecos, Países Bajos, Portugal",48.8,9.8,NA,definitivo
2022,I,Agroalimentario,17,Hortalizas y legumbres,1711,Hortalizas y legumbres,171113,Pepino,NA,NA,16.16,"Marruecos, Francia, Países Bajos",30.7,"Marruecos, Francia, Países Bajos",30.7,"Marruecos, Alemania, Países Bajos",154.0,"Marruecos, Alemania, Países Bajos",154.0,29.7,NA,definitivo
2022,I,Agroalimentario,17,Hortalizas y legumbres,1711,Hortalizas y legumbres,171114,Lechuga,NA,NA,46.43,"Marruecos, Francia, Países Bajos",30.7,"Marruecos, Francia, Países Bajos",30.7,"Francia, Países Bajos, Italia",25.4,"Francia, Países Bajos, Italia",25.4,99.9,NA,definitivo
2022,I,Agroalimentario,17,Hortalizas y legumbres,1711,Hortalizas y legumbres,171115,Patata,NA,NA,367.11,"Marruecos, Francia, Países Bajos",30.7,"Marruecos, Francia, Países Bajos",30.7,"Francia, Países Bajos, Reino Unido",54.0,"Francia, Países Bajos, Reino Unido",54.0,84.8,NA,definitivo
2022,I,Agroalimentario,17,Hortalizas y legumbres,1711,Hortalizas y legumbres,171116,Cebolla,NA,NA,53.05,"Marruecos, Francia, Países Bajos",30.7,"Marruecos, Francia, Países Bajos",30.7,"Perú, Países Bajos, Chile",-4.5,"Perú, Países Bajos, Chile",-4.5,31.5,NA,definitivo
2022,I,Agroalimentario,17,Hortalizas y legumbres,1711,Hortalizas y legumbres,171117,Ajos,NA,NA,9.95,"Marruecos, Francia, Países Bajos",30.7,"Marruecos, Francia, Países Bajos",30.7,"China, Argentina, Francia",-35.4,"China, Argentina, Francia",-35.4,44.4,NA,definitivo
2022,I,Agroalimentario,17,Hortalizas y legumbres,1711,Hortalizas y legumbres,171118,Zanahoria,NA,NA,6.90,"Marruecos, Francia, Países Bajos",30.7,"Marruecos, Francia, Países Bajos",30.7,"Francia, Países Bajos, Portugal",5.2,"Francia, Países Bajos, Portugal",5.2,94.1,NA,definitivo
2022,I,Agroalimentario,17,Hortalizas y legumbres,1711,Hortalizas y legumbres,171119,Las demás hortalizas frescas,NA,NA,366.54,"Marruecos, Francia, Países Bajos",30.7,"Marruecos, Francia, Países Bajos",30.7,"Marruecos, Perú, Portugal",14.8,"Marruecos, Perú, Portugal",14.8,33.7,NA,definitivo
2022,I,Agroalimentario,17,Hortalizas y legumbres,1711,Hortalizas y legumbres,171120,Hortalizas congeladas,NA,NA,225.47,"Marruecos, Francia, Países Bajos",30.7,"Marruecos, Francia, Países Bajos",30.7,"Francia, Países Bajos, Bélgica",41.5,"Francia, Países Bajos, Bélgica",41.5,75.6,NA,definitivo
2022,I,Agroalimentario,17,Hortalizas y legumbres,1711,Hortalizas y legumbres,171121,Hortalizas conservadas o secas,NA,NA,110.83,"Marruecos, Francia, Países Bajos",30.7,"Marruecos, Francia, Países Bajos",30.7,"China, India, Marruecos",25.8,"China, India, Marruecos",25.8,39.0,NA,definitivo
2022,I,Agroalimentario,17,Hortalizas y legumbres,1711,Hortalizas y legumbres,171122,Legumbres,NA,NA,213.36,"Marruecos, Francia, Países Bajos",30.7,"Marruecos, Francia, Países Bajos",30.7,"Argentina, Estados Unidos, Canadá",29.6,"Argentina, Estados Unidos, Canadá",29.6,17.3,NA,definitivo
2022,I,Agroalimentario,18,Frutas,1811,Frutas,181111,Cítricos,NA,NA,206.70,"Estados Unidos, Marruecos, Perú",12.5,"Estados Unidos, Marruecos, Perú",12.5,"Sudáfrica, Argentina, Portugal",-4.5,"Sudáfrica, Argentina, Portugal",-4.5,26.5,NA,definitivo
2022,I,Agroalimentario,18,Frutas,1811,Frutas,181111,Cítricos,1811111,Naranjas,92.91,"Estados Unidos, Marruecos, Perú",12.5,"Estados Unidos, Marruecos, Perú",12.5,"Sudáfrica, Argentina, Portugal",-4.5,"Sudáfrica, Portugal, Países Bajos",-23.5,26.5,33.6,definitivo
2022,I,Agroalimentario,18,Frutas,1811,Frutas,181111,Cítricos,1811112,Mandarinas y clementinas,28.83,"Estados Unidos, Marruecos, Perú",12.5,"Estados Unidos, Marruecos, Perú",12.5,"Sudáfrica, Argentina, Portugal",-4.5,"Portugal, Sudáfrica, Marruecos",-37.1,26.5,42.3,definitivo
2022,I,Agroalimentario,18,Frutas,1811,Frutas,181111,Cítricos,1811113,Limones y limas,79.89,"Estados Unidos, Marruecos, Perú",12.5,"Estados Unidos, Marruecos, Perú",12.5,"Sudáfrica, Argentina, Portugal",-4.5,"Argentina, Sudáfrica, Brasil",92.5,26.5,11.4,definitivo
2022,I,Agroalimentario,18,Frutas,1811,Frutas,181111,Cítricos,1811114,Otros cítricos,5.07,"Estados Unidos, Marruecos, Perú",12.5,"Estados Unidos, Marruecos, Perú",12.5,"Sudáfrica, Argentina, Portugal",-4.5,"Sudáfrica, Países Bajos, Portugal",-34.9,26.5,43.4,definitivo
2022,I,Agroalimentario,18,Frutas,1811,Frutas,181112,Melones y sandías,NA,NA,163.63,"Estados Unidos, Marruecos, Perú",12.5,"Estados Unidos, Marruecos, Perú",12.5,"Marruecos, Brasil, Senegal",22.5,"Marruecos, Brasil, Senegal",22.5,4.1,NA,definitivo
2022,I,Agroalimentario,18,Frutas,1811,Frutas,181112,Melones y sandías,1811121,Melones,65.74,"Estados Unidos, Marruecos, Perú",12.5,"Estados Unidos, Marruecos, Perú",12.5,"Marruecos, Brasil, Senegal",22.5,"Brasil, Marruecos, Senegal",-5.2,4.1,4.3,definitivo
2022,I,Agroalimentario,18,Frutas,1811,Frutas,181112,Melones y sandías,1811122,Sandías,97.89,"Estados Unidos, Marruecos, Perú",12.5,"Estados Unidos, Marruecos, Perú",12.5,"Marruecos, Brasil, Senegal",22.5,"Marruecos, Senegal, Mauritania",52.4,4.1,3.9,definitivo
2022,I,Agroalimentario,18,Frutas,1811,Frutas,181113,Melocotón y nectarina,NA,NA,18.67,"Estados Unidos, Marruecos, Perú",12.5,"Estados Unidos, Marruecos, Perú",12.5,"Italia, Grecia, Portugal",184.0,"Italia, Grecia, Portugal",184.0,85.1,NA,definitivo
2022,I,Agroalimentario,18,Frutas,1811,Frutas,181114,Fresas,NA,NA,29.11,"Estados Unidos, Marruecos, Perú",12.5,"Estados Unidos, Marruecos, Perú",12.5,"Marruecos, Grecia, Portugal",-12.6,"Marruecos, Grecia, Portugal",-12.6,44.7,NA,definitivo
2022,I,Agroalimentario,18,Frutas,1811,Frutas,181115,Los demás frutos rojos,NA,NA,474.58,"Estados Unidos, Marruecos, Perú",12.5,"Estados Unidos, Marruecos, Perú",12.5,"Marruecos, Portugal, Perú",24.1,"Marruecos, Portugal, Perú",24.1,13.4,NA,definitivo
2022,I,Agroalimentario,18,Frutas,1811,Frutas,181116,Caquis,NA,NA,1.30,"Estados Unidos, Marruecos, Perú",12.5,"Estados Unidos, Marruecos, Perú",12.5,"Perú, Estonia, Uruguay",27.2,"Perú, Estonia, Uruguay",27.2,14.5,NA,definitivo
2022,I,Agroalimentario,18,Frutas,1811,Frutas,181117,"Manzanas, peras y membrillos",NA,NA,223.69,"Estados Unidos, Marruecos, Perú",12.5,"Estados Unidos, Marruecos, Perú",12.5,"Italia, Francia, Portugal",-5.1,"Italia, Francia, Portugal",-5.1,90.3,NA,definitivo
2022,I,Agroalimentario,18,Frutas,1811,Frutas,181118,Plátano,NA,NA,291.59,"Estados Unidos, Marruecos, Perú",12.5,"Estados Unidos, Marruecos, Perú",12.5,"Costa Rica, Costa de Marfil, Colombia",24.1,"Costa Rica, Costa de Marfil, Colombia",24.1,5.9,NA,definitivo
2022,I,Agroalimentario,18,Frutas,1811,Frutas,181119,Almendras y avellanas,NA,NA,572.80,"Estados Unidos, Marruecos, Perú",12.5,"Estados Unidos, Marruecos, Perú",12.5,"Estados Unidos, Portugal, Australia",18.0,"Estados Unidos, Portugal, Australia",18.0,16.9,NA,definitivo
2022,I,Agroalimentario,18,Frutas,1811,Frutas,181119,Almendras y avellanas,1811191,Almendras,536.30,"Estados Unidos, Marruecos, Perú",12.5,"Estados Unidos, Marruecos, Perú",12.5,"Estados Unidos, Portugal, Australia",18.0,"Estados Unidos, Portugal, Australia",19.4,16.9,16.5,definitivo
2022,I,Agroalimentario,18,Frutas,1811,Frutas,181119,Almendras y avellanas,1811192,Avellanas,36.50,"Estados Unidos, Marruecos, Perú",12.5,"Estados Unidos, Marruecos, Perú",12.5,"Estados Unidos, Portugal, Australia",18.0,"Turquía, Georgia, Azerbaiján",0.8,16.9,22.9,definitivo
2022,I,Agroalimentario,18,Frutas,1811,Frutas,181120,Uva,NA,NA,156.08,"Estados Unidos, Marruecos, Perú",12.5,"Estados Unidos, Marruecos, Perú",12.5,"Italia, Perú, Chile",18.9,"Italia, Perú, Chile",18.9,41.5,NA,definitivo
2022,I,Agroalimentario,18,Frutas,1811,Frutas,181121,Las demás frutas frescas y desecadas,NA,NA,1598.30,"Estados Unidos, Marruecos, Perú",12.5,"Estados Unidos, Marruecos, Perú",12.5,"Perú, Estados Unidos, Costa Rica",7.7,"Perú, Estados Unidos, Costa Rica",7.7,20.2,NA,definitivo
2022,I,Agroalimentario,18,Frutas,1811,Frutas,181122,Frutas congeladas,NA,NA,92.48,"Estados Unidos, Marruecos, Perú",12.5,"Estados Unidos, Marruecos, Perú",12.5,"Marruecos, Bélgica, Portugal",47.7,"Marruecos, Bélgica, Portugal",47.7,48.0,NA,definitivo
2022,I,Agroalimentario,18,Frutas,1811,Frutas,181123,Frutas conservadas provisionalmente y cortezas,NA,NA,11.81,"Estados Unidos, Marruecos, Perú",12.5,"Estados Unidos, Marruecos, Perú",12.5,"Argentina, Perú, Portugal",40.4,"Argentina, Perú, Portugal",40.4,26.2,NA,definitivo
2022,I,Agroalimentario,19,Conservas vegetales,1911,Conservas vegetales,191111,Tomate,NA,NA,89.39,"Bélgica, Francia, Portugal",23.0,"Bélgica, Francia, Portugal",23.0,"Portugal, Italia, China",52.7,"Portugal, Italia, China",52.7,71.7,NA,definitivo
2022,I,Agroalimentario,19,Conservas vegetales,1911,Conservas vegetales,191112,Aceituna,NA,NA,15.20,"Bélgica, Francia, Portugal",23.0,"Bélgica, Francia, Portugal",23.0,"Portugal, Egipto, Marruecos",-7.7,"Portugal, Egipto, Marruecos",-7.7,66.2,NA,definitivo
2022,I,Agroalimentario,19,Conservas vegetales,1911,Conservas vegetales,191113,Espárragos,NA,NA,98.91,"Bélgica, Francia, Portugal",23.0,"Bélgica, Francia, Portugal",23.0,"China, Perú, Namibia",16.0,"China, Perú, Namibia",16.0,0.8,NA,definitivo
2022,I,Agroalimentario,19,Conservas vegetales,1911,Conservas vegetales,191114,Las demás hortalizas,NA,NA,596.04,"Bélgica, Francia, Portugal",23.0,"Bélgica, Francia, Portugal",23.0,"Bélgica, Francia, Perú",27.7,"Bélgica, Francia, Perú",27.7,71.7,NA,definitivo
2022,I,Agroalimentario,19,Conservas vegetales,1911,Conservas vegetales,191115,Zumos,NA,NA,307.09,"Bélgica, Francia, Portugal",23.0,"Bélgica, Francia, Portugal",23.0,"Países Bajos, Irlanda, Brasil",36.2,"Países Bajos, Irlanda, Brasil",36.2,58.8,NA,definitivo
2022,I,Agroalimentario,19,Conservas vegetales,1911,Conservas vegetales,191116,Confituras y mermeladas,NA,NA,86.74,"Bélgica, Francia, Portugal",23.0,"Bélgica, Francia, Portugal",23.0,"Francia, Italia, Turquía",26.0,"Francia, Italia, Turquía",26.0,77.3,NA,definitivo
2022,I,Agroalimentario,19,Conservas vegetales,1911,Conservas vegetales,191117,Las demás frutas,NA,NA,301.68,"Bélgica, Francia, Portugal",23.0,"Bélgica, Francia, Portugal",23.0,"Alemania, Indonesia, Turquía",2.7,"Alemania, Indonesia, Turquía",2.7,49.2,NA,definitivo
2022,I,Agroalimentario,20,Vinos y bebidas,2011,Vinos y bebidas,201111,Agua,NA,NA,37.66,"Francia, Reino Unido, Italia",27.6,"Francia, Reino Unido, Italia",27.6,"Francia, Italia, Alemania",35.1,"Francia, Italia, Alemania",35.1,93.4,NA,definitivo
2022,I,Agroalimentario,20,Vinos y bebidas,2011,Vinos y bebidas,201112,Bebidas refrescantes,NA,NA,261.01,"Francia, Reino Unido, Italia",27.6,"Francia, Reino Unido, Italia",27.6,"Austria, Portugal, Alemania",7.1,"Austria, Portugal, Alemania",7.1,92.9,NA,definitivo
2022,I,Agroalimentario,20,Vinos y bebidas,2011,Vinos y bebidas,201113,Cerveza,NA,NA,362.74,"Francia, Reino Unido, Italia",27.6,"Francia, Reino Unido, Italia",27.6,"Bélgica, Francia, Portugal",11.8,"Bélgica, Francia, Portugal",11.8,85.0,NA,definitivo
2022,I,Agroalimentario,20,Vinos y bebidas,2011,Vinos y bebidas,201114,Mosto,NA,NA,13.71,"Francia, Reino Unido, Italia",27.6,"Francia, Reino Unido, Italia",27.6,"Italia, Chile, Alemania",131.3,"Italia, Chile, Alemania",131.3,74.6,NA,definitivo
2022,I,Agroalimentario,20,Vinos y bebidas,2011,Vinos y bebidas,201115,Vino,NA,NA,285.15,"Francia, Reino Unido, Italia",27.6,"Francia, Reino Unido, Italia",27.6,"Francia, Italia, Portugal",13.9,"Francia, Italia, Portugal",13.9,88.0,NA,definitivo
2022,I,Agroalimentario,20,Vinos y bebidas,2011,Vinos y bebidas,201116,Vermut y vino aromátizado,NA,NA,51.71,"Francia, Reino Unido, Italia",27.6,"Francia, Reino Unido, Italia",27.6,"Italia, Alemania, Francia",-6.3,"Italia, Alemania, Francia",-6.3,99.1,NA,definitivo
2022,I,Agroalimentario,20,Vinos y bebidas,2011,Vinos y bebidas,201117,Otras bebidas fermentadas,NA,NA,27.18,"Francia, Reino Unido, Italia",27.6,"Francia, Reino Unido, Italia",27.6,"Suecia, Francia, Irlanda",12.2,"Suecia, Francia, Irlanda",12.2,78.7,NA,definitivo
2022,I,Agroalimentario,20,Vinos y bebidas,2011,Vinos y bebidas,201118,Bebidas espirituosas,NA,NA,1024.68,"Francia, Reino Unido, Italia",27.6,"Francia, Reino Unido, Italia",27.6,"Reino Unido, Estados Unidos, Países Bajos",43.7,"Reino Unido, Estados Unidos, Países Bajos",43.7,34.5,NA,definitivo
2022,I,Agroalimentario,20,Vinos y bebidas,2011,Vinos y bebidas,201119,Alcohol,NA,NA,177.26,"Francia, Reino Unido, Italia",27.6,"Francia, Reino Unido, Italia",27.6,"Pakistán, Francia, Bélgica",62.6,"Pakistán, Francia, Bélgica",62.6,44.2,NA,definitivo
2022,I,Agroalimentario,20,Vinos y bebidas,2011,Vinos y bebidas,201120,Vinagre y sucedáneos,NA,NA,19.01,"Francia, Reino Unido, Italia",27.6,"Francia, Reino Unido, Italia",27.6,"Italia, Francia, Países Bajos",6.1,"Italia, Francia, Países Bajos",6.1,90.1,NA,definitivo
2022,I,Agroalimentario,21,Tabaco,2111,Tabaco,211111,Tabaco,NA,NA,1729.26,"Polonia, Alemania, Portugal",12.3,"Polonia, Alemania, Portugal",12.3,"Polonia, Alemania, Portugal",12.3,"Polonia, Alemania, Portugal",12.3,94.2,NA,definitivo
2022,I,Agroalimentario,22,Grasas y aceites,2211,Grasas y aceites,221111,Aceite de soja,NA,NA,276.49,"Indonesia, China, Portugal",44.4,"Indonesia, China, Portugal",44.4,"Argentina, Portugal, Países Bajos",36.0,"Argentina, Portugal, Países Bajos",36.0,47.3,NA,definitivo
2022,I,Agroalimentario,22,Grasas y aceites,2211,Grasas y aceites,221112,Aceite de oliva,NA,NA,832.51,"Indonesia, China, Portugal",44.4,"Indonesia, China, Portugal",44.4,"Portugal, Túnez, Italia",52.6,"Portugal, Túnez, Italia",52.6,62.9,NA,definitivo
2022,I,Agroalimentario,22,Grasas y aceites,2211,Grasas y aceites,221112,Aceite de oliva,2211121,Aceite de oliva virgen extra,462.04,"Indonesia, China, Portugal",44.4,"Indonesia, China, Portugal",44.4,"Portugal, Túnez, Italia",52.6,"Portugal, Túnez, Grecia",63.4,62.9,63.7,definitivo
2022,I,Agroalimentario,22,Grasas y aceites,2211,Grasas y aceites,221112,Aceite de oliva,2211122,Aceite de oliva virgen y lampante,170.36,"Indonesia, China, Portugal",44.4,"Indonesia, China, Portugal",44.4,"Portugal, Túnez, Italia",52.6,"Túnez, Portugal, Marruecos",-3.5,62.9,38.2,definitivo
2022,I,Agroalimentario,22,Grasas y aceites,2211,Grasas y aceites,221112,Aceite de oliva,2211123,Aceite de oliva refinado y mezclas,92.27,"Indonesia, China, Portugal",44.4,"Indonesia, China, Portugal",44.4,"Portugal, Túnez, Italia",52.6,"Portugal, Italia, Turquía",378.4,62.9,92.4,definitivo
2022,I,Agroalimentario,22,Grasas y aceites,2211,Grasas y aceites,221112,Aceite de oliva,2211124,Aceite de orujo y otros aceites de aceituna,107.84,"Indonesia, China, Portugal",44.4,"Indonesia, China, Portugal",44.4,"Portugal, Túnez, Italia",52.6,"Portugal, Marruecos, Italia",60.9,62.9,73.0,definitivo
2022,I,Agroalimentario,22,Grasas y aceites,2211,Grasas y aceites,221113,Aceite de girasol,NA,NA,1235.32,"Indonesia, China, Portugal",44.4,"Indonesia, China, Portugal",44.4,"Ucrania, Bulgaria, Países Bajos",80.3,"Ucrania, Bulgaria, Países Bajos",80.3,59.5,NA,definitivo
2022,I,Agroalimentario,22,Grasas y aceites,2211,Grasas y aceites,221114,Margarina,NA,NA,138.93,"Indonesia, China, Portugal",44.4,"Indonesia, China, Portugal",44.4,"Bélgica, Portugal, Italia",33.8,"Bélgica, Portugal, Italia",33.8,89.7,NA,definitivo
2022,I,Agroalimentario,22,Grasas y aceites,2211,Grasas y aceites,221115,Las demás grasas y aceites animales,NA,NA,230.30,"Indonesia, China, Portugal",44.4,"Indonesia, China, Portugal",44.4,"Francia, Italia, Noruega",-1.0,"Francia, Italia, Noruega",-1.0,76.5,NA,definitivo
2022,I,Agroalimentario,22,Grasas y aceites,2211,Grasas y aceites,221116,Las demás grasas y aceites vegetales,NA,NA,1984.48,"Indonesia, China, Portugal",44.4,"Indonesia, China, Portugal",44.4,"Indonesia, Guatemala, Malasia",15.4,"Indonesia, Guatemala, Malasia",15.4,22.4,NA,definitivo
2022,I,Agroalimentario,22,Grasas y aceites,2211,Grasas y aceites,221117,Residuos,NA,NA,1436.54,"Indonesia, China, Portugal",44.4,"Indonesia, China, Portugal",44.4,"China, Indonesia, Malasia",89.9,"China, Indonesia, Malasia",89.9,18.1,NA,definitivo
2022,I,Agroalimentario,23,"Semillas, oleaginosas, mandioca y forraje",2311,"Semillas, oleaginosas, mandioca y forraje",231111,Soja,NA,NA,1939.18,"Brasil, Estados Unidos, Francia",22.2,"Brasil, Estados Unidos, Francia",22.2,"Brasil, Estados Unidos, Canadá",13.2,"Brasil, Estados Unidos, Canadá",13.2,1.7,NA,definitivo
2022,I,Agroalimentario,23,"Semillas, oleaginosas, mandioca y forraje",2311,"Semillas, oleaginosas, mandioca y forraje",231112,Girasol,NA,NA,465.17,"Brasil, Estados Unidos, Francia",22.2,"Brasil, Estados Unidos, Francia",22.2,"Francia, Rumanía, Bulgaria",86.0,"Francia, Rumanía, Bulgaria",86.0,69.9,NA,definitivo
2022,I,Agroalimentario,23,"Semillas, oleaginosas, mandioca y forraje",2311,"Semillas, oleaginosas, mandioca y forraje",231113,Otros productos del capítulo 12,NA,NA,1021.29,"Brasil, Estados Unidos, Francia",22.2,"Brasil, Estados Unidos, Francia",22.2,"Países Bajos, Francia, Marruecos",21.6,"Países Bajos, Francia, Marruecos",21.6,56.7,NA,definitivo
2022,I,Agroalimentario,23,"Semillas, oleaginosas, mandioca y forraje",2311,"Semillas, oleaginosas, mandioca y forraje",231114,Forrajes,NA,NA,16.88,"Brasil, Estados Unidos, Francia",22.2,"Brasil, Estados Unidos, Francia",22.2,"Francia, Portugal, Rumanía",90.3,"Francia, Portugal, Rumanía",90.3,88.0,NA,definitivo
2022,I,Agroalimentario,23,"Semillas, oleaginosas, mandioca y forraje",2311,"Semillas, oleaginosas, mandioca y forraje",231115,Mandioca,NA,NA,33.25,"Brasil, Estados Unidos, Francia",22.2,"Brasil, Estados Unidos, Francia",22.2,"Costa Rica, Bélgica, Países Bajos",2.5,"Costa Rica, Bélgica, Países Bajos",2.5,33.0,NA,definitivo
2022,I,Agroalimentario,24,"Café, té, cacao y azúcar",2411,"Café, té, cacao y azúcar",241111,Café,NA,NA,1374.79,"Francia, Brasil, Vietnam",33.3,"Francia, Brasil, Vietnam",33.3,"Brasil, Vietnam, Francia",47.6,"Brasil, Vietnam, Francia",47.6,33.0,NA,definitivo
2022,I,Agroalimentario,24,"Café, té, cacao y azúcar",2411,"Café, té, cacao y azúcar",241112,Extractos de café,NA,NA,104.40,"Francia, Brasil, Vietnam",33.3,"Francia, Brasil, Vietnam",33.3,"Alemania, Vietnam, Francia",18.8,"Alemania, Vietnam, Francia",18.8,65.3,NA,definitivo
2022,I,Agroalimentario,24,"Café, té, cacao y azúcar",2411,"Café, té, cacao y azúcar",241113,Sucedáneos de café,NA,NA,6.98,"Francia, Brasil, Vietnam",33.3,"Francia, Brasil, Vietnam",33.3,"Polonia, Portugal, Francia",20.9,"Polonia, Portugal, Francia",20.9,98.4,NA,definitivo
2022,I,Agroalimentario,24,"Café, té, cacao y azúcar",2411,"Café, té, cacao y azúcar",241114,Té,NA,NA,76.78,"Francia, Brasil, Vietnam",33.3,"Francia, Brasil, Vietnam",33.3,"Países Bajos, Alemania, China",4.4,"Países Bajos, Alemania, China",4.4,58.6,NA,definitivo
2022,I,Agroalimentario,24,"Café, té, cacao y azúcar",2411,"Café, té, cacao y azúcar",241115,Cacao,NA,NA,501.21,"Francia, Brasil, Vietnam",33.3,"Francia, Brasil, Vietnam",33.3,"Costa de Marfil, Ghana, Países Bajos",0.3,"Costa de Marfil, Ghana, Países Bajos",0.3,21.1,NA,definitivo
2022,I,Agroalimentario,24,"Café, té, cacao y azúcar",2411,"Café, té, cacao y azúcar",241116,Azúcar,NA,NA,998.97,"Francia, Brasil, Vietnam",33.3,"Francia, Brasil, Vietnam",33.3,"Francia, Brasil, Portugal",42.0,"Francia, Brasil, Portugal",42.0,68.1,NA,definitivo
2022,I,Agroalimentario,24,"Café, té, cacao y azúcar",2411,"Café, té, cacao y azúcar",241117,Melazas,NA,NA,47.94,"Francia, Brasil, Vietnam",33.3,"Francia, Brasil, Vietnam",33.3,"India, Bielorusia, Rusia",46.6,"India, Bielorusia, Rusia",46.6,2.0,NA,definitivo
2022,I,Agroalimentario,25,Industrias agroalimentarias,2511,Industrias agroalimentarias,251111,Miel,NA,NA,89.79,"Alemania, Francia, Italia",19.1,"Alemania, Francia, Italia",19.1,"Portugal, China, Argentina",27.0,"Portugal, China, Argentina",27.0,53.9,NA,definitivo
2022,I,Agroalimentario,25,Industrias agroalimentarias,2511,Industrias agroalimentarias,251112,Extractos y jugos de origen animal,NA,NA,12.92,"Alemania, Francia, Italia",19.1,"Alemania, Francia, Italia",19.1,"China, Brasil, Hungría",11.6,"China, Brasil, Hungría",11.6,35.3,NA,definitivo
2022,I,Agroalimentario,25,Industrias agroalimentarias,2511,Industrias agroalimentarias,251113,Levaduras,NA,NA,73.24,"Alemania, Francia, Italia",19.1,"Alemania, Francia, Italia",19.1,"Francia, Bélgica, Italia",28.2,"Francia, Bélgica, Italia",28.2,83.9,NA,definitivo
2022,I,Agroalimentario,25,Industrias agroalimentarias,2511,Industrias agroalimentarias,251114,Otras preparaciones alimenticias,NA,NA,1030.12,"Alemania, Francia, Italia",19.1,"Alemania, Francia, Italia",19.1,"Países Bajos, Francia, Alemania",10.8,"Países Bajos, Francia, Alemania",10.8,87.0,NA,definitivo
2022,I,Agroalimentario,25,Industrias agroalimentarias,2511,Industrias agroalimentarias,251115,Especias,NA,NA,308.37,"Alemania, Francia, Italia",19.1,"Alemania, Francia, Italia",19.1,"China, Irán, Perú",21.5,"China, Irán, Perú",21.5,11.3,NA,definitivo
2022,I,Agroalimentario,25,Industrias agroalimentarias,2511,Industrias agroalimentarias,251116,"Gomas, resinas y extractos vegetales",NA,NA,324.92,"Alemania, Francia, Italia",19.1,"Alemania, Francia, Italia",19.1,"China, Alemania, Francia",34.2,"China, Alemania, Francia",34.2,38.7,NA,definitivo
2022,I,Agroalimentario,25,Industrias agroalimentarias,2511,Industrias agroalimentarias,251117,Artículos sin cacao de confitería,NA,NA,169.19,"Alemania, Francia, Italia",19.1,"Alemania, Francia, Italia",19.1,"Alemania, Países Bajos, Francia",32.5,"Alemania, Países Bajos, Francia",32.5,87.0,NA,definitivo
2022,I,Agroalimentario,25,Industrias agroalimentarias,2511,Industrias agroalimentarias,251118,Chocolate y preparaciones con cacao,NA,NA,691.90,"Alemania, Francia, Italia",19.1,"Alemania, Francia, Italia",19.1,"Alemania, Italia, Francia",13.8,"Alemania, Italia, Francia",13.8,95.6,NA,definitivo
2022,I,Agroalimentario,25,Industrias agroalimentarias,2511,Industrias agroalimentarias,251119,Pastas alimenticias,NA,NA,283.45,"Alemania, Francia, Italia",19.1,"Alemania, Francia, Italia",19.1,"Italia, Francia, Polonia",29.6,"Italia, Francia, Polonia",29.6,87.3,NA,definitivo
2022,I,Agroalimentario,25,Industrias agroalimentarias,2511,Industrias agroalimentarias,251120,"Panadería, pastelería y galletería",NA,NA,950.19,"Alemania, Francia, Italia",19.1,"Alemania, Francia, Italia",19.1,"Alemania, Italia, Francia",23.1,"Alemania, Italia, Francia",23.1,96.2,NA,definitivo
2022,I,Agroalimentario,25,Industrias agroalimentarias,2511,Industrias agroalimentarias,251121,Otras preparaciones de harina y cereales,NA,NA,393.83,"Alemania, Francia, Italia",19.1,"Alemania, Francia, Italia",19.1,"Francia, Alemania, Portugal",11.6,"Francia, Alemania, Portugal",11.6,89.3,NA,definitivo
2022,I,Agroalimentario,25,Industrias agroalimentarias,2511,Industrias agroalimentarias,251122,Salsas y sopas,NA,NA,299.66,"Alemania, Francia, Italia",19.1,"Alemania, Francia, Italia",19.1,"Italia, Alemania, Países Bajos",25.1,"Italia, Alemania, Países Bajos",25.1,80.6,NA,definitivo
2022,I,Agroalimentario,25,Industrias agroalimentarias,2511,Industrias agroalimentarias,251123,Helados,NA,NA,199.88,"Alemania, Francia, Italia",19.1,"Alemania, Francia, Italia",19.1,"Francia, Alemania, Italia",19.0,"Francia, Alemania, Italia",19.0,97.4,NA,definitivo
2022,I,Agroalimentario,25,Industrias agroalimentarias,2511,Industrias agroalimentarias,251124,Batidos y postres lácteos,NA,NA,232.99,"Alemania, Francia, Italia",19.1,"Alemania, Francia, Italia",19.1,"Francia, Alemania, Países Bajos",18.0,"Francia, Alemania, Países Bajos",18.0,97.7,NA,definitivo
2022,I,Agroalimentario,AR,Otros productos agrícolas,AARR,Otros productos agrícolas,RESTO,Otros productos agrícolas sin rúbrica propia,NA,NA,398.11,"China, Francia, Portugal",21.6,"China, Francia, Portugal",21.6,"China, Francia, Portugal",21.6,"China, Francia, Portugal",21.6,48.5,NA,definitivo
2022,I,Industrial,2,PRODUCTOS ENERGÉTICOS,21,CARBÓN,210,CARBÓN,2100,CARBÓN,3003.62,"Estados Unidos, Nigeria, Argelia",94.6,"Colombia, Australia, Estados Unidos",226.2,"Colombia, Australia, Estados Unidos",226.2,"Colombia, Australia, Estados Unidos",226.2,7.3,7.3,definitivo
2022,I,Industrial,2,PRODUCTOS ENERGÉTICOS,22,PETRÓLEO Y DERIVADOS,220,PETRÓLEO Y DERIVADOS,2200,PETRÓLEO Y DERIVADOS,57874.06,"Estados Unidos, Nigeria, Argelia",94.6,"Nigeria, Estados Unidos, Arabia Saudí",72.2,"Nigeria, Estados Unidos, Arabia Saudí",72.2,"Nigeria, Estados Unidos, Arabia Saudí",72.2,11.2,11.2,definitivo
2022,I,Industrial,2,PRODUCTOS ENERGÉTICOS,23,GAS,230,GAS,2300,GAS,26162.11,"Estados Unidos, Nigeria, Argelia",94.6,"Estados Unidos, Argelia, Rusia",172.7,"Estados Unidos, Argelia, Rusia",172.7,"Estados Unidos, Argelia, Rusia",172.7,0.6,0.6,definitivo
2022,I,Industrial,2,PRODUCTOS ENERGÉTICOS,24,CORRIENTE ELÉCTRICA,240,CORRIENTE ELÉCTRICA,2400,CORRIENTE ELÉCTRICA,3386.41,"Estados Unidos, Nigeria, Argelia",94.6,"Francia, Portugal, Marruecos",43.7,"Francia, Portugal, Marruecos",43.7,"Francia, Portugal, Marruecos",43.7,98.0,98.0,definitivo
2022,I,Industrial,3,MATERIAS PRIMAS,31,MAT. PRIMAS ANIMALES Y VEGETALES,310,MAT. PRIMAS ANIMALES Y VEGETALES,3100,MAT. PRIMAS ANIMALES Y VEGETALES,4807.37,"Francia, Portugal, Estados Unidos",8.7,"Francia, Portugal, Países Bajos",27.8,"Francia, Portugal, Países Bajos",27.8,"Francia, Portugal, Países Bajos",27.8,59.6,59.6,definitivo
2022,I,Industrial,3,MATERIAS PRIMAS,32,MENAS Y MINERALES,320,MENAS Y MINERALES,3200,MENAS Y MINERALES,8986.51,"Francia, Portugal, Estados Unidos",8.7,"Francia, Portugal, Chile",0.6,"Francia, Portugal, Chile",0.6,"Francia, Portugal, Chile",0.6,33.7,33.7,definitivo
2022,I,Industrial,4,SEMIMANUFACTURAS,41,METALES NO FERROSOS,410,METALES NO FERROSOS,4100,METALES NO FERROSOS,8595.42,"Alemania, Francia, Estados Unidos",21.7,"Países Bajos, Alemania, R. D. del Congo",36.8,"Países Bajos, Alemania, R. D. del Congo",36.8,"Países Bajos, Alemania, R. D. del Congo",36.8,44.6,44.6,definitivo
2022,I,Industrial,4,SEMIMANUFACTURAS,42,HIERRO Y ACERO,420,HIERRO Y ACERO,4200,HIERRO Y ACERO,13551.41,"Alemania, Francia, Estados Unidos",21.7,"Francia, Alemania, Italia",28.7,"Francia, Alemania, Italia",28.7,"Francia, Alemania, Italia",28.7,55.8,55.8,definitivo
2022,I,Industrial,4,SEMIMANUFACTURAS,43,PRODUCTOS QUÍMICOS,431,PRODUCTOS QUÍMICOS ORGÁNICOS,4310,PRODUCTOS QUÍMICOS ORGÁNICOS,13800.66,"Alemania, Francia, Estados Unidos",21.7,"Alemania, Estados Unidos, Francia",18.4,"China, Alemania, Suiza",15.9,"China, Alemania, Suiza",15.9,36.8,36.8,definitivo
2022,I,Industrial,4,SEMIMANUFACTURAS,43,PRODUCTOS QUÍMICOS,432,PRODUCTOS QUÍMICOS INORGÁNICOS,4320,PRODUCTOS QUÍMICOS INORGÁNICOS,3653.26,"Alemania, Francia, Estados Unidos",21.7,"Alemania, Estados Unidos, Francia",18.4,"Reino Unido, China, Alemania",50.5,"Reino Unido, China, Alemania",50.5,33.1,33.1,definitivo
2022,I,Industrial,4,SEMIMANUFACTURAS,43,PRODUCTOS QUÍMICOS,433,MEDICAMENTOS,4330,MEDICAMENTOS,23691.72,"Alemania, Francia, Estados Unidos",21.7,"Alemania, Estados Unidos, Francia",18.4,"Estados Unidos, Alemania, Suiza",8.8,"Estados Unidos, Alemania, Suiza",8.8,48.4,48.4,definitivo
2022,I,Industrial,4,SEMIMANUFACTURAS,43,PRODUCTOS QUÍMICOS,434,PLÁSTICOS,4341,MATERIAS PRIMAS PLÁSTICAS,8312.22,"Alemania, Francia, Estados Unidos",21.7,"Alemania, Estados Unidos, Francia",18.4,"Alemania, Italia, Francia",24.7,"Alemania, Francia, Bélgica",22.5,68.7,67.5,definitivo
2022,I,Industrial,4,SEMIMANUFACTURAS,43,PRODUCTOS QUÍMICOS,434,PLÁSTICOS,4342,MANUFACTURAS PLÁSTICAS,8206.87,"Alemania, Francia, Estados Unidos",21.7,"Alemania, Estados Unidos, Francia",18.4,"Alemania, Italia, Francia",24.7,"Alemania, Italia, China",26.9,68.7,69.8,definitivo
2022,I,Industrial,4,SEMIMANUFACTURAS,43,PRODUCTOS QUÍMICOS,435,ABONOS,4350,ABONOS,1874.05,"Alemania, Francia, Estados Unidos",21.7,"Alemania, Estados Unidos, Francia",18.4,"Bélgica, Egipto, Portugal",44.3,"Bélgica, Egipto, Portugal",44.3,44.1,44.1,definitivo
2022,I,Industrial,4,SEMIMANUFACTURAS,43,PRODUCTOS QUÍMICOS,436,COLORANTES Y CURTIENTES,4360,COLORANTES Y CURTIENTES,2061.13,"Alemania, Francia, Estados Unidos",21.7,"Alemania, Estados Unidos, Francia",18.4,"Alemania, Italia, Francia",10.1,"Alemania, Italia, Francia",10.1,73.6,73.6,definitivo
2022,I,Industrial,4,SEMIMANUFACTURAS,43,PRODUCTOS QUÍMICOS,437,ACEITES ESENCIALES Y PERFUMADOS,4370,ACEITES ESENCIALES Y PERFUMADOS,5237.60,"Alemania, Francia, Estados Unidos",21.7,"Alemania, Estados Unidos, Francia",18.4,"Francia, Alemania, Italia",20.5,"Francia, Alemania, Italia",20.5,84.0,84.0,definitivo
2022,I,Industrial,4,SEMIMANUFACTURAS,43,PRODUCTOS QUÍMICOS,438,OTROS PRODUCTOS QUÍMICOS,4380,OTROS PRODUCTOS QUÍMICOS,8853.39,"Alemania, Francia, Estados Unidos",21.7,"Alemania, Estados Unidos, Francia",18.4,"Alemania, Países Bajos, Francia",26.0,"Alemania, Países Bajos, Francia",26.0,72.0,72.0,definitivo
2022,I,Industrial,4,SEMIMANUFACTURAS,44,OTRAS SEMIMANUFACTURAS,441,PAPEL,4410,PAPEL,5245.22,"Alemania, Francia, Estados Unidos",21.7,"Alemania, Francia, Italia",25.9,"Alemania, Francia, Italia",34.1,"Alemania, Francia, Italia",34.1,84.6,84.6,definitivo
2022,I,Industrial,4,SEMIMANUFACTURAS,44,OTRAS SEMIMANUFACTURAS,442,MATERIAL DE CONSTRUCCIÓN,4421,CAL Y CEMENTO,288.67,"Alemania, Francia, Estados Unidos",21.7,"Alemania, Francia, Italia",25.9,"Italia, China, Alemania",17.1,"Turquía, Italia, Portugal",27.5,56.9,48.4,definitivo
2022,I,Industrial,4,SEMIMANUFACTURAS,44,OTRAS SEMIMANUFACTURAS,442,MATERIAL DE CONSTRUCCIÓN,4422,OTROS MAT. DE CONSTRUCCIÓN,1148.76,"Alemania, Francia, Estados Unidos",21.7,"Alemania, Francia, Italia",25.9,"Italia, China, Alemania",17.1,"Italia, China, Alemania",17.2,56.9,64.8,definitivo
2022,I,Industrial,4,SEMIMANUFACTURAS,44,OTRAS SEMIMANUFACTURAS,442,MATERIAL DE CONSTRUCCIÓN,4423,VIDRIO,838.38,"Alemania, Francia, Estados Unidos",21.7,"Alemania, Francia, Italia",25.9,"Italia, China, Alemania",17.1,"China, Alemania, Francia",13.6,56.9,49.1,definitivo
2022,I,Industrial,4,SEMIMANUFACTURAS,44,OTRAS SEMIMANUFACTURAS,443,NEUMÁTICOS Y CÁMARAS,4430,NEUMÁTICOS Y CÁMARAS,2035.88,"Alemania, Francia, Estados Unidos",21.7,"Alemania, Francia, Italia",25.9,"China, Alemania, Polonia",20.3,"China, Alemania, Polonia",20.3,57.9,57.9,definitivo
2022,I,Industrial,4,SEMIMANUFACTURAS,44,OTRAS SEMIMANUFACTURAS,444,RESTO OTRAS SEMIMANUFACTURAS,4440,RESTO OTRAS SEMIMANUFACTURAS,3011.84,"Alemania, Francia, Estados Unidos",21.7,"Alemania, Francia, Italia",25.9,"Portugal, Alemania, Francia",23.7,"Portugal, Alemania, Francia",23.7,68.1,68.1,definitivo
2022,I,Industrial,5,BIENES DE EQUIPO,51,MAQ. ESPECIFICA CIERTAS INDUSTRIAS,511,MAQUINARIA AGRÍCOLA,5110,MAQUINARIA AGRÍCOLA,1396.48,"China, Alemania, Italia",25.5,"Alemania, China, Italia",16.8,"Alemania, Italia, Francia",14.9,"Alemania, Italia, Francia",14.9,80.4,80.4,definitivo
2022,I,Industrial,5,BIENES DE EQUIPO,51,MAQ. ESPECIFICA CIERTAS INDUSTRIAS,512,MAQUINARIA OBRAS PUBLICAS,5120,MAQUINARIA OBRAS PUBLICAS,1164.86,"China, Alemania, Italia",25.5,"Alemania, China, Italia",16.8,"Alemania, Francia, Italia",20.6,"Alemania, Francia, Italia",20.6,64.1,64.1,definitivo
2022,I,Industrial,5,BIENES DE EQUIPO,51,MAQ. ESPECIFICA CIERTAS INDUSTRIAS,513,MAQUINARIA TEXTIL,5130,MAQUINARIA TEXTIL,249.26,"China, Alemania, Italia",25.5,"Alemania, China, Italia",16.8,"Italia, China, Alemania",5.0,"Italia, China, Alemania",5.0,62.9,62.9,definitivo
2022,I,Industrial,5,BIENES DE EQUIPO,51,MAQ. ESPECIFICA CIERTAS INDUSTRIAS,514,MAQUINARIA PARA TRABAJAR METAL,5140,MAQUINARIA PARA TRABAJAR METAL,1070.21,"China, Alemania, Italia",25.5,"Alemania, China, Italia",16.8,"Alemania, Italia, China",26.2,"Alemania, Italia, China",26.2,62.6,62.6,definitivo
2022,I,Industrial,5,BIENES DE EQUIPO,51,MAQ. ESPECIFICA CIERTAS INDUSTRIAS,515,MAQ. PARA CIERTAS INDUSTRIAS,5150,MAQ. PARA CIERTAS INDUSTRIAS,2923.89,"China, Alemania, Italia",25.5,"Alemania, China, Italia",16.8,"Alemania, Italia, China",16.6,"Alemania, Italia, China",16.6,73.3,73.3,definitivo
2022,I,Industrial,5,BIENES DE EQUIPO,51,MAQ. ESPECIFICA CIERTAS INDUSTRIAS,516,MAQ. PARA USO GRAL INDUSTRIA,5160,MAQ. PARA USO GRAL INDUSTRIA,14781.83,"China, Alemania, Italia",25.5,"Alemania, China, Italia",16.8,"China, Alemania, Italia",16.3,"China, Alemania, Italia",16.3,63.0,63.0,definitivo
2022,I,Industrial,5,BIENES DE EQUIPO,52,EQUIPO OFICINA Y TELECOMUNIC.,521,EQUIPO DE OFICINA,5210,EQUIPO DE OFICINA,1185.93,"China, Alemania, Italia",25.5,"China, Países Bajos, Italia",26.0,"China, Alemania, Japón",11.8,"China, Alemania, Japón",11.8,30.8,30.8,definitivo
2022,I,Industrial,5,BIENES DE EQUIPO,52,EQUIPO OFICINA Y TELECOMUNIC.,522,MAQ. AUTOMATIZACION DATOS,5220,MAQ. AUTOMATIZACION DATOS,5734.90,"China, Alemania, Italia",25.5,"China, Países Bajos, Italia",26.0,"China, Países Bajos, Italia",5.5,"China, Países Bajos, Italia",5.5,48.4,48.4,definitivo
2022,I,Industrial,5,BIENES DE EQUIPO,52,EQUIPO OFICINA Y TELECOMUNIC.,523,EQUIPO TELECOMUNICACIÓN,5230,EQUIPO TELECOMUNICACIÓN,14260.33,"China, Alemania, Italia",25.5,"China, Países Bajos, Italia",26.0,"China, Italia, Países Bajos",38.3,"China, Italia, Países Bajos",38.3,34.3,34.3,definitivo
2022,I,Industrial,5,BIENES DE EQUIPO,53,MATERIAL TRANSPORTE,531,MATERIAL FERROVIARIO,5310,MATERIAL FERROVIARIO,1093.33,"China, Alemania, Italia",25.5,"Francia, Alemania, Estados Unidos",52.2,"Italia, Francia, Alemania",56.3,"Italia, Francia, Alemania",56.3,92.2,92.2,definitivo
2022,I,Industrial,5,BIENES DE EQUIPO,53,MATERIAL TRANSPORTE,532,VEHIC. TRANS. MERCANCÍAS CARR.,5320,VEHIC. TRANS. MERCANCÍAS CARR.,4493.71,"China, Alemania, Italia",25.5,"Francia, Alemania, Estados Unidos",52.2,"Alemania, Francia, Países Bajos",30.1,"Alemania, Francia, Países Bajos",30.1,76.2,76.2,definitivo
2022,I,Industrial,5,BIENES DE EQUIPO,53,MATERIAL TRANSPORTE,533,BUQUES,5330,BUQUES,584.86,"China, Alemania, Italia",25.5,"Francia, Alemania, Estados Unidos",52.2,"China, Italia, Francia",17.3,"China, Italia, Francia",17.3,45.9,45.9,definitivo
2022,I,Industrial,5,BIENES DE EQUIPO,53,MATERIAL TRANSPORTE,534,AERONAVES,5340,AERONAVES,4456.41,"China, Alemania, Italia",25.5,"Francia, Alemania, Estados Unidos",52.2,"Francia, Estados Unidos, Alemania",91.0,"Francia, Estados Unidos, Alemania",91.0,58.9,58.9,definitivo
2022,I,Industrial,5,BIENES DE EQUIPO,54,OTROS BIENES DE EQUIPO,541,EQUIPO GENERADOR DE FUERZA,5410,EQUIPO GENERADOR DE FUERZA,2861.18,"China, Alemania, Italia",25.5,"China, Alemania, Francia",24.3,"Estados Unidos, Reino Unido, Alemania",45.2,"Estados Unidos, Reino Unido, Alemania",45.2,16.3,16.3,definitivo
2022,I,Industrial,5,BIENES DE EQUIPO,54,OTROS BIENES DE EQUIPO,542,APARATOS ELÉCTRICOS,5421,MOTORES ELÉCTRICOS,1631.35,"China, Alemania, Italia",25.5,"China, Alemania, Francia",24.3,"China, Alemania, Marruecos",26.3,"China, Alemania, Italia",18.0,47.5,52.0,definitivo
2022,I,Industrial,5,BIENES DE EQUIPO,54,OTROS BIENES DE EQUIPO,542,APARATOS ELÉCTRICOS,5422,TRANSFORMADORES ELÉCTRICOS,2643.69,"China, Alemania, Italia",25.5,"China, Alemania, Francia",24.3,"China, Alemania, Marruecos",26.3,"China, Alemania, Italia",48.0,47.5,44.6,definitivo
2022,I,Industrial,5,BIENES DE EQUIPO,54,OTROS BIENES DE EQUIPO,542,APARATOS ELÉCTRICOS,5423,OTROS APARATOS ELÉCTRICOS,15135.36,"China, Alemania, Italia",25.5,"China, Alemania, Francia",24.3,"China, Alemania, Marruecos",26.3,"China, Alemania, Marruecos",24.1,47.5,47.5,definitivo
2022,I,Industrial,5,BIENES DE EQUIPO,54,OTROS BIENES DE EQUIPO,543,APARATOS DE PRECISIÓN,5430,APARATOS DE PRECISIÓN,6446.27,"China, Alemania, Italia",25.5,"China, Alemania, Francia",24.3,"Alemania, Estados Unidos, Países Bajos",14.9,"Alemania, Estados Unidos, Países Bajos",14.9,59.5,59.5,definitivo
2022,I,Industrial,5,BIENES DE EQUIPO,54,OTROS BIENES DE EQUIPO,544,RESTO BIENES DE EQUIPO,5440,RESTO BIENES DE EQUIPO,8530.64,"China, Alemania, Italia",25.5,"China, Alemania, Francia",24.3,"China, Alemania, Italia",21.6,"China, Alemania, Italia",21.6,59.2,59.2,definitivo
2022,I,Industrial,6,SECTOR AUTOMÓVIL,61,AUTOMÓVILES Y MOTOS,610,AUTOMÓVILES Y MOTOS,6100,AUTOMÓVILES Y MOTOS,18882.32,"Alemania, Francia, China",18.0,"Alemania, China, Francia",26.5,"Alemania, China, Francia",26.5,"Alemania, China, Francia",26.5,61.8,61.8,definitivo
2022,I,Industrial,6,SECTOR AUTOMÓVIL,62,COMPONENTES DEL AUTOMÓVIL,620,COMPONENTES DEL AUTOMÓVIL,6200,COMPONENTES DEL AUTOMÓVIL,20429.47,"Alemania, Francia, China",18.0,"Francia, Alemania, Italia",11.1,"Francia, Alemania, Italia",11.1,"Francia, Alemania, Italia",11.1,81.7,81.7,definitivo
2022,I,Industrial,7,BIENES DE CONSUMO DURADERO,71,ELECTRODOMÉSTICOS,710,ELECTRODOMÉSTICOS,7100,ELECTRODOMÉSTICOS,3497.69,"China, Polonia, Alemania",10.6,"China, Turquía, Alemania",5.0,"China, Turquía, Alemania",5.0,"China, Turquía, Alemania",5.0,36.6,36.6,definitivo
2022,I,Industrial,7,BIENES DE CONSUMO DURADERO,72,ELECTRÓNICA DE CONSUMO,720,ELECTRÓNICA DE CONSUMO,7200,ELECTRÓNICA DE CONSUMO,2167.86,"China, Polonia, Alemania",10.6,"China, Polonia, Hungría",5.7,"China, Polonia, Hungría",5.7,"China, Polonia, Hungría",5.7,63.7,63.7,definitivo
2022,I,Industrial,7,BIENES DE CONSUMO DURADERO,73,MUEBLES,730,MUEBLES,7300,MUEBLES,4097.33,"China, Polonia, Alemania",10.6,"China, Portugal, Italia",14.3,"China, Portugal, Italia",14.3,"China, Portugal, Italia",14.3,53.1,53.1,definitivo
2022,I,Industrial,7,BIENES DE CONSUMO DURADERO,74,OTROS BIENES CONSUMO DURADERO,740,OTROS BIENES CONSUMO DURADERO,7400,OTROS BIENES CONSUMO DURADERO,1241.39,"China, Polonia, Alemania",10.6,"China, Italia, Alemania",25.7,"China, Italia, Alemania",25.7,"China, Italia, Alemania",25.7,40.0,40.0,definitivo
2022,I,Industrial,8,MANUFACTURAS DE CONSUMO,81,TEXTILES Y CONFECCIÓN,811,FIBRAS TEXTILES,8110,FIBRAS TEXTILES,514.35,"China, Bangladesh, Turquía",25.3,"China, Bangladesh, Turquía",26.4,"Turquía, Austria, Alemania",9.6,"Turquía, Austria, Alemania",9.6,37.3,37.3,definitivo
2022,I,Industrial,8,MANUFACTURAS DE CONSUMO,81,TEXTILES Y CONFECCIÓN,812,HILADOS,8120,HILADOS,844.78,"China, Bangladesh, Turquía",25.3,"China, Bangladesh, Turquía",26.4,"China, Turquía, Italia",23.6,"China, Turquía, Italia",23.6,43.3,43.3,definitivo
2022,I,Industrial,8,MANUFACTURAS DE CONSUMO,81,TEXTILES Y CONFECCIÓN,813,TEJIDOS,8130,TEJIDOS,1756.84,"China, Bangladesh, Turquía",25.3,"China, Bangladesh, Turquía",26.4,"China, Italia, Turquía",24.3,"China, Italia, Turquía",24.3,35.2,35.2,definitivo
2022,I,Industrial,8,MANUFACTURAS DE CONSUMO,81,TEXTILES Y CONFECCIÓN,814,VESTUARIO,8141,ROPA DE PUNTO,3481.72,"China, Bangladesh, Turquía",25.3,"China, Bangladesh, Turquía",26.4,"China, Bangladesh, Turquía",30.4,"China, Bangladesh, Turquía",29.4,18.2,17.0,definitivo
2022,I,Industrial,8,MANUFACTURAS DE CONSUMO,81,TEXTILES Y CONFECCIÓN,814,VESTUARIO,8142,ROPA NO DE PUNTO,9334.47,"China, Bangladesh, Turquía",25.3,"China, Bangladesh, Turquía",26.4,"China, Bangladesh, Turquía",30.4,"Bangladesh, Turquía, Marruecos",36.2,18.2,15.2,definitivo
2022,I,Industrial,8,MANUFACTURAS DE CONSUMO,81,TEXTILES Y CONFECCIÓN,814,VESTUARIO,8143,RESTO DE PRENDAS,9345.57,"China, Bangladesh, Turquía",25.3,"China, Bangladesh, Turquía",26.4,"China, Bangladesh, Turquía",30.4,"China, Bangladesh, Turquía",25.5,18.2,21.7,definitivo
2022,I,Industrial,8,MANUFACTURAS DE CONSUMO,81,TEXTILES Y CONFECCIÓN,815,RESTO TEXTILES,8150,RESTO TEXTILES,2740.85,"China, Bangladesh, Turquía",25.3,"China, Bangladesh, Turquía",26.4,"China, Pakistán, India",5.3,"China, Pakistán, India",5.3,36.4,36.4,definitivo
2022,I,Industrial,8,MANUFACTURAS DE CONSUMO,82,CALZADO,820,CALZADO,8200,CALZADO,4612.33,"China, Bangladesh, Turquía",25.3,"China, Vietnam, Italia",38.4,"China, Vietnam, Italia",38.4,"China, Vietnam, Italia",38.4,31.3,31.3,definitivo
2022,I,Industrial,8,MANUFACTURAS DE CONSUMO,83,JUGUETES,830,JUGUETES,8300,JUGUETES,3677.01,"China, Bangladesh, Turquía",25.3,"China, Alemania, Países Bajos",3.3,"China, Alemania, Países Bajos",3.3,"China, Alemania, Países Bajos",3.3,36.1,36.1,definitivo
2022,I,Industrial,8,MANUFACTURAS DE CONSUMO,84,ALFARERÍA,840,ALFARERÍA,8400,ALFARERÍA,214.80,"China, Bangladesh, Turquía",25.3,"China, Portugal, Turquía",40.3,"China, Portugal, Turquía",40.3,"China, Portugal, Turquía",40.3,45.3,45.3,definitivo
2022,I,Industrial,8,MANUFACTURAS DE CONSUMO,85,JOYERÍA Y RELOJES,850,JOYERÍA Y RELOJES,8500,JOYERÍA Y RELOJES,1834.66,"China, Bangladesh, Turquía",25.3,"Suiza, China, Francia",49.2,"Suiza, China, Francia",49.2,"Suiza, China, Francia",49.2,35.3,35.3,definitivo
2022,I,Industrial,8,MANUFACTURAS DE CONSUMO,86,CUERO Y MANUFACTURAS DEL CUERO,860,CUERO Y MANUFACTURAS DEL CUERO,8600,CUERO Y MANUFACTURAS DEL CUERO,492.87,"China, Bangladesh, Turquía",25.3,"Italia, China, Nigeria",31.4,"Italia, China, Nigeria",31.4,"Italia, China, Nigeria",31.4,54.6,54.6,definitivo
2022,I,Industrial,8,MANUFACTURAS DE CONSUMO,87,OTRAS MANUFACTURAS DE CONSUMO,870,OTRAS MANUFACTURAS DE CONSUMO,8700,OTRAS MANUFACTURAS DE CONSUMO,10045.26,"China, Bangladesh, Turquía",25.3,"China, Francia, Alemania",22.4,"China, Francia, Alemania",22.4,"China, Francia, Alemania",22.4,48.4,48.4,definitivo
2023,E,Agroalimentario,11,Sectores Cárnicos,1111,Bovino,111111,Animales vivos de bovinos,NA,NA,286.56,"Francia, Portugal, China",6.8,"Portugal, Italia, Francia",4.1,"Marruecos, Portugal, Líbano",18.5,"Marruecos, Portugal, Líbano",18.5,29.3,NA,definitivo
2023,E,Agroalimentario,11,Sectores Cárnicos,1111,Bovino,111112,Carne fresca o refrigerada de bovino,NA,NA,1017.57,"Francia, Portugal, China",6.8,"Portugal, Italia, Francia",4.1,"Portugal, Italia, Francia",6.5,"Portugal, Italia, Francia",6.5,98.0,NA,definitivo
2023,E,Agroalimentario,11,Sectores Cárnicos,1111,Bovino,111113,Carne congelada de bovino,NA,NA,231.62,"Francia, Portugal, China",6.8,"Portugal, Italia, Francia",4.1,"Francia, Portugal, Marruecos",-10.1,"Francia, Portugal, Marruecos",-10.1,71.2,NA,definitivo
2023,E,Agroalimentario,11,Sectores Cárnicos,1111,Bovino,111114,Preparaciones y despojos de bovino,NA,NA,43.06,"Francia, Portugal, China",6.8,"Portugal, Italia, Francia",4.1,"Francia, Portugal, Cuba",-22.8,"Francia, Portugal, Cuba",-22.8,78.9,NA,definitivo
2023,E,Agroalimentario,11,Sectores Cárnicos,1111,Bovino,111115,Despojos de bovino,NA,NA,68.90,"Francia, Portugal, China",6.8,"Portugal, Italia, Francia",4.1,"Portugal, Francia, Italia",-3.1,"Portugal, Francia, Italia",-3.1,68.2,NA,definitivo
2023,E,Agroalimentario,11,Sectores Cárnicos,1112,Ovino-caprino,111211,Animales vivos de ovino-caprino,NA,NA,205.33,"Francia, Portugal, China",6.8,"Francia, Marruecos, Italia",-3.1,"Marruecos, Jordania, Libia",11.7,"Marruecos, Jordania, Libia",11.7,30.4,NA,definitivo
2023,E,Agroalimentario,11,Sectores Cárnicos,1112,Ovino-caprino,111212,Carne de ovino-caprino,NA,NA,263.88,"Francia, Portugal, China",6.8,"Francia, Marruecos, Italia",-3.1,"Francia, Italia, Portugal",-13.4,"Francia, Italia, Portugal",-13.4,80.4,NA,definitivo
2023,E,Agroalimentario,11,Sectores Cárnicos,1112,Ovino-caprino,111213,Preparaciones de ovino-caprino,NA,NA,2.99,"Francia, Portugal, China",6.8,"Francia, Marruecos, Italia",-3.1,"Cuba, Portugal, Francia",74.0,"Cuba, Portugal, Francia",74.0,31.5,NA,definitivo
2023,E,Agroalimentario,11,Sectores Cárnicos,1112,Ovino-caprino,111214,Despojos,NA,NA,13.37,"Francia, Portugal, China",6.8,"Francia, Marruecos, Italia",-3.1,"Grecia, Italia, Francia",24.2,"Grecia, Italia, Francia",24.2,89.9,NA,definitivo
2023,E,Agroalimentario,11,Sectores Cárnicos,1113,Porcino,111311,Animales vivos de porcino,NA,NA,215.91,"Francia, Portugal, China",6.8,"China, Francia, Italia",8.3,"Portugal, Alemania, Italia",36.2,"Portugal, Alemania, Italia",36.2,99.9,NA,definitivo
2023,E,Agroalimentario,11,Sectores Cárnicos,1113,Porcino,111312,Carne fresca y refrigerada de porcino,NA,NA,3347.95,"Francia, Portugal, China",6.8,"China, Francia, Italia",8.3,"Italia, Francia, Polonia",41.9,"Italia, Francia, Polonia",41.9,95.1,NA,definitivo
2023,E,Agroalimentario,11,Sectores Cárnicos,1113,Porcino,111313,Carne congelada de porcino,NA,NA,2952.08,"Francia, Portugal, China",6.8,"China, Francia, Italia",8.3,"China, Japón, Corea del Sur",-15.2,"China, Japón, Corea del Sur",-15.2,23.0,NA,definitivo
2023,E,Agroalimentario,11,Sectores Cárnicos,1113,Porcino,111314,Tocino de porcino,NA,NA,180.23,"Francia, Portugal, China",6.8,"China, Francia, Italia",8.3,"Filipinas, Vietnam, Alemania",16.9,"Filipinas, Vietnam, Alemania",16.9,39.5,NA,definitivo
2023,E,Agroalimentario,11,Sectores Cárnicos,1113,Porcino,111315,Jamones y paleta de porcino,NA,NA,709.11,"Francia, Portugal, China",6.8,"China, Francia, Italia",8.3,"Francia, Alemania, Portugal",10.3,"Francia, Alemania, Portugal",10.3,66.1,NA,definitivo
2023,E,Agroalimentario,11,Sectores Cárnicos,1113,Porcino,111316,Preparaciones de porcino,NA,NA,901.21,"Francia, Portugal, China",6.8,"China, Francia, Italia",8.3,"Francia, Reino Unido, Portugal",10.6,"Francia, Reino Unido, Portugal",10.6,68.6,NA,definitivo
2023,E,Agroalimentario,11,Sectores Cárnicos,1113,Porcino,111317,Despojos de porcino,NA,NA,816.82,"Francia, Portugal, China",6.8,"China, Francia, Italia",8.3,"China, Filipinas, Francia",0.9,"China, Filipinas, Francia",0.9,13.9,NA,definitivo
2023,E,Agroalimentario,11,Sectores Cárnicos,1114,Aves y huevos,111411,Animales vivos de aves,NA,NA,79.68,"Francia, Portugal, China",6.8,"Portugal, Francia, Reino Unido",5.9,"Portugal, Marruecos, Francia",-5.8,"Portugal, Marruecos, Francia",-5.8,45.3,NA,definitivo
2023,E,Agroalimentario,11,Sectores Cárnicos,1114,Aves y huevos,111412,Carne de aves,NA,NA,498.81,"Francia, Portugal, China",6.8,"Portugal, Francia, Reino Unido",5.9,"Francia, Portugal, Alemania",3.3,"Francia, Portugal, Alemania",3.3,77.3,NA,definitivo
2023,E,Agroalimentario,11,Sectores Cárnicos,1114,Aves y huevos,111413,Huevos y Ovoproductos,NA,NA,334.96,"Francia, Portugal, China",6.8,"Portugal, Francia, Reino Unido",5.9,"Francia, Portugal, Reino Unido",4.4,"Francia, Portugal, Reino Unido",4.4,70.2,NA,definitivo
2023,E,Agroalimentario,11,Sectores Cárnicos,1114,Aves y huevos,111414,Preparados de aves,NA,NA,175.80,"Francia, Portugal, China",6.8,"Portugal, Francia, Reino Unido",5.9,"Portugal, Reino Unido, Polonia",24.8,"Portugal, Reino Unido, Polonia",24.8,76.9,NA,definitivo
2023,E,Agroalimentario,11,Sectores Cárnicos,1115,Otros animales,111511,Otros animales vivos,NA,NA,78.17,"Francia, Portugal, China",6.8,"Italia, Francia, Países Bajos",-3.7,"Países Bajos, Francia, Emiratos Árabes Unidos",-7.7,"Países Bajos, Francia, Emiratos Árabes Unidos",-7.7,49.7,NA,definitivo
2023,E,Agroalimentario,11,Sectores Cárnicos,1115,Otros animales,111512,Carne de otros animales,NA,NA,122.88,"Francia, Portugal, China",6.8,"Italia, Francia, Países Bajos",-3.7,"Italia, Francia, Alemania",-1.0,"Italia, Francia, Alemania",-1.0,89.5,NA,definitivo
2023,E,Agroalimentario,12,Lácteos,1211,Lácteos,121111,Leche,NA,NA,461.20,"Portugal, Francia, Italia",6.0,"Portugal, Francia, Italia",6.0,"Francia, Portugal, China",5.6,"Francia, Portugal, China",5.6,60.0,NA,definitivo
2023,E,Agroalimentario,12,Lácteos,1211,Lácteos,121112,Mantequilla,NA,NA,83.46,"Portugal, Francia, Italia",6.0,"Portugal, Francia, Italia",6.0,"Italia, Francia, Bélgica",-44.5,"Italia, Francia, Bélgica",-44.5,86.9,NA,definitivo
2023,E,Agroalimentario,12,Lácteos,1211,Lácteos,121113,Quesos,NA,NA,803.54,"Portugal, Francia, Italia",6.0,"Portugal, Francia, Italia",6.0,"Francia, Portugal, Estados Unidos",13.8,"Francia, Portugal, Estados Unidos",13.8,65.6,NA,definitivo
2023,E,Agroalimentario,12,Lácteos,1211,Lácteos,121114,Yogures y lactosueros,NA,NA,401.63,"Portugal, Francia, Italia",6.0,"Portugal, Francia, Italia",6.0,"Portugal, Francia, China",12.4,"Portugal, Francia, China",12.4,69.7,NA,definitivo
2023,E,Agroalimentario,13,Pesca,1311,Pesca,131111,Peces vivos,NA,NA,33.21,"Italia, Portugal, Francia",-0.1,"Italia, Portugal, Francia",-0.1,"Francia, Italia, Portugal",-7.3,"Francia, Italia, Portugal",-7.3,96.5,NA,definitivo
2023,E,Agroalimentario,13,Pesca,1311,Pesca,131112,Pescado fresco,NA,NA,847.23,"Italia, Portugal, Francia",-0.1,"Italia, Portugal, Francia",-0.1,"Italia, Portugal, Francia",3.8,"Italia, Portugal, Francia",3.8,83.8,NA,definitivo
2023,E,Agroalimentario,13,Pesca,1311,Pesca,131112,Pescado fresco,1311121,Merluza fresca,24.32,"Italia, Portugal, Francia",-0.1,"Italia, Portugal, Francia",-0.1,"Italia, Portugal, Francia",3.8,"Francia, Portugal, Italia",-10.3,83.8,99.1,definitivo
2023,E,Agroalimentario,13,Pesca,1311,Pesca,131112,Pescado fresco,1311122,Atún fresco,104.43,"Italia, Portugal, Francia",-0.1,"Italia, Portugal, Francia",-0.1,"Italia, Portugal, Francia",3.8,"Estados Unidos, Italia, Francia",22.5,83.8,35.9,definitivo
2023,E,Agroalimentario,13,Pesca,1311,Pesca,131112,Pescado fresco,1311123,Bacalao fresco,3.15,"Italia, Portugal, Francia",-0.1,"Italia, Portugal, Francia",-0.1,"Italia, Portugal, Francia",3.8,"Portugal, Italia, Francia",-39.4,83.8,98.9,definitivo
2023,E,Agroalimentario,13,Pesca,1311,Pesca,131112,Pescado fresco,1311124,Rape fresco,5.12,"Italia, Portugal, Francia",-0.1,"Italia, Portugal, Francia",-0.1,"Italia, Portugal, Francia",3.8,"Portugal, Italia, Francia",-10.9,83.8,96.1,definitivo
2023,E,Agroalimentario,13,Pesca,1311,Pesca,131112,Pescado fresco,1311125,Otro pescado fresco,710.20,"Italia, Portugal, Francia",-0.1,"Italia, Portugal, Francia",-0.1,"Italia, Portugal, Francia",3.8,"Italia, Portugal, Francia",2.6,83.8,90.2,definitivo
2023,E,Agroalimentario,13,Pesca,1311,Pesca,131113,Pescado congelado,NA,NA,1267.20,"Italia, Portugal, Francia",-0.1,"Italia, Portugal, Francia",-0.1,"Italia, Portugal, Francia",-4.9,"Italia, Portugal, Francia",-4.9,52.4,NA,definitivo
2023,E,Agroalimentario,13,Pesca,1311,Pesca,131113,Pescado congelado,1311131,Atún congelado,341.07,"Italia, Portugal, Francia",-0.1,"Italia, Portugal, Francia",-0.1,"Italia, Portugal, Francia",-4.9,"Ecuador, Mauricio, Seychelles",8.6,52.4,16.6,definitivo
2023,E,Agroalimentario,13,Pesca,1311,Pesca,131113,Pescado congelado,1311132,Merluza congelada (entera y filetes),214.35,"Italia, Portugal, Francia",-0.1,"Italia, Portugal, Francia",-0.1,"Italia, Portugal, Francia",-4.9,"Portugal, Italia, Ucrania",4.9,52.4,72.9,definitivo
2023,E,Agroalimentario,13,Pesca,1311,Pesca,131113,Pescado congelado,1311133,Otro pescado congelado,711.77,"Italia, Portugal, Francia",-0.1,"Italia, Portugal, Francia",-0.1,"Italia, Portugal, Francia",-4.9,"Italia, Portugal, Francia",-12.6,52.4,63.4,definitivo
2023,E,Agroalimentario,13,Pesca,1311,Pesca,131114,"Moluscos, crustáceos y otros invertebrados acuáticos",NA,NA,1689.55,"Italia, Portugal, Francia",-0.1,"Italia, Portugal, Francia",-0.1,"Italia, Portugal, Francia",-5.8,"Italia, Portugal, Francia",-5.8,85.0,NA,definitivo
2023,E,Agroalimentario,13,Pesca,1311,Pesca,131114,"Moluscos, crustáceos y otros invertebrados acuáticos",1311141,Mejillón,61.22,"Italia, Portugal, Francia",-0.1,"Italia, Portugal, Francia",-0.1,"Italia, Portugal, Francia",-5.8,"Italia, Francia, Portugal",-10.1,85.0,97.3,definitivo
2023,E,Agroalimentario,13,Pesca,1311,Pesca,131114,"Moluscos, crustáceos y otros invertebrados acuáticos",1311142,Calamar y sepia,627.65,"Italia, Portugal, Francia",-0.1,"Italia, Portugal, Francia",-0.1,"Italia, Portugal, Francia",-5.8,"Italia, Portugal, Francia",-6.0,85.0,84.4,definitivo
2023,E,Agroalimentario,13,Pesca,1311,Pesca,131114,"Moluscos, crustáceos y otros invertebrados acuáticos",1311143,Pulpo,417.63,"Italia, Portugal, Francia",-0.1,"Italia, Portugal, Francia",-0.1,"Italia, Portugal, Francia",-5.8,"Italia, Portugal, Estados Unidos",-6.0,85.0,71.5,definitivo
2023,E,Agroalimentario,13,Pesca,1311,Pesca,131114,"Moluscos, crustáceos y otros invertebrados acuáticos",1311144,Langostino y gamba,430.34,"Italia, Portugal, Francia",-0.1,"Italia, Portugal, Francia",-0.1,"Italia, Portugal, Francia",-5.8,"Italia, Portugal, Francia",2.1,85.0,94.5,definitivo
2023,E,Agroalimentario,13,Pesca,1311,Pesca,131114,"Moluscos, crustáceos y otros invertebrados acuáticos",1311145,Almeja y ostra,62.00,"Italia, Portugal, Francia",-0.1,"Italia, Portugal, Francia",-0.1,"Italia, Portugal, Francia",-5.8,"Italia, Francia, Alemania",-11.0,85.0,97.1,definitivo
2023,E,Agroalimentario,13,Pesca,1311,Pesca,131114,"Moluscos, crustáceos y otros invertebrados acuáticos",1311146,Otros moluscos y crustáceos,90.72,"Italia, Portugal, Francia",-0.1,"Italia, Portugal, Francia",-0.1,"Italia, Portugal, Francia",-5.8,"Italia, Francia, Portugal",-25.5,85.0,88.9,definitivo
2023,E,Agroalimentario,13,Pesca,1311,Pesca,131115,Los demás preparados de productos de la pesca,NA,NA,118.63,"Italia, Portugal, Francia",-0.1,"Italia, Portugal, Francia",-0.1,"Italia, Portugal, Francia",1.1,"Italia, Portugal, Francia",1.1,75.6,NA,definitivo
2023,E,Agroalimentario,13,Pesca,1311,Pesca,131116,Conservas de pescados,NA,NA,1072.10,"Italia, Portugal, Francia",-0.1,"Italia, Portugal, Francia",-0.1,"Italia, Francia, Portugal",11.1,"Italia, Francia, Portugal",11.1,87.9,NA,definitivo
2023,E,Agroalimentario,13,Pesca,1311,Pesca,131116,Conservas de pescados,1311161,Atún y bonito en conserva,727.53,"Italia, Portugal, Francia",-0.1,"Italia, Portugal, Francia",-0.1,"Italia, Francia, Portugal",11.1,"Italia, Francia, Portugal",19.3,87.9,91.3,definitivo
2023,E,Agroalimentario,13,Pesca,1311,Pesca,131116,Conservas de pescados,1311162,Anchoa en conserva,52.65,"Italia, Portugal, Francia",-0.1,"Italia, Portugal, Francia",-0.1,"Italia, Francia, Portugal",11.1,"Italia, Reino Unido, Suiza",-0.2,87.9,57.3,definitivo
2023,E,Agroalimentario,13,Pesca,1311,Pesca,131116,Conservas de pescados,1311163,Sardina y caballa en conserva,34.04,"Italia, Portugal, Francia",-0.1,"Italia, Portugal, Francia",-0.1,"Italia, Francia, Portugal",11.1,"Italia, Portugal, Estados Unidos",3.2,87.9,67.2,definitivo
2023,E,Agroalimentario,13,Pesca,1311,Pesca,131116,Conservas de pescados,1311165,Otras conservas de pescado,257.88,"Italia, Portugal, Francia",-0.1,"Italia, Portugal, Francia",-0.1,"Italia, Francia, Portugal",11.1,"Italia, Portugal, Francia",-4.3,87.9,87.2,definitivo
2023,E,Agroalimentario,13,Pesca,1311,Pesca,131117,Conservas de moluscos y crustáceos,NA,NA,318.36,"Italia, Portugal, Francia",-0.1,"Italia, Portugal, Francia",-0.1,"Francia, Estados Unidos, Italia",8.7,"Francia, Estados Unidos, Italia",8.7,70.3,NA,definitivo
2023,E,Agroalimentario,13,Pesca,1311,Pesca,131117,Conservas de moluscos y crustáceos,1311171,Mejillón en conserva,43.71,"Italia, Portugal, Francia",-0.1,"Italia, Portugal, Francia",-0.1,"Francia, Estados Unidos, Italia",8.7,"Francia, Italia, Estados Unidos",2.2,70.3,81.1,definitivo
2023,E,Agroalimentario,13,Pesca,1311,Pesca,131117,Conservas de moluscos y crustáceos,1311172,"Almeja, berberecho y arca en conserva",5.70,"Italia, Portugal, Francia",-0.1,"Italia, Portugal, Francia",-0.1,"Francia, Estados Unidos, Italia",8.7,"Portugal, Italia, Estados Unidos",-14.4,70.3,71.8,definitivo
2023,E,Agroalimentario,13,Pesca,1311,Pesca,131117,Conservas de moluscos y crustáceos,1311174,Pulpo en conserva,96.57,"Italia, Portugal, Francia",-0.1,"Italia, Portugal, Francia",-0.1,"Francia, Estados Unidos, Italia",8.7,"Estados Unidos, Italia, Francia",18.1,70.3,46.6,definitivo
2023,E,Agroalimentario,13,Pesca,1311,Pesca,131117,Conservas de moluscos y crustáceos,1311175,Sepia y calamar en conserva,112.42,"Italia, Portugal, Francia",-0.1,"Italia, Portugal, Francia",-0.1,"Francia, Estados Unidos, Italia",8.7,"Francia, Estados Unidos, Italia",6.5,70.3,77.8,definitivo
2023,E,Agroalimentario,13,Pesca,1311,Pesca,131117,Conservas de moluscos y crustáceos,1311176,Otras conservas de moluscos y crustáceos,59.95,"Italia, Portugal, Francia",-0.1,"Italia, Portugal, Francia",-0.1,"Francia, Estados Unidos, Italia",8.7,"Italia, Portugal, Francia",7.0,70.3,86.2,definitivo
2023,E,Agroalimentario,14,Cereales y productos de molinera,1411,Cereales,141111,Trigo,NA,NA,39.37,"Francia, Portugal, Bélgica",-6.0,"Francia, Portugal, Bélgica",-6.0,"Portugal, Túnez, Bélgica",-77.6,"Portugal, Túnez, Bélgica",-77.6,59.0,NA,definitivo
2023,E,Agroalimentario,14,Cereales y productos de molinera,1411,Cereales,141112,Cebada,NA,NA,26.72,"Francia, Portugal, Bélgica",-6.0,"Francia, Portugal, Bélgica",-6.0,"Francia, Portugal, Bélgica",-42.5,"Francia, Portugal, Bélgica",-42.5,98.3,NA,definitivo
2023,E,Agroalimentario,14,Cereales y productos de molinera,1411,Cereales,141113,Maíz,NA,NA,143.55,"Francia, Portugal, Bélgica",-6.0,"Francia, Portugal, Bélgica",-6.0,"Francia, Portugal, Reino Unido",31.3,"Francia, Portugal, Reino Unido",31.3,65.1,NA,definitivo
2023,E,Agroalimentario,14,Cereales y productos de molinera,1411,Cereales,141114,Arroz,NA,NA,209.89,"Francia, Portugal, Bélgica",-6.0,"Francia, Portugal, Bélgica",-6.0,"Francia, Reino Unido, Bélgica",-7.2,"Francia, Reino Unido, Bélgica",-7.2,69.5,NA,definitivo
2023,E,Agroalimentario,14,Cereales y productos de molinera,1411,Cereales,141115,Otros cereales,NA,NA,21.88,"Francia, Portugal, Bélgica",-6.0,"Francia, Portugal, Bélgica",-6.0,"Portugal, Francia, Italia",-26.4,"Portugal, Francia, Italia",-26.4,91.6,NA,definitivo
2023,E,Agroalimentario,14,Cereales y productos de molinera,1411,Cereales,141116,Harina de trigo,NA,NA,45.51,"Francia, Portugal, Bélgica",-6.0,"Francia, Portugal, Bélgica",-6.0,"Portugal, Cuba, Francia",-25.6,"Portugal, Cuba, Francia",-25.6,68.2,NA,definitivo
2023,E,Agroalimentario,14,Cereales y productos de molinera,1411,Cereales,141117,Otras harinas,NA,NA,23.42,"Francia, Portugal, Bélgica",-6.0,"Francia, Portugal, Bélgica",-6.0,"Portugal, Omán, Francia",-8.5,"Portugal, Omán, Francia",-8.5,67.4,NA,definitivo
2023,E,Agroalimentario,14,Cereales y productos de molinera,1411,Cereales,141118,Malta,NA,NA,107.17,"Francia, Portugal, Bélgica",-6.0,"Francia, Portugal, Bélgica",-6.0,"Portugal, Francia, Bélgica",220.5,"Portugal, Francia, Bélgica",220.5,93.4,NA,definitivo
2023,E,Agroalimentario,14,Cereales y productos de molinera,1411,Cereales,141119,Almidón,NA,NA,91.36,"Francia, Portugal, Bélgica",-6.0,"Francia, Portugal, Bélgica",-6.0,"Francia, Portugal, Reino Unido",-12.5,"Francia, Portugal, Reino Unido",-12.5,83.5,NA,definitivo
2023,E,Agroalimentario,14,Cereales y productos de molinera,1411,Cereales,141120,Grañones y sémola de trigo,NA,NA,43.66,"Francia, Portugal, Bélgica",-6.0,"Francia, Portugal, Bélgica",-6.0,"Francia, Mali, Costa de Marfil",35.0,"Francia, Mali, Costa de Marfil",35.0,68.6,NA,definitivo
2023,E,Agroalimentario,14,Cereales y productos de molinera,1411,Cereales,141121,Otros productos de cereales,NA,NA,187.70,"Francia, Portugal, Bélgica",-6.0,"Francia, Portugal, Bélgica",-6.0,"Francia, Portugal, Italia",20.7,"Francia, Portugal, Italia",20.7,71.4,NA,definitivo
2023,E,Agroalimentario,15,Industrias alimentarias y piensos,1511,Industrias alimentarias,151111,Residuos de productos alimentarios,NA,NA,488.81,"Francia, Portugal, Italia",1.7,"Francia, Portugal, Italia",1.7,"Francia, Portugal, Italia",-10.8,"Francia, Portugal, Italia",-10.8,83.0,NA,definitivo
2023,E,Agroalimentario,15,Industrias alimentarias y piensos,1511,Industrias alimentarias,151112,Piensos,NA,NA,1207.15,"Francia, Portugal, Italia",1.7,"Francia, Portugal, Italia",1.7,"Portugal, Francia, Italia",7.9,"Portugal, Francia, Italia",7.9,69.8,NA,definitivo
2023,E,Agroalimentario,16,Flores y plantas,1611,Flores y plantas,161111,Flores y plantas,NA,NA,618.77,"Francia, Países Bajos, Portugal",2.0,"Francia, Países Bajos, Portugal",2.0,"Francia, Países Bajos, Portugal",2.0,"Francia, Países Bajos, Portugal",2.0,78.1,NA,definitivo
2023,E,Agroalimentario,17,Hortalizas y legumbres,1711,Hortalizas y legumbres,171111,Tomate,NA,NA,1201.88,"Alemania, Reino Unido, Francia",11.5,"Alemania, Reino Unido, Francia",11.5,"Alemania, Países Bajos, Reino Unido",7.9,"Alemania, Países Bajos, Reino Unido",7.9,83.9,NA,definitivo
2023,E,Agroalimentario,17,Hortalizas y legumbres,1711,Hortalizas y legumbres,171112,Pimiento,NA,NA,1627.48,"Alemania, Reino Unido, Francia",11.5,"Alemania, Reino Unido, Francia",11.5,"Alemania, Francia, Reino Unido",16.2,"Alemania, Francia, Reino Unido",16.2,83.3,NA,definitivo
2023,E,Agroalimentario,17,Hortalizas y legumbres,1711,Hortalizas y legumbres,171113,Pepino,NA,NA,1016.05,"Alemania, Reino Unido, Francia",11.5,"Alemania, Reino Unido, Francia",11.5,"Alemania, Reino Unido, Países Bajos",7.0,"Alemania, Reino Unido, Países Bajos",7.0,82.4,NA,definitivo
2023,E,Agroalimentario,17,Hortalizas y legumbres,1711,Hortalizas y legumbres,171114,Lechuga,NA,NA,1025.71,"Alemania, Reino Unido, Francia",11.5,"Alemania, Reino Unido, Francia",11.5,"Alemania, Francia, Reino Unido",12.6,"Alemania, Francia, Reino Unido",12.6,80.4,NA,definitivo
2023,E,Agroalimentario,17,Hortalizas y legumbres,1711,Hortalizas y legumbres,171115,Patata,NA,NA,206.56,"Alemania, Reino Unido, Francia",11.5,"Alemania, Reino Unido, Francia",11.5,"Portugal, Francia, Bélgica",46.3,"Portugal, Francia, Bélgica",46.3,93.7,NA,definitivo
2023,E,Agroalimentario,17,Hortalizas y legumbres,1711,Hortalizas y legumbres,171116,Cebolla,NA,NA,247.96,"Alemania, Reino Unido, Francia",11.5,"Alemania, Reino Unido, Francia",11.5,"Alemania, Reino Unido, Portugal",37.6,"Alemania, Reino Unido, Portugal",37.6,68.3,NA,definitivo
2023,E,Agroalimentario,17,Hortalizas y legumbres,1711,Hortalizas y legumbres,171117,Ajos,NA,NA,391.55,"Alemania, Reino Unido, Francia",11.5,"Alemania, Reino Unido, Francia",11.5,"Alemania, Estados Unidos, Reino Unido",2.3,"Alemania, Estados Unidos, Reino Unido",2.3,61.8,NA,definitivo
2023,E,Agroalimentario,17,Hortalizas y legumbres,1711,Hortalizas y legumbres,171118,Zanahoria,NA,NA,116.11,"Alemania, Reino Unido, Francia",11.5,"Alemania, Reino Unido, Francia",11.5,"Francia, Alemania, Países Bajos",88.3,"Francia, Alemania, Países Bajos",88.3,94.8,NA,definitivo
2023,E,Agroalimentario,17,Hortalizas y legumbres,1711,Hortalizas y legumbres,171119,Las demás hortalizas frescas,NA,NA,2158.34,"Alemania, Reino Unido, Francia",11.5,"Alemania, Reino Unido, Francia",11.5,"Reino Unido, Alemania, Francia",9.3,"Reino Unido, Alemania, Francia",9.3,73.8,NA,definitivo
2023,E,Agroalimentario,17,Hortalizas y legumbres,1711,Hortalizas y legumbres,171120,Hortalizas congeladas,NA,NA,739.31,"Alemania, Reino Unido, Francia",11.5,"Alemania, Reino Unido, Francia",11.5,"Francia, Alemania, Italia",3.1,"Francia, Alemania, Italia",3.1,72.7,NA,definitivo
2023,E,Agroalimentario,17,Hortalizas y legumbres,1711,Hortalizas y legumbres,171121,Hortalizas conservadas o secas,NA,NA,159.38,"Alemania, Reino Unido, Francia",11.5,"Alemania, Reino Unido, Francia",11.5,"Alemania, Francia, Estados Unidos",13.6,"Alemania, Francia, Estados Unidos",13.6,78.6,NA,definitivo
2023,E,Agroalimentario,17,Hortalizas y legumbres,1711,Hortalizas y legumbres,171122,Legumbres,NA,NA,47.10,"Alemania, Reino Unido, Francia",11.5,"Alemania, Reino Unido, Francia",11.5,"Países Bajos, Alemania, Portugal",10.3,"Países Bajos, Alemania, Portugal",10.3,82.1,NA,definitivo
2023,E,Agroalimentario,18,Frutas,1811,Frutas,181111,Cítricos,NA,NA,3598.68,"Alemania, Francia, Reino Unido",3.6,"Alemania, Francia, Reino Unido",3.6,"Alemania, Francia, Reino Unido",-0.2,"Alemania, Francia, Reino Unido",-0.2,84.5,NA,definitivo
2023,E,Agroalimentario,18,Frutas,1811,Frutas,181111,Cítricos,1811111,Naranjas,1222.73,"Alemania, Francia, Reino Unido",3.6,"Alemania, Francia, Reino Unido",3.6,"Alemania, Francia, Reino Unido",-0.2,"Alemania, Francia, Reino Unido",0.7,84.5,85.2,definitivo
2023,E,Agroalimentario,18,Frutas,1811,Frutas,181111,Cítricos,1811112,Mandarinas y clementinas,1513.47,"Alemania, Francia, Reino Unido",3.6,"Alemania, Francia, Reino Unido",3.6,"Alemania, Francia, Reino Unido",-0.2,"Alemania, Francia, Reino Unido",-0.4,84.5,82.1,definitivo
2023,E,Agroalimentario,18,Frutas,1811,Frutas,181111,Cítricos,1811113,Limones y limas,786.62,"Alemania, Francia, Reino Unido",3.6,"Alemania, Francia, Reino Unido",3.6,"Alemania, Francia, Reino Unido",-0.2,"Alemania, Francia, Reino Unido",-1.8,84.5,87.3,definitivo
2023,E,Agroalimentario,18,Frutas,1811,Frutas,181111,Cítricos,1811114,Otros cítricos,75.87,"Alemania, Francia, Reino Unido",3.6,"Alemania, Francia, Reino Unido",3.6,"Alemania, Francia, Reino Unido",-0.2,"Alemania, Francia, Italia",4.6,84.5,92.9,definitivo
2023,E,Agroalimentario,18,Frutas,1811,Frutas,181112,Melones y sandías,NA,NA,822.57,"Alemania, Francia, Reino Unido",3.6,"Alemania, Francia, Reino Unido",3.6,"Alemania, Francia, Reino Unido",-0.6,"Alemania, Francia, Reino Unido",-0.6,86.1,NA,definitivo
2023,E,Agroalimentario,18,Frutas,1811,Frutas,181112,Melones y sandías,1811121,Melones,313.80,"Alemania, Francia, Reino Unido",3.6,"Alemania, Francia, Reino Unido",3.6,"Alemania, Francia, Reino Unido",-0.6,"Francia, Alemania, Reino Unido",1.1,86.1,83.8,definitivo
2023,E,Agroalimentario,18,Frutas,1811,Frutas,181112,Melones y sandías,1811122,Sandías,508.78,"Alemania, Francia, Reino Unido",3.6,"Alemania, Francia, Reino Unido",3.6,"Alemania, Francia, Reino Unido",-0.6,"Alemania, Francia, Reino Unido",-1.6,86.1,87.5,definitivo
2023,E,Agroalimentario,18,Frutas,1811,Frutas,181113,Melocotón y nectarina,NA,NA,936.20,"Alemania, Francia, Reino Unido",3.6,"Alemania, Francia, Reino Unido",3.6,"Alemania, Francia, Italia",7.8,"Alemania, Francia, Italia",7.8,85.7,NA,definitivo
2023,E,Agroalimentario,18,Frutas,1811,Frutas,181114,Fresas,NA,NA,714.70,"Alemania, Francia, Reino Unido",3.6,"Alemania, Francia, Reino Unido",3.6,"Alemania, Reino Unido, Francia",-1.6,"Alemania, Reino Unido, Francia",-1.6,80.4,NA,definitivo
2023,E,Agroalimentario,18,Frutas,1811,Frutas,181115,Los demás frutos rojos,NA,NA,987.81,"Alemania, Francia, Reino Unido",3.6,"Alemania, Francia, Reino Unido",3.6,"Alemania, Reino Unido, Países Bajos",-0.1,"Alemania, Reino Unido, Países Bajos",-0.1,79.4,NA,definitivo
2023,E,Agroalimentario,18,Frutas,1811,Frutas,181116,Caquis,NA,NA,226.42,"Alemania, Francia, Reino Unido",3.6,"Alemania, Francia, Reino Unido",3.6,"Alemania, Italia, Francia",37.5,"Alemania, Italia, Francia",37.5,78.6,NA,definitivo
2023,E,Agroalimentario,18,Frutas,1811,Frutas,181117,"Manzanas, peras y membrillos",NA,NA,208.30,"Alemania, Francia, Reino Unido",3.6,"Alemania, Francia, Reino Unido",3.6,"Italia, Francia, Marruecos",16.1,"Italia, Francia, Marruecos",16.1,55.0,NA,definitivo
2023,E,Agroalimentario,18,Frutas,1811,Frutas,181118,Plátano,NA,NA,109.76,"Alemania, Francia, Reino Unido",3.6,"Alemania, Francia, Reino Unido",3.6,"Portugal, Francia, Marruecos",58.2,"Portugal, Francia, Marruecos",58.2,94.9,NA,definitivo
2023,E,Agroalimentario,18,Frutas,1811,Frutas,181119,Almendras y avellanas,NA,NA,529.55,"Alemania, Francia, Reino Unido",3.6,"Alemania, Francia, Reino Unido",3.6,"Alemania, Francia, Italia",-13.4,"Alemania, Francia, Italia",-13.4,86.7,NA,definitivo
2023,E,Agroalimentario,18,Frutas,1811,Frutas,181119,Almendras y avellanas,1811191,Almendras,500.07,"Alemania, Francia, Reino Unido",3.6,"Alemania, Francia, Reino Unido",3.6,"Alemania, Francia, Italia",-13.4,"Alemania, Francia, Italia",-15.5,86.7,86.2,definitivo
2023,E,Agroalimentario,18,Frutas,1811,Frutas,181119,Almendras y avellanas,1811192,Avellanas,29.48,"Alemania, Francia, Reino Unido",3.6,"Alemania, Francia, Reino Unido",3.6,"Alemania, Francia, Italia",-13.4,"Francia, Alemania, Italia",48.4,86.7,95.2,definitivo
2023,E,Agroalimentario,18,Frutas,1811,Frutas,181120,Uva,NA,NA,458.14,"Alemania, Francia, Reino Unido",3.6,"Alemania, Francia, Reino Unido",3.6,"Reino Unido, Alemania, Francia",14.2,"Reino Unido, Alemania, Francia",14.2,63.4,NA,definitivo
2023,E,Agroalimentario,18,Frutas,1811,Frutas,181121,Las demás frutas frescas y desecadas,NA,NA,1485.62,"Alemania, Francia, Reino Unido",3.6,"Alemania, Francia, Reino Unido",3.6,"Francia, Alemania, Italia",16.0,"Francia, Alemania, Italia",16.0,86.0,NA,definitivo
2023,E,Agroalimentario,18,Frutas,1811,Frutas,181122,Frutas congeladas,NA,NA,82.21,"Alemania, Francia, Reino Unido",3.6,"Alemania, Francia, Reino Unido",3.6,"Francia, Alemania, Bélgica",-13.4,"Francia, Alemania, Bélgica",-13.4,77.5,NA,definitivo
2023,E,Agroalimentario,18,Frutas,1811,Frutas,181123,Frutas conservadas provisionalmente y cortezas,NA,NA,73.88,"Alemania, Francia, Reino Unido",3.6,"Alemania, Francia, Reino Unido",3.6,"Francia, Italia, Alemania",29.5,"Francia, Italia, Alemania",29.5,82.4,NA,definitivo
2023,E,Agroalimentario,19,Conservas vegetales,1911,Conservas vegetales,191111,Tomate,NA,NA,605.06,"Francia, Reino Unido, Alemania",4.8,"Francia, Reino Unido, Alemania",4.8,"Alemania, Francia, Reino Unido",8.4,"Alemania, Francia, Reino Unido",8.4,75.3,NA,definitivo
2023,E,Agroalimentario,19,Conservas vegetales,1911,Conservas vegetales,191112,Aceituna,NA,NA,815.72,"Francia, Reino Unido, Alemania",4.8,"Francia, Reino Unido, Alemania",4.8,"Estados Unidos, Italia, Francia",2.6,"Estados Unidos, Italia, Francia",2.6,38.0,NA,definitivo
2023,E,Agroalimentario,19,Conservas vegetales,1911,Conservas vegetales,191113,Espárragos,NA,NA,13.68,"Francia, Reino Unido, Alemania",4.8,"Francia, Reino Unido, Alemania",4.8,"Francia, Dinamarca, Portugal",-13.0,"Francia, Dinamarca, Portugal",-13.0,92.8,NA,definitivo
2023,E,Agroalimentario,19,Conservas vegetales,1911,Conservas vegetales,191114,Las demás hortalizas,NA,NA,892.55,"Francia, Reino Unido, Alemania",4.8,"Francia, Reino Unido, Alemania",4.8,"Francia, Portugal, Reino Unido",13.5,"Francia, Portugal, Reino Unido",13.5,64.1,NA,definitivo
2023,E,Agroalimentario,19,Conservas vegetales,1911,Conservas vegetales,191115,Zumos,NA,NA,769.20,"Francia, Reino Unido, Alemania",4.8,"Francia, Reino Unido, Alemania",4.8,"Francia, Reino Unido, Portugal",7.8,"Francia, Reino Unido, Portugal",7.8,55.5,NA,definitivo
2023,E,Agroalimentario,19,Conservas vegetales,1911,Conservas vegetales,191116,Confituras y mermeladas,NA,NA,222.41,"Francia, Reino Unido, Alemania",4.8,"Francia, Reino Unido, Alemania",4.8,"Francia, Portugal, Alemania",-11.8,"Francia, Portugal, Alemania",-11.8,72.5,NA,definitivo
2023,E,Agroalimentario,19,Conservas vegetales,1911,Conservas vegetales,191117,Las demás frutas,NA,NA,501.38,"Francia, Reino Unido, Alemania",4.8,"Francia, Reino Unido, Alemania",4.8,"Francia, Alemania, Países Bajos",-4.1,"Francia, Alemania, Países Bajos",-4.1,68.9,NA,definitivo
2023,E,Agroalimentario,20,Vinos y bebidas,2011,Vinos y bebidas,201111,Agua,NA,NA,81.48,"Francia, Alemania, Reino Unido",1.6,"Francia, Alemania, Reino Unido",1.6,"Francia, Portugal, Andorra",0.8,"Francia, Portugal, Andorra",0.8,73.5,NA,definitivo
2023,E,Agroalimentario,20,Vinos y bebidas,2011,Vinos y bebidas,201112,Bebidas refrescantes,NA,NA,516.40,"Francia, Alemania, Reino Unido",1.6,"Francia, Alemania, Reino Unido",1.6,"Portugal, Francia, Reino Unido",15.5,"Portugal, Francia, Reino Unido",15.5,53.7,NA,definitivo
2023,E,Agroalimentario,20,Vinos y bebidas,2011,Vinos y bebidas,201113,Cerveza,NA,NA,324.23,"Francia, Alemania, Reino Unido",1.6,"Francia, Alemania, Reino Unido",1.6,"Cuba, Portugal, China",3.6,"Cuba, Portugal, China",3.6,33.9,NA,definitivo
2023,E,Agroalimentario,20,Vinos y bebidas,2011,Vinos y bebidas,201114,Mosto,NA,NA,321.44,"Francia, Alemania, Reino Unido",1.6,"Francia, Alemania, Reino Unido",1.6,"Italia, Francia, Estados Unidos",5.9,"Italia, Francia, Estados Unidos",5.9,46.1,NA,definitivo
2023,E,Agroalimentario,20,Vinos y bebidas,2011,Vinos y bebidas,201115,Vino,NA,NA,2936.78,"Francia, Alemania, Reino Unido",1.6,"Francia, Alemania, Reino Unido",1.6,"Alemania, Estados Unidos, Reino Unido",-2.2,"Alemania, Estados Unidos, Reino Unido",-2.2,47.4,NA,definitivo
2023,E,Agroalimentario,20,Vinos y bebidas,2011,Vinos y bebidas,201116,Vermut y vino aromátizado,NA,NA,80.56,"Francia, Alemania, Reino Unido",1.6,"Francia, Alemania, Reino Unido",1.6,"Estados Unidos, Francia, Japón",-8.0,"Estados Unidos, Francia, Japón",-8.0,41.9,NA,definitivo
2023,E,Agroalimentario,20,Vinos y bebidas,2011,Vinos y bebidas,201117,Otras bebidas fermentadas,NA,NA,30.15,"Francia, Alemania, Reino Unido",1.6,"Francia, Alemania, Reino Unido",1.6,"Estados Unidos, Portugal, Reino Unido",7.9,"Estados Unidos, Portugal, Reino Unido",7.9,28.9,NA,definitivo
2023,E,Agroalimentario,20,Vinos y bebidas,2011,Vinos y bebidas,201118,Bebidas espirituosas,NA,NA,1014.23,"Francia, Alemania, Reino Unido",1.6,"Francia, Alemania, Reino Unido",1.6,"Filipinas, Alemania, Reino Unido",-5.0,"Filipinas, Alemania, Reino Unido",-5.0,48.4,NA,definitivo
2023,E,Agroalimentario,20,Vinos y bebidas,2011,Vinos y bebidas,201119,Alcohol,NA,NA,451.01,"Francia, Alemania, Reino Unido",1.6,"Francia, Alemania, Reino Unido",1.6,"Francia, Grecia, Portugal",33.5,"Francia, Grecia, Portugal",33.5,98.8,NA,definitivo
2023,E,Agroalimentario,20,Vinos y bebidas,2011,Vinos y bebidas,201120,Vinagre y sucedáneos,NA,NA,55.12,"Francia, Alemania, Reino Unido",1.6,"Francia, Alemania, Reino Unido",1.6,"Estados Unidos, Reino Unido, Francia",4.8,"Estados Unidos, Reino Unido, Francia",4.8,38.7,NA,definitivo
2023,E,Agroalimentario,21,Tabaco,2111,Tabaco,211111,Tabaco,NA,NA,414.17,"No determinado extra-UE, Alemania, Portugal",31.4,"No determinado extra-UE, Alemania, Portugal",31.4,"No determinado extra-UE, Alemania, Portugal",31.4,"No determinado extra-UE, Alemania, Portugal",31.4,45.6,NA,definitivo
2023,E,Agroalimentario,22,Grasas y aceites,2211,Grasas y aceites,221111,Aceite de soja,NA,NA,373.52,"Italia, Portugal, Estados Unidos",-5.4,"Italia, Portugal, Estados Unidos",-5.4,"Marruecos, Italia, Egipto",-32.7,"Marruecos, Italia, Egipto",-32.7,17.9,NA,definitivo
2023,E,Agroalimentario,22,Grasas y aceites,2211,Grasas y aceites,221112,Aceite de oliva,NA,NA,4496.47,"Italia, Portugal, Estados Unidos",-5.4,"Italia, Portugal, Estados Unidos",-5.4,"Italia, Estados Unidos, Portugal",1.7,"Italia, Estados Unidos, Portugal",1.7,54.1,NA,definitivo
2023,E,Agroalimentario,22,Grasas y aceites,2211,Grasas y aceites,221112,Aceite de oliva,2211121,Aceite de oliva virgen extra,2830.64,"Italia, Portugal, Estados Unidos",-5.4,"Italia, Portugal, Estados Unidos",-5.4,"Italia, Estados Unidos, Portugal",1.7,"Italia, Estados Unidos, Francia",0.6,54.1,55.3,definitivo
2023,E,Agroalimentario,22,Grasas y aceites,2211,Grasas y aceites,221112,Aceite de oliva,2211122,Aceite de oliva virgen y lampante,208.66,"Italia, Portugal, Estados Unidos",-5.4,"Italia, Portugal, Estados Unidos",-5.4,"Italia, Estados Unidos, Portugal",1.7,"Italia, Portugal, Francia",9.7,54.1,90.8,definitivo
2023,E,Agroalimentario,22,Grasas y aceites,2211,Grasas y aceites,221112,Aceite de oliva,2211123,Aceite de oliva refinado y mezclas,1127.52,"Italia, Portugal, Estados Unidos",-5.4,"Italia, Portugal, Estados Unidos",-5.4,"Italia, Estados Unidos, Portugal",1.7,"Estados Unidos, Portugal, Italia",2.5,54.1,49.3,definitivo
2023,E,Agroalimentario,22,Grasas y aceites,2211,Grasas y aceites,221112,Aceite de oliva,2211124,Aceite de orujo y otros aceites de aceituna,329.65,"Italia, Portugal, Estados Unidos",-5.4,"Italia, Portugal, Estados Unidos",-5.4,"Italia, Estados Unidos, Portugal",1.7,"Italia, Estados Unidos, Portugal",3.8,54.1,36.5,definitivo
2023,E,Agroalimentario,22,Grasas y aceites,2211,Grasas y aceites,221113,Aceite de girasol,NA,NA,423.32,"Italia, Portugal, Estados Unidos",-5.4,"Italia, Portugal, Estados Unidos",-5.4,"Portugal, Francia, Estados Unidos",-33.4,"Portugal, Francia, Estados Unidos",-33.4,49.8,NA,definitivo
2023,E,Agroalimentario,22,Grasas y aceites,2211,Grasas y aceites,221114,Margarina,NA,NA,323.21,"Italia, Portugal, Estados Unidos",-5.4,"Italia, Portugal, Estados Unidos",-5.4,"Francia, Portugal, Estados Unidos",9.3,"Francia, Portugal, Estados Unidos",9.3,65.9,NA,definitivo
2023,E,Agroalimentario,22,Grasas y aceites,2211,Grasas y aceites,221115,Las demás grasas y aceites animales,NA,NA,107.66,"Italia, Portugal, Estados Unidos",-5.4,"Italia, Portugal, Estados Unidos",-5.4,"Francia, Italia, Grecia",3.7,"Francia, Italia, Grecia",3.7,84.2,NA,definitivo
2023,E,Agroalimentario,22,Grasas y aceites,2211,Grasas y aceites,221116,Las demás grasas y aceites vegetales,NA,NA,695.36,"Italia, Portugal, Estados Unidos",-5.4,"Italia, Portugal, Estados Unidos",-5.4,"Italia, Francia, Portugal",-8.6,"Italia, Francia, Portugal",-8.6,70.8,NA,definitivo
2023,E,Agroalimentario,22,Grasas y aceites,2211,Grasas y aceites,221117,Residuos,NA,NA,471.88,"Italia, Portugal, Estados Unidos",-5.4,"Italia, Portugal, Estados Unidos",-5.4,"Países Bajos, Portugal, Suecia",-7.7,"Países Bajos, Portugal, Suecia",-7.7,99.4,NA,definitivo
2023,E,Agroalimentario,23,"Semillas, oleaginosas, mandioca y forraje",2311,"Semillas, oleaginosas, mandioca y forraje",231111,Soja,NA,NA,3.44,"Francia, Portugal, Emiratos Árabes Unidos",-24.6,"Francia, Portugal, Emiratos Árabes Unidos",-24.6,"Portugal, Francia, Reino Unido",7.5,"Portugal, Francia, Reino Unido",7.5,73.8,NA,definitivo
2023,E,Agroalimentario,23,"Semillas, oleaginosas, mandioca y forraje",2311,"Semillas, oleaginosas, mandioca y forraje",231112,Girasol,NA,NA,123.40,"Francia, Portugal, Emiratos Árabes Unidos",-24.6,"Francia, Portugal, Emiratos Árabes Unidos",-24.6,"Rusia, Francia, Rumanía",86.8,"Rusia, Francia, Rumanía",86.8,48.7,NA,definitivo
2023,E,Agroalimentario,23,"Semillas, oleaginosas, mandioca y forraje",2311,"Semillas, oleaginosas, mandioca y forraje",231113,Otros productos del capítulo 12,NA,NA,400.67,"Francia, Portugal, Emiratos Árabes Unidos",-24.6,"Francia, Portugal, Emiratos Árabes Unidos",-24.6,"Francia, Portugal, Alemania",-10.9,"Francia, Portugal, Alemania",-10.9,71.9,NA,definitivo
2023,E,Agroalimentario,23,"Semillas, oleaginosas, mandioca y forraje",2311,"Semillas, oleaginosas, mandioca y forraje",231114,Forrajes,NA,NA,257.93,"Francia, Portugal, Emiratos Árabes Unidos",-24.6,"Francia, Portugal, Emiratos Árabes Unidos",-24.6,"Emiratos Árabes Unidos, Arabia Saudí, Jordania",-50.8,"Emiratos Árabes Unidos, Arabia Saudí, Jordania",-50.8,15.4,NA,definitivo
2023,E,Agroalimentario,23,"Semillas, oleaginosas, mandioca y forraje",2311,"Semillas, oleaginosas, mandioca y forraje",231115,Mandioca,NA,NA,37.53,"Francia, Portugal, Emiratos Árabes Unidos",-24.6,"Francia, Portugal, Emiratos Árabes Unidos",-24.6,"Francia, Alemania, Países Bajos",-21.7,"Francia, Alemania, Países Bajos",-21.7,86.1,NA,definitivo
2023,E,Agroalimentario,24,"Café, té, cacao y azúcar",2411,"Café, té, cacao y azúcar",241111,Café,NA,NA,389.19,"Francia, Portugal, Reino Unido",10.6,"Francia, Portugal, Reino Unido",10.6,"Francia, Portugal, Italia",4.1,"Francia, Portugal, Italia",4.1,77.3,NA,definitivo
2023,E,Agroalimentario,24,"Café, té, cacao y azúcar",2411,"Café, té, cacao y azúcar",241112,Extractos de café,NA,NA,594.91,"Francia, Portugal, Reino Unido",10.6,"Francia, Portugal, Reino Unido",10.6,"Reino Unido, Francia, Alemania",12.7,"Reino Unido, Francia, Alemania",12.7,58.0,NA,definitivo
2023,E,Agroalimentario,24,"Café, té, cacao y azúcar",2411,"Café, té, cacao y azúcar",241113,Sucedáneos de café,NA,NA,4.14,"Francia, Portugal, Reino Unido",10.6,"Francia, Portugal, Reino Unido",10.6,"Portugal, Francia, Túnez",-22.9,"Portugal, Francia, Túnez",-22.9,74.5,NA,definitivo
2023,E,Agroalimentario,24,"Café, té, cacao y azúcar",2411,"Café, té, cacao y azúcar",241114,Té,NA,NA,52.50,"Francia, Portugal, Reino Unido",10.6,"Francia, Portugal, Reino Unido",10.6,"Portugal, Francia, Alemania",-16.5,"Portugal, Francia, Alemania",-16.5,67.6,NA,definitivo
2023,E,Agroalimentario,24,"Café, té, cacao y azúcar",2411,"Café, té, cacao y azúcar",241115,Cacao,NA,NA,296.19,"Francia, Portugal, Reino Unido",10.6,"Francia, Portugal, Reino Unido",10.6,"Francia, Estados Unidos, Italia",15.4,"Francia, Estados Unidos, Italia",15.4,45.0,NA,definitivo
2023,E,Agroalimentario,24,"Café, té, cacao y azúcar",2411,"Café, té, cacao y azúcar",241116,Azúcar,NA,NA,164.90,"Francia, Portugal, Reino Unido",10.6,"Francia, Portugal, Reino Unido",10.6,"Francia, Portugal, Italia",21.2,"Francia, Portugal, Italia",21.2,91.5,NA,definitivo
2023,E,Agroalimentario,24,"Café, té, cacao y azúcar",2411,"Café, té, cacao y azúcar",241117,Melazas,NA,NA,7.50,"Francia, Portugal, Reino Unido",10.6,"Francia, Portugal, Reino Unido",10.6,"Portugal, Finlandia, Francia",211.1,"Portugal, Finlandia, Francia",211.1,99.7,NA,definitivo
2023,E,Agroalimentario,25,Industrias agroalimentarias,2511,Industrias agroalimentarias,251111,Miel,NA,NA,107.25,"Francia, Portugal, Alemania",11.3,"Francia, Portugal, Alemania",11.3,"Francia, Alemania, Arabia Saudí",-5.1,"Francia, Alemania, Arabia Saudí",-5.1,70.2,NA,definitivo
2023,E,Agroalimentario,25,Industrias agroalimentarias,2511,Industrias agroalimentarias,251112,Extractos y jugos de origen animal,NA,NA,18.69,"Francia, Portugal, Alemania",11.3,"Francia, Portugal, Alemania",11.3,"Francia, Portugal, Estados Unidos",-15.2,"Francia, Portugal, Estados Unidos",-15.2,67.1,NA,definitivo
2023,E,Agroalimentario,25,Industrias agroalimentarias,2511,Industrias agroalimentarias,251113,Levaduras,NA,NA,52.13,"Francia, Portugal, Alemania",11.3,"Francia, Portugal, Alemania",11.3,"Francia, Portugal, Arabia Saudí",26.6,"Francia, Portugal, Arabia Saudí",26.6,58.3,NA,definitivo
2023,E,Agroalimentario,25,Industrias agroalimentarias,2511,Industrias agroalimentarias,251114,Otras preparaciones alimenticias,NA,NA,1407.62,"Francia, Portugal, Alemania",11.3,"Francia, Portugal, Alemania",11.3,"Alemania, Francia, Portugal",26.9,"Alemania, Francia, Portugal",26.9,55.6,NA,definitivo
2023,E,Agroalimentario,25,Industrias agroalimentarias,2511,Industrias agroalimentarias,251115,Especias,NA,NA,448.32,"Francia, Portugal, Alemania",11.3,"Francia, Portugal, Alemania",11.3,"Estados Unidos, Francia, Alemania",6.9,"Estados Unidos, Francia, Alemania",6.9,47.2,NA,definitivo
2023,E,Agroalimentario,25,Industrias agroalimentarias,2511,Industrias agroalimentarias,251116,"Gomas, resinas y extractos vegetales",NA,NA,593.35,"Francia, Portugal, Alemania",11.3,"Francia, Portugal, Alemania",11.3,"Estados Unidos, Alemania, Francia",-33.0,"Estados Unidos, Alemania, Francia",-33.0,44.1,NA,definitivo
2023,E,Agroalimentario,25,Industrias agroalimentarias,2511,Industrias agroalimentarias,251117,Artículos sin cacao de confitería,NA,NA,922.64,"Francia, Portugal, Alemania",11.3,"Francia, Portugal, Alemania",11.3,"Estados Unidos, Francia, Alemania",18.4,"Estados Unidos, Francia, Alemania",18.4,50.6,NA,definitivo
2023,E,Agroalimentario,25,Industrias agroalimentarias,2511,Industrias agroalimentarias,251118,Chocolate y preparaciones con cacao,NA,NA,693.76,"Francia, Portugal, Alemania",11.3,"Francia, Portugal, Alemania",11.3,"Francia, Portugal, Alemania",12.6,"Francia, Portugal, Alemania",12.6,69.1,NA,definitivo
2023,E,Agroalimentario,25,Industrias agroalimentarias,2511,Industrias agroalimentarias,251119,Pastas alimenticias,NA,NA,246.86,"Francia, Portugal, Alemania",11.3,"Francia, Portugal, Alemania",11.3,"Francia, Portugal, Reino Unido",4.9,"Francia, Portugal, Reino Unido",4.9,90.2,NA,definitivo
2023,E,Agroalimentario,25,Industrias agroalimentarias,2511,Industrias agroalimentarias,251120,"Panadería, pastelería y galletería",NA,NA,1863.68,"Francia, Portugal, Alemania",11.3,"Francia, Portugal, Alemania",11.3,"Portugal, Francia, Reino Unido",19.0,"Portugal, Francia, Reino Unido",19.0,65.2,NA,definitivo
2023,E,Agroalimentario,25,Industrias agroalimentarias,2511,Industrias agroalimentarias,251121,Otras preparaciones de harina y cereales,NA,NA,732.39,"Francia, Portugal, Alemania",11.3,"Francia, Portugal, Alemania",11.3,"Francia, Portugal, Reino Unido",12.8,"Francia, Portugal, Reino Unido",12.8,59.5,NA,definitivo
2023,E,Agroalimentario,25,Industrias agroalimentarias,2511,Industrias agroalimentarias,251122,Salsas y sopas,NA,NA,775.02,"Francia, Portugal, Alemania",11.3,"Francia, Portugal, Alemania",11.3,"Francia, Reino Unido, Italia",17.4,"Francia, Reino Unido, Italia",17.4,61.8,NA,definitivo
2023,E,Agroalimentario,25,Industrias agroalimentarias,2511,Industrias agroalimentarias,251123,Helados,NA,NA,323.58,"Francia, Portugal, Alemania",11.3,"Francia, Portugal, Alemania",11.3,"Portugal, Francia, Reino Unido",29.8,"Portugal, Francia, Reino Unido",29.8,71.2,NA,definitivo
2023,E,Agroalimentario,25,Industrias agroalimentarias,2511,Industrias agroalimentarias,251124,Batidos y postres lácteos,NA,NA,167.12,"Francia, Portugal, Alemania",11.3,"Francia, Portugal, Alemania",11.3,"Portugal, Francia, Reino Unido",6.9,"Portugal, Francia, Reino Unido",6.9,57.8,NA,definitivo
2023,E,Agroalimentario,AR,Otros productos agrícolas,AARR,Otros productos agrícolas,RESTO,Otros productos agrícolas sin rúbrica propia,NA,NA,420.45,"China, Francia, Alemania",-4.2,"China, Francia, Alemania",-4.2,"China, Francia, Alemania",-4.2,"China, Francia, Alemania",-4.2,52.5,NA,definitivo
2023,E,Industrial,2,PRODUCTOS ENERGÉTICOS,21,CARBÓN,210,CARBÓN,2100,CARBÓN,789.05,"Avituallamiento UE, Avituallamiento extra-UE, Francia",-16.9,"Marruecos, Italia, Turquía",44.1,"Marruecos, Italia, Turquía",44.1,"Marruecos, Italia, Turquía",44.1,47.4,47.4,definitivo
2023,E,Industrial,2,PRODUCTOS ENERGÉTICOS,22,PETRÓLEO Y DERIVADOS,220,PETRÓLEO Y DERIVADOS,2200,PETRÓLEO Y DERIVADOS,25406.61,"Avituallamiento UE, Avituallamiento extra-UE, Francia",-16.9,"Avituallamiento UE, Avituallamiento extra-UE, Francia",-8.8,"Avituallamiento UE, Avituallamiento extra-UE, Francia",-8.8,"Avituallamiento UE, Avituallamiento extra-UE, Francia",-8.8,29.2,29.2,definitivo
2023,E,Industrial,2,PRODUCTOS ENERGÉTICOS,23,GAS,230,GAS,2300,GAS,1819.55,"Avituallamiento UE, Avituallamiento extra-UE, Francia",-16.9,"Italia, Marruecos, Estados Unidos",-20.8,"Italia, Marruecos, Estados Unidos",-20.8,"Italia, Marruecos, Estados Unidos",-20.8,58.8,58.8,definitivo
2023,E,Industrial,2,PRODUCTOS ENERGÉTICOS,24,CORRIENTE ELÉCTRICA,240,CORRIENTE ELÉCTRICA,2400,CORRIENTE ELÉCTRICA,2930.22,"Avituallamiento UE, Avituallamiento extra-UE, Francia",-16.9,"Portugal, Francia, Marruecos",-55.3,"Portugal, Francia, Marruecos",-55.3,"Portugal, Francia, Marruecos",-55.3,91.9,91.9,definitivo
2023,E,Industrial,3,MATERIAS PRIMAS,31,MAT. PRIMAS ANIMALES Y VEGETALES,310,MAT. PRIMAS ANIMALES Y VEGETALES,3100,MAT. PRIMAS ANIMALES Y VEGETALES,3579.36,"China, Francia, Portugal",-13.3,"Francia, Portugal, Alemania",-11.1,"Francia, Portugal, Alemania",-11.1,"Francia, Portugal, Alemania",-11.1,69.0,69.0,definitivo
2023,E,Industrial,3,MATERIAS PRIMAS,32,MENAS Y MINERALES,320,MENAS Y MINERALES,3200,MENAS Y MINERALES,4806.42,"China, Francia, Portugal",-13.3,"China, Francia, Portugal",-14.9,"China, Francia, Portugal",-14.9,"China, Francia, Portugal",-14.9,40.0,40.0,definitivo
2023,E,Industrial,4,SEMIMANUFACTURAS,41,METALES NO FERROSOS,410,METALES NO FERROSOS,4100,METALES NO FERROSOS,8255.59,"Francia, Alemania, Portugal",-11.1,"Francia, Italia, Portugal",-11.0,"Francia, Italia, Portugal",-11.0,"Francia, Italia, Portugal",-11.0,69.8,69.8,definitivo
2023,E,Industrial,4,SEMIMANUFACTURAS,42,HIERRO Y ACERO,420,HIERRO Y ACERO,4200,HIERRO Y ACERO,10374.69,"Francia, Alemania, Portugal",-11.1,"Francia, Portugal, Alemania",-17.9,"Francia, Portugal, Alemania",-17.9,"Francia, Portugal, Alemania",-17.9,70.8,70.8,definitivo
2023,E,Industrial,4,SEMIMANUFACTURAS,43,PRODUCTOS QUÍMICOS,431,PRODUCTOS QUÍMICOS ORGÁNICOS,4310,PRODUCTOS QUÍMICOS ORGÁNICOS,7342.17,"Francia, Alemania, Portugal",-11.1,"Francia, Bélgica, Alemania",-11.9,"Panamá, Francia, Bélgica",13.9,"Panamá, Francia, Bélgica",13.9,50.5,50.5,definitivo
2023,E,Industrial,4,SEMIMANUFACTURAS,43,PRODUCTOS QUÍMICOS,432,PRODUCTOS QUÍMICOS INORGÁNICOS,4320,PRODUCTOS QUÍMICOS INORGÁNICOS,1415.09,"Francia, Alemania, Portugal",-11.1,"Francia, Bélgica, Alemania",-11.9,"Francia, Portugal, Brasil",-19.3,"Francia, Portugal, Brasil",-19.3,61.8,61.8,definitivo
2023,E,Industrial,4,SEMIMANUFACTURAS,43,PRODUCTOS QUÍMICOS,433,MEDICAMENTOS,4330,MEDICAMENTOS,21104.98,"Francia, Alemania, Portugal",-11.1,"Francia, Bélgica, Alemania",-11.9,"Bélgica, Suiza, Alemania",-23.3,"Bélgica, Suiza, Alemania",-23.3,57.1,57.1,definitivo
2023,E,Industrial,4,SEMIMANUFACTURAS,43,PRODUCTOS QUÍMICOS,434,PLÁSTICOS,4341,MATERIAS PRIMAS PLÁSTICAS,6425.91,"Francia, Alemania, Portugal",-11.1,"Francia, Bélgica, Alemania",-11.9,"Francia, Portugal, Alemania",-13.7,"Francia, Italia, Alemania",-22.7,67.4,65.7,definitivo
2023,E,Industrial,4,SEMIMANUFACTURAS,43,PRODUCTOS QUÍMICOS,434,PLÁSTICOS,4342,MANUFACTURAS PLÁSTICAS,6777.48,"Francia, Alemania, Portugal",-11.1,"Francia, Bélgica, Alemania",-11.9,"Francia, Portugal, Alemania",-13.7,"Francia, Portugal, Alemania",-2.9,67.4,69.1,definitivo
2023,E,Industrial,4,SEMIMANUFACTURAS,43,PRODUCTOS QUÍMICOS,435,ABONOS,4350,ABONOS,1403.69,"Francia, Alemania, Portugal",-11.1,"Francia, Bélgica, Alemania",-11.9,"Portugal, Francia, Brasil",-28.0,"Portugal, Francia, Brasil",-28.0,44.6,44.6,definitivo
2023,E,Industrial,4,SEMIMANUFACTURAS,43,PRODUCTOS QUÍMICOS,436,COLORANTES Y CURTIENTES,4360,COLORANTES Y CURTIENTES,2939.16,"Francia, Alemania, Portugal",-11.1,"Francia, Bélgica, Alemania",-11.9,"Italia, Portugal, Francia",-11.7,"Italia, Portugal, Francia",-11.7,54.9,54.9,definitivo
2023,E,Industrial,4,SEMIMANUFACTURAS,43,PRODUCTOS QUÍMICOS,437,ACEITES ESENCIALES Y PERFUMADOS,4370,ACEITES ESENCIALES Y PERFUMADOS,8835.00,"Francia, Alemania, Portugal",-11.1,"Francia, Bélgica, Alemania",-11.9,"Francia, Alemania, Portugal",16.7,"Francia, Alemania, Portugal",16.7,52.7,52.7,definitivo
2023,E,Industrial,4,SEMIMANUFACTURAS,43,PRODUCTOS QUÍMICOS,438,OTROS PRODUCTOS QUÍMICOS,4380,OTROS PRODUCTOS QUÍMICOS,7387.26,"Francia, Alemania, Portugal",-11.1,"Francia, Bélgica, Alemania",-11.9,"Francia, Italia, Estados Unidos",-12.2,"Francia, Italia, Estados Unidos",-12.2,65.2,65.2,definitivo
2023,E,Industrial,4,SEMIMANUFACTURAS,44,OTRAS SEMIMANUFACTURAS,441,PAPEL,4410,PAPEL,4879.39,"Francia, Alemania, Portugal",-11.1,"Francia, Portugal, Estados Unidos",-4.0,"Francia, Portugal, Italia",-12.3,"Francia, Portugal, Italia",-12.3,69.2,69.2,definitivo
2023,E,Industrial,4,SEMIMANUFACTURAS,44,OTRAS SEMIMANUFACTURAS,442,MATERIAL DE CONSTRUCCIÓN,4421,CAL Y CEMENTO,1298.99,"Francia, Alemania, Portugal",-11.1,"Francia, Portugal, Estados Unidos",-4.0,"Francia, Estados Unidos, Reino Unido",-9.3,"Francia, Reino Unido, Portugal",1.5,50.0,58.4,definitivo
2023,E,Industrial,4,SEMIMANUFACTURAS,44,OTRAS SEMIMANUFACTURAS,442,MATERIAL DE CONSTRUCCIÓN,4422,OTROS MAT. DE CONSTRUCCIÓN,5914.98,"Francia, Alemania, Portugal",-11.1,"Francia, Portugal, Estados Unidos",-4.0,"Francia, Estados Unidos, Reino Unido",-9.3,"Estados Unidos, Francia, Reino Unido",-11.5,50.0,44.3,definitivo
2023,E,Industrial,4,SEMIMANUFACTURAS,44,OTRAS SEMIMANUFACTURAS,442,MATERIAL DE CONSTRUCCIÓN,4423,VIDRIO,889.49,"Francia, Alemania, Portugal",-11.1,"Francia, Portugal, Estados Unidos",-4.0,"Francia, Estados Unidos, Reino Unido",-9.3,"Francia, Portugal, Alemania",-8.5,50.0,75.5,definitivo
2023,E,Industrial,4,SEMIMANUFACTURAS,44,OTRAS SEMIMANUFACTURAS,443,NEUMÁTICOS Y CÁMARAS,4430,NEUMÁTICOS Y CÁMARAS,3506.69,"Francia, Alemania, Portugal",-11.1,"Francia, Portugal, Estados Unidos",-4.0,"Francia, Alemania, Portugal",26.5,"Francia, Alemania, Portugal",26.5,66.7,66.7,definitivo
2023,E,Industrial,4,SEMIMANUFACTURAS,44,OTRAS SEMIMANUFACTURAS,444,RESTO OTRAS SEMIMANUFACTURAS,4440,RESTO OTRAS SEMIMANUFACTURAS,3305.19,"Francia, Alemania, Portugal",-11.1,"Francia, Portugal, Estados Unidos",-4.0,"Francia, Portugal, Alemania",-1.6,"Francia, Portugal, Alemania",-1.6,61.9,61.9,definitivo
2023,E,Industrial,5,BIENES DE EQUIPO,51,MAQ. ESPECIFICA CIERTAS INDUSTRIAS,511,MAQUINARIA AGRÍCOLA,5110,MAQUINARIA AGRÍCOLA,742.72,"Francia, Alemania, Estados Unidos",9.8,"Francia, Alemania, Estados Unidos",7.4,"Francia, Portugal, Estados Unidos",6.2,"Francia, Portugal, Estados Unidos",6.2,58.0,58.0,definitivo
2023,E,Industrial,5,BIENES DE EQUIPO,51,MAQ. ESPECIFICA CIERTAS INDUSTRIAS,512,MAQUINARIA OBRAS PUBLICAS,5120,MAQUINARIA OBRAS PUBLICAS,599.43,"Francia, Alemania, Estados Unidos",9.8,"Francia, Alemania, Estados Unidos",7.4,"Francia, Alemania, Portugal",-4.0,"Francia, Alemania, Portugal",-4.0,46.9,46.9,definitivo
2023,E,Industrial,5,BIENES DE EQUIPO,51,MAQ. ESPECIFICA CIERTAS INDUSTRIAS,513,MAQUINARIA TEXTIL,5130,MAQUINARIA TEXTIL,357.64,"Francia, Alemania, Estados Unidos",9.8,"Francia, Alemania, Estados Unidos",7.4,"Estados Unidos, Portugal, Turquía",-0.4,"Estados Unidos, Portugal, Turquía",-0.4,28.5,28.5,definitivo
2023,E,Industrial,5,BIENES DE EQUIPO,51,MAQ. ESPECIFICA CIERTAS INDUSTRIAS,514,MAQUINARIA PARA TRABAJAR METAL,5140,MAQUINARIA PARA TRABAJAR METAL,1741.45,"Francia, Alemania, Estados Unidos",9.8,"Francia, Alemania, Estados Unidos",7.4,"Estados Unidos, Alemania, Italia",22.2,"Estados Unidos, Alemania, Italia",22.2,47.3,47.3,definitivo
2023,E,Industrial,5,BIENES DE EQUIPO,51,MAQ. ESPECIFICA CIERTAS INDUSTRIAS,515,MAQ. PARA CIERTAS INDUSTRIAS,5150,MAQ. PARA CIERTAS INDUSTRIAS,2716.94,"Francia, Alemania, Estados Unidos",9.8,"Francia, Alemania, Estados Unidos",7.4,"Estados Unidos, Portugal, Francia",6.2,"Estados Unidos, Portugal, Francia",6.2,44.3,44.3,definitivo
2023,E,Industrial,5,BIENES DE EQUIPO,51,MAQ. ESPECIFICA CIERTAS INDUSTRIAS,516,MAQ. PARA USO GRAL INDUSTRIA,5160,MAQ. PARA USO GRAL INDUSTRIA,12990.11,"Francia, Alemania, Estados Unidos",9.8,"Francia, Alemania, Estados Unidos",7.4,"Francia, Alemania, Estados Unidos",6.8,"Francia, Alemania, Estados Unidos",6.8,53.2,53.2,definitivo
2023,E,Industrial,5,BIENES DE EQUIPO,52,EQUIPO OFICINA Y TELECOMUNIC.,521,EQUIPO DE OFICINA,5210,EQUIPO DE OFICINA,455.89,"Francia, Alemania, Estados Unidos",9.8,"Portugal, Alemania, Francia",4.9,"Portugal, Estados Unidos, Francia",3.1,"Portugal, Estados Unidos, Francia",3.1,53.5,53.5,definitivo
2023,E,Industrial,5,BIENES DE EQUIPO,52,EQUIPO OFICINA Y TELECOMUNIC.,522,MAQ. AUTOMATIZACION DATOS,5220,MAQ. AUTOMATIZACION DATOS,1084.29,"Francia, Alemania, Estados Unidos",9.8,"Portugal, Alemania, Francia",4.9,"Portugal, Francia, Alemania",2.8,"Portugal, Francia, Alemania",2.8,78.4,78.4,definitivo
2023,E,Industrial,5,BIENES DE EQUIPO,52,EQUIPO OFICINA Y TELECOMUNIC.,523,EQUIPO TELECOMUNICACIÓN,5230,EQUIPO TELECOMUNICACIÓN,3211.44,"Francia, Alemania, Estados Unidos",9.8,"Portugal, Alemania, Francia",4.9,"Portugal, Italia, Alemania",5.9,"Portugal, Italia, Alemania",5.9,66.9,66.9,definitivo
2023,E,Industrial,5,BIENES DE EQUIPO,53,MATERIAL TRANSPORTE,531,MATERIAL FERROVIARIO,5310,MATERIAL FERROVIARIO,1820.25,"Francia, Alemania, Estados Unidos",9.8,"Francia, Italia, Alemania",12.1,"Alemania, Reino Unido, Australia",33.8,"Alemania, Reino Unido, Australia",33.8,47.3,47.3,definitivo
2023,E,Industrial,5,BIENES DE EQUIPO,53,MATERIAL TRANSPORTE,532,VEHIC. TRANS. MERCANCÍAS CARR.,5320,VEHIC. TRANS. MERCANCÍAS CARR.,10116.59,"Francia, Alemania, Estados Unidos",9.8,"Francia, Italia, Alemania",12.1,"Italia, Francia, Alemania",37.4,"Italia, Francia, Alemania",37.4,64.9,64.9,definitivo
2023,E,Industrial,5,BIENES DE EQUIPO,53,MATERIAL TRANSPORTE,533,BUQUES,5330,BUQUES,1428.85,"Francia, Alemania, Estados Unidos",9.8,"Francia, Italia, Alemania",12.1,"Arabia Saudí, Gibraltar, Reino Unido",-27.0,"Arabia Saudí, Gibraltar, Reino Unido",-27.0,8.2,8.2,definitivo
2023,E,Industrial,5,BIENES DE EQUIPO,53,MATERIAL TRANSPORTE,534,AERONAVES,5340,AERONAVES,4322.91,"Francia, Alemania, Estados Unidos",9.8,"Francia, Italia, Alemania",12.1,"Francia, Alemania, Reino Unido",-15.1,"Francia, Alemania, Reino Unido",-15.1,65.6,65.6,definitivo
2023,E,Industrial,5,BIENES DE EQUIPO,54,OTROS BIENES DE EQUIPO,541,EQUIPO GENERADOR DE FUERZA,5410,EQUIPO GENERADOR DE FUERZA,3422.14,"Francia, Alemania, Estados Unidos",9.8,"Francia, Alemania, Estados Unidos",10.6,"Reino Unido, Estados Unidos, Francia",28.4,"Reino Unido, Estados Unidos, Francia",28.4,24.3,24.3,definitivo
2023,E,Industrial,5,BIENES DE EQUIPO,54,OTROS BIENES DE EQUIPO,542,APARATOS ELÉCTRICOS,5421,MOTORES ELÉCTRICOS,1970.43,"Francia, Alemania, Estados Unidos",9.8,"Francia, Alemania, Estados Unidos",10.6,"Francia, Alemania, Estados Unidos",12.4,"Alemania, Suecia, Francia",9.1,58.2,60.6,definitivo
2023,E,Industrial,5,BIENES DE EQUIPO,54,OTROS BIENES DE EQUIPO,542,APARATOS ELÉCTRICOS,5422,TRANSFORMADORES ELÉCTRICOS,2322.43,"Francia, Alemania, Estados Unidos",9.8,"Francia, Alemania, Estados Unidos",10.6,"Francia, Alemania, Estados Unidos",12.4,"Estados Unidos, Francia, Australia",50.7,58.2,26.7,definitivo
2023,E,Industrial,5,BIENES DE EQUIPO,54,OTROS BIENES DE EQUIPO,542,APARATOS ELÉCTRICOS,5423,OTROS APARATOS ELÉCTRICOS,11150.04,"Francia, Alemania, Estados Unidos",9.8,"Francia, Alemania, Estados Unidos",10.6,"Francia, Alemania, Estados Unidos",12.4,"Francia, Alemania, Portugal",7.3,58.2,64.4,definitivo
2023,E,Industrial,5,BIENES DE EQUIPO,54,OTROS BIENES DE EQUIPO,543,APARATOS DE PRECISIÓN,5430,APARATOS DE PRECISIÓN,2875.30,"Francia, Alemania, Estados Unidos",9.8,"Francia, Alemania, Estados Unidos",10.6,"Francia, Portugal, Alemania",8.3,"Francia, Portugal, Alemania",8.3,58.0,58.0,definitivo
2023,E,Industrial,5,BIENES DE EQUIPO,54,OTROS BIENES DE EQUIPO,544,RESTO BIENES DE EQUIPO,5440,RESTO BIENES DE EQUIPO,11270.31,"Francia, Alemania, Estados Unidos",9.8,"Francia, Alemania, Estados Unidos",10.6,"Francia, Alemania, Portugal",4.5,"Francia, Alemania, Portugal",4.5,67.4,67.4,definitivo
2023,E,Industrial,6,SECTOR AUTOMÓVIL,61,AUTOMÓVILES Y MOTOS,610,AUTOMÓVILES Y MOTOS,6100,AUTOMÓVILES Y MOTOS,39209.99,"Alemania, Francia, Italia",20.0,"Alemania, Francia, Italia",20.7,"Alemania, Francia, Italia",20.7,"Alemania, Francia, Italia",20.7,71.6,71.6,definitivo
2023,E,Industrial,6,SECTOR AUTOMÓVIL,62,COMPONENTES DEL AUTOMÓVIL,620,COMPONENTES DEL AUTOMÓVIL,6200,COMPONENTES DEL AUTOMÓVIL,14538.30,"Alemania, Francia, Italia",20.0,"Alemania, Francia, Marruecos",18.3,"Alemania, Francia, Marruecos",18.3,"Alemania, Francia, Marruecos",18.3,61.5,61.5,definitivo
2023,E,Industrial,7,BIENES DE CONSUMO DURADERO,71,ELECTRODOMÉSTICOS,710,ELECTRODOMÉSTICOS,7100,ELECTRODOMÉSTICOS,1778.89,"Francia, Portugal, Alemania",-2.5,"Portugal, Alemania, Francia",-12.2,"Portugal, Alemania, Francia",-12.2,"Portugal, Alemania, Francia",-12.2,81.8,81.8,definitivo
2023,E,Industrial,7,BIENES DE CONSUMO DURADERO,72,ELECTRÓNICA DE CONSUMO,720,ELECTRÓNICA DE CONSUMO,7200,ELECTRÓNICA DE CONSUMO,399.77,"Francia, Portugal, Alemania",-2.5,"Francia, Portugal, Turquía",1.1,"Francia, Portugal, Turquía",1.1,"Francia, Portugal, Turquía",1.1,71.3,71.3,definitivo
2023,E,Industrial,7,BIENES DE CONSUMO DURADERO,73,MUEBLES,730,MUEBLES,7300,MUEBLES,3054.40,"Francia, Portugal, Alemania",-2.5,"Francia, Portugal, Estados Unidos",3.4,"Francia, Portugal, Estados Unidos",3.4,"Francia, Portugal, Estados Unidos",3.4,65.0,65.0,definitivo
2023,E,Industrial,7,BIENES DE CONSUMO DURADERO,74,OTROS BIENES CONSUMO DURADERO,740,OTROS BIENES CONSUMO DURADERO,7400,OTROS BIENES CONSUMO DURADERO,702.84,"Francia, Portugal, Alemania",-2.5,"Francia, Portugal, Alemania",-1.0,"Francia, Portugal, Alemania",-1.0,"Francia, Portugal, Alemania",-1.0,73.7,73.7,definitivo
2023,E,Industrial,8,MANUFACTURAS DE CONSUMO,81,TEXTILES Y CONFECCIÓN,811,FIBRAS TEXTILES,8110,FIBRAS TEXTILES,307.35,"Francia, Italia, Portugal",-2.4,"Francia, Italia, Portugal",-8.2,"Bélgica, Marruecos, Bangladesh",-9.9,"Bélgica, Marruecos, Bangladesh",-9.9,55.7,55.7,definitivo
2023,E,Industrial,8,MANUFACTURAS DE CONSUMO,81,TEXTILES Y CONFECCIÓN,812,HILADOS,8120,HILADOS,449.20,"Francia, Italia, Portugal",-2.4,"Francia, Italia, Portugal",-8.2,"Alemania, Italia, Francia",-18.0,"Alemania, Italia, Francia",-18.0,79.0,79.0,definitivo
2023,E,Industrial,8,MANUFACTURAS DE CONSUMO,81,TEXTILES Y CONFECCIÓN,813,TEJIDOS,8130,TEJIDOS,2094.42,"Francia, Italia, Portugal",-2.4,"Francia, Italia, Portugal",-8.2,"Marruecos, Italia, Francia",-2.8,"Marruecos, Italia, Francia",-2.8,34.5,34.5,definitivo
2023,E,Industrial,8,MANUFACTURAS DE CONSUMO,81,TEXTILES Y CONFECCIÓN,814,VESTUARIO,8141,ROPA DE PUNTO,1870.89,"Francia, Italia, Portugal",-2.4,"Francia, Italia, Portugal",-8.2,"Francia, Italia, Polonia",-9.2,"Francia, Italia, Portugal",-8.7,80.0,83.9,definitivo
2023,E,Industrial,8,MANUFACTURAS DE CONSUMO,81,TEXTILES Y CONFECCIÓN,814,VESTUARIO,8142,ROPA NO DE PUNTO,6342.54,"Francia, Italia, Portugal",-2.4,"Francia, Italia, Portugal",-8.2,"Francia, Italia, Polonia",-9.2,"Francia, Italia, Polonia",-11.4,80.0,80.3,definitivo
2023,E,Industrial,8,MANUFACTURAS DE CONSUMO,81,TEXTILES Y CONFECCIÓN,814,VESTUARIO,8143,RESTO DE PRENDAS,5716.86,"Francia, Italia, Portugal",-2.4,"Francia, Italia, Portugal",-8.2,"Francia, Italia, Polonia",-9.2,"Francia, Italia, Portugal",-6.8,80.0,78.5,definitivo
2023,E,Industrial,8,MANUFACTURAS DE CONSUMO,81,TEXTILES Y CONFECCIÓN,815,RESTO TEXTILES,8150,RESTO TEXTILES,1856.00,"Francia, Italia, Portugal",-2.4,"Francia, Italia, Portugal",-8.2,"Francia, Portugal, Marruecos",-2.9,"Francia, Portugal, Marruecos",-2.9,67.6,67.6,definitivo
2023,E,Industrial,8,MANUFACTURAS DE CONSUMO,82,CALZADO,820,CALZADO,8200,CALZADO,3475.46,"Francia, Italia, Portugal",-2.4,"Francia, Italia, Alemania",6.7,"Francia, Italia, Alemania",6.7,"Francia, Italia, Alemania",6.7,75.0,75.0,definitivo
2023,E,Industrial,8,MANUFACTURAS DE CONSUMO,83,JUGUETES,830,JUGUETES,8300,JUGUETES,2139.48,"Francia, Italia, Portugal",-2.4,"Francia, Italia, Portugal",2.5,"Francia, Italia, Portugal",2.5,"Francia, Italia, Portugal",2.5,84.3,84.3,definitivo
2023,E,Industrial,8,MANUFACTURAS DE CONSUMO,84,ALFARERÍA,840,ALFARERÍA,8400,ALFARERÍA,111.98,"Francia, Italia, Portugal",-2.4,"Francia, Italia, Portugal",-0.5,"Francia, Italia, Portugal",-0.5,"Francia, Italia, Portugal",-0.5,56.9,56.9,definitivo
2023,E,Industrial,8,MANUFACTURAS DE CONSUMO,85,JOYERÍA Y RELOJES,850,JOYERÍA Y RELOJES,8500,JOYERÍA Y RELOJES,991.88,"Francia, Italia, Portugal",-2.4,"Francia, Estados Unidos, Portugal",-19.6,"Francia, Estados Unidos, Portugal",-19.6,"Francia, Estados Unidos, Portugal",-19.6,49.2,49.2,definitivo
2023,E,Industrial,8,MANUFACTURAS DE CONSUMO,86,CUERO Y MANUFACTURAS DEL CUERO,860,CUERO Y MANUFACTURAS DEL CUERO,8600,CUERO Y MANUFACTURAS DEL CUERO,576.05,"Francia, Italia, Portugal",-2.4,"Italia, Francia, Portugal",1.4,"Italia, Francia, Portugal",1.4,"Italia, Francia, Portugal",1.4,79.0,79.0,definitivo
2023,E,Industrial,8,MANUFACTURAS DE CONSUMO,87,OTRAS MANUFACTURAS DE CONSUMO,870,OTRAS MANUFACTURAS DE CONSUMO,8700,OTRAS MANUFACTURAS DE CONSUMO,7449.44,"Francia, Italia, Portugal",-2.4,"Francia, Portugal, Italia",12.3,"Francia, Portugal, Italia",12.3,"Francia, Portugal, Italia",12.3,58.5,58.5,definitivo
2023,I,Agroalimentario,11,Sectores Cárnicos,1111,Bovino,111111,Animales vivos de bovinos,NA,NA,292.26,"Países Bajos, Francia, Alemania",13.8,"Países Bajos, Francia, Polonia",6.8,"Francia, Irlanda, Portugal",20.2,"Francia, Irlanda, Portugal",20.2,100.0,NA,definitivo
2023,I,Agroalimentario,11,Sectores Cárnicos,1111,Bovino,111112,Carne fresca o refrigerada de bovino,NA,NA,734.82,"Países Bajos, Francia, Alemania",13.8,"Países Bajos, Francia, Polonia",6.8,"Países Bajos, Polonia, Alemania",12.5,"Países Bajos, Polonia, Alemania",12.5,88.4,NA,definitivo
2023,I,Agroalimentario,11,Sectores Cárnicos,1111,Bovino,111113,Carne congelada de bovino,NA,NA,163.35,"Países Bajos, Francia, Alemania",13.8,"Países Bajos, Francia, Polonia",6.8,"Polonia, Brasil, Alemania",-16.4,"Polonia, Brasil, Alemania",-16.4,78.1,NA,definitivo
2023,I,Agroalimentario,11,Sectores Cárnicos,1111,Bovino,111114,Preparaciones y despojos de bovino,NA,NA,48.20,"Países Bajos, Francia, Alemania",13.8,"Países Bajos, Francia, Polonia",6.8,"Países Bajos, Alemania, Portugal",-30.2,"Países Bajos, Alemania, Portugal",-30.2,93.1,NA,definitivo
2023,I,Agroalimentario,11,Sectores Cárnicos,1111,Bovino,111115,Despojos de bovino,NA,NA,25.88,"Países Bajos, Francia, Alemania",13.8,"Países Bajos, Francia, Polonia",6.8,"Alemania, Francia, Irlanda",10.0,"Alemania, Francia, Irlanda",10.0,95.9,NA,definitivo
2023,I,Agroalimentario,11,Sectores Cárnicos,1112,Ovino-caprino,111211,Animales vivos de ovino-caprino,NA,NA,22.27,"Países Bajos, Francia, Alemania",13.8,"Italia, Francia, Portugal",1.7,"Francia, Portugal, Grecia",91.6,"Francia, Portugal, Grecia",91.6,99.9,NA,definitivo
2023,I,Agroalimentario,11,Sectores Cárnicos,1112,Ovino-caprino,111212,Carne de ovino-caprino,NA,NA,50.36,"Países Bajos, Francia, Alemania",13.8,"Italia, Francia, Portugal",1.7,"Italia, Francia, Nueva Zelanda",-15.7,"Italia, Francia, Nueva Zelanda",-15.7,82.1,NA,definitivo
2023,I,Agroalimentario,11,Sectores Cárnicos,1112,Ovino-caprino,111213,Preparaciones de ovino-caprino,NA,NA,3.68,"Países Bajos, Francia, Alemania",13.8,"Italia, Francia, Portugal",1.7,"Alemania, Francia, Rumanía",0.9,"Alemania, Francia, Rumanía",0.9,98.9,NA,definitivo
2023,I,Agroalimentario,11,Sectores Cárnicos,1112,Ovino-caprino,111214,Despojos,NA,NA,1.76,"Países Bajos, Francia, Alemania",13.8,"Italia, Francia, Portugal",1.7,"Portugal, Nueva Zelanda, Italia",-2.6,"Portugal, Nueva Zelanda, Italia",-2.6,80.0,NA,definitivo
2023,I,Agroalimentario,11,Sectores Cárnicos,1113,Porcino,111311,Animales vivos de porcino,NA,NA,430.56,"Países Bajos, Francia, Alemania",13.8,"Países Bajos, Portugal, Alemania",31.4,"Países Bajos, Portugal, Bélgica",59.2,"Países Bajos, Portugal, Bélgica",59.2,100.0,NA,definitivo
2023,I,Agroalimentario,11,Sectores Cárnicos,1113,Porcino,111312,Carne fresca y refrigerada de porcino,NA,NA,134.07,"Países Bajos, Francia, Alemania",13.8,"Países Bajos, Portugal, Alemania",31.4,"Francia, Portugal, Alemania",11.9,"Francia, Portugal, Alemania",11.9,99.7,NA,definitivo
2023,I,Agroalimentario,11,Sectores Cárnicos,1113,Porcino,111313,Carne congelada de porcino,NA,NA,138.03,"Países Bajos, Francia, Alemania",13.8,"Países Bajos, Portugal, Alemania",31.4,"Francia, Alemania, Dinamarca",18.2,"Francia, Alemania, Dinamarca",18.2,94.9,NA,definitivo
2023,I,Agroalimentario,11,Sectores Cárnicos,1113,Porcino,111314,Tocino de porcino,NA,NA,9.36,"Países Bajos, Francia, Alemania",13.8,"Países Bajos, Portugal, Alemania",31.4,"Alemania, Francia, Italia",14.7,"Alemania, Francia, Italia",14.7,97.5,NA,definitivo
2023,I,Agroalimentario,11,Sectores Cárnicos,1113,Porcino,111315,Jamones y paleta de porcino,NA,NA,24.93,"Países Bajos, Francia, Alemania",13.8,"Países Bajos, Portugal, Alemania",31.4,"Italia, Alemania, Países Bajos",34.2,"Italia, Alemania, Países Bajos",34.2,92.3,NA,definitivo
2023,I,Agroalimentario,11,Sectores Cárnicos,1113,Porcino,111316,Preparaciones de porcino,NA,NA,226.55,"Países Bajos, Francia, Alemania",13.8,"Países Bajos, Portugal, Alemania",31.4,"Alemania, Italia, Francia",14.5,"Alemania, Italia, Francia",14.5,98.2,NA,definitivo
2023,I,Agroalimentario,11,Sectores Cárnicos,1113,Porcino,111317,Despojos de porcino,NA,NA,34.45,"Países Bajos, Francia, Alemania",13.8,"Países Bajos, Portugal, Alemania",31.4,"Polonia, Francia, Países Bajos",25.2,"Polonia, Francia, Países Bajos",25.2,98.3,NA,definitivo
2023,I,Agroalimentario,11,Sectores Cárnicos,1114,Aves y huevos,111411,Animales vivos de aves,NA,NA,55.11,"Países Bajos, Francia, Alemania",13.8,"Polonia, Francia, Países Bajos",10.9,"Portugal, Francia, Países Bajos",12.7,"Portugal, Francia, Países Bajos",12.7,99.7,NA,definitivo
2023,I,Agroalimentario,11,Sectores Cárnicos,1114,Aves y huevos,111412,Carne de aves,NA,NA,542.88,"Países Bajos, Francia, Alemania",13.8,"Polonia, Francia, Países Bajos",10.9,"Polonia, Alemania, Países Bajos",5.9,"Polonia, Alemania, Países Bajos",5.9,86.6,NA,definitivo
2023,I,Agroalimentario,11,Sectores Cárnicos,1114,Aves y huevos,111413,Huevos y Ovoproductos,NA,NA,147.19,"Países Bajos, Francia, Alemania",13.8,"Polonia, Francia, Países Bajos",10.9,"Portugal, Francia, Italia",18.6,"Portugal, Francia, Italia",18.6,96.3,NA,definitivo
2023,I,Agroalimentario,11,Sectores Cárnicos,1114,Aves y huevos,111414,Preparados de aves,NA,NA,258.42,"Países Bajos, Francia, Alemania",13.8,"Polonia, Francia, Países Bajos",10.9,"Países Bajos, Francia, Alemania",17.8,"Países Bajos, Francia, Alemania",17.8,94.1,NA,definitivo
2023,I,Agroalimentario,11,Sectores Cárnicos,1115,Otros animales,111511,Otros animales vivos,NA,NA,67.62,"Países Bajos, Francia, Alemania",13.8,"Francia, Portugal, Países Bajos",-0.9,"Francia, Países Bajos, Bélgica",-3.3,"Francia, Países Bajos, Bélgica",-3.3,82.6,NA,definitivo
2023,I,Agroalimentario,11,Sectores Cárnicos,1115,Otros animales,111512,Carne de otros animales,NA,NA,29.27,"Países Bajos, Francia, Alemania",13.8,"Francia, Portugal, Países Bajos",-0.9,"Francia, Portugal, Países Bajos",5.3,"Francia, Portugal, Países Bajos",5.3,94.5,NA,definitivo
2023,I,Agroalimentario,12,Lácteos,1211,Lácteos,121111,Leche,NA,NA,455.12,"Francia, Países Bajos, Alemania",7.7,"Francia, Países Bajos, Alemania",7.7,"Francia, Países Bajos, Portugal",7.9,"Francia, Países Bajos, Portugal",7.9,98.7,NA,definitivo
2023,I,Agroalimentario,12,Lácteos,1211,Lácteos,121112,Mantequilla,NA,NA,195.55,"Francia, Países Bajos, Alemania",7.7,"Francia, Países Bajos, Alemania",7.7,"Países Bajos, Francia, Bélgica",5.6,"Países Bajos, Francia, Bélgica",5.6,99.3,NA,definitivo
2023,I,Agroalimentario,12,Lácteos,1211,Lácteos,121113,Quesos,NA,NA,1741.00,"Francia, Países Bajos, Alemania",7.7,"Francia, Países Bajos, Alemania",7.7,"Países Bajos, Alemania, Francia",6.3,"Países Bajos, Alemania, Francia",6.3,98.2,NA,definitivo
2023,I,Agroalimentario,12,Lácteos,1211,Lácteos,121114,Yogures y lactosueros,NA,NA,423.86,"Francia, Países Bajos, Alemania",7.7,"Francia, Países Bajos, Alemania",7.7,"Francia, Alemania, Portugal",14.9,"Francia, Alemania, Portugal",14.9,96.1,NA,definitivo
2023,I,Agroalimentario,13,Pesca,1311,Pesca,131111,Peces vivos,NA,NA,184.13,"Marruecos, Ecuador, Suecia",-8.0,"Marruecos, Ecuador, Suecia",-8.0,"Suecia, No determinado UE, Noruega",55.5,"Suecia, No determinado UE, Noruega",55.5,58.8,NA,definitivo
2023,I,Agroalimentario,13,Pesca,1311,Pesca,131112,Pescado fresco,NA,NA,1581.48,"Marruecos, Ecuador, Suecia",-8.0,"Marruecos, Ecuador, Suecia",-8.0,"Suecia, Grecia, Francia",-3.3,"Suecia, Grecia, Francia",-3.3,70.8,NA,definitivo
2023,I,Agroalimentario,13,Pesca,1311,Pesca,131112,Pescado fresco,1311121,Merluza fresca,141.92,"Marruecos, Ecuador, Suecia",-8.0,"Marruecos, Ecuador, Suecia",-8.0,"Suecia, Grecia, Francia",-3.3,"Francia, Chile, Dinamarca",-1.9,70.8,58.5,definitivo
2023,I,Agroalimentario,13,Pesca,1311,Pesca,131112,Pescado fresco,1311122,Atún fresco,43.65,"Marruecos, Ecuador, Suecia",-8.0,"Marruecos, Ecuador, Suecia",-8.0,"Suecia, Grecia, Francia",-3.3,"Francia, Italia, Portugal",-17.2,70.8,74.0,definitivo
2023,I,Agroalimentario,13,Pesca,1311,Pesca,131112,Pescado fresco,1311123,Bacalao fresco,25.64,"Marruecos, Ecuador, Suecia",-8.0,"Marruecos, Ecuador, Suecia",-8.0,"Suecia, Grecia, Francia",-3.3,"Noruega, Dinamarca, Suecia",-4.9,70.8,57.4,definitivo
2023,I,Agroalimentario,13,Pesca,1311,Pesca,131112,Pescado fresco,1311124,Rape fresco,59.54,"Marruecos, Ecuador, Suecia",-8.0,"Marruecos, Ecuador, Suecia",-8.0,"Suecia, Grecia, Francia",-3.3,"Francia, Irlanda, Reino Unido",-3.6,70.8,87.1,definitivo
2023,I,Agroalimentario,13,Pesca,1311,Pesca,131112,Pescado fresco,1311125,Otro pescado fresco,1310.73,"Marruecos, Ecuador, Suecia",-8.0,"Marruecos, Ecuador, Suecia",-8.0,"Suecia, Grecia, Francia",-3.3,"Suecia, Grecia, Noruega",-2.8,70.8,71.6,definitivo
2023,I,Agroalimentario,13,Pesca,1311,Pesca,131113,Pescado congelado,NA,NA,1528.83,"Marruecos, Ecuador, Suecia",-8.0,"Marruecos, Ecuador, Suecia",-8.0,"Namibia, China, Islandia",-11.1,"Namibia, China, Islandia",-11.1,19.0,NA,definitivo
2023,I,Agroalimentario,13,Pesca,1311,Pesca,131113,Pescado congelado,1311131,Atún congelado,194.24,"Marruecos, Ecuador, Suecia",-8.0,"Marruecos, Ecuador, Suecia",-8.0,"Namibia, China, Islandia",-11.1,"Panamá, Seychelles, El Salvador",-37.4,19.0,6.7,definitivo
2023,I,Agroalimentario,13,Pesca,1311,Pesca,131113,Pescado congelado,1311132,Merluza congelada (entera y filetes),333.67,"Marruecos, Ecuador, Suecia",-8.0,"Marruecos, Ecuador, Suecia",-8.0,"Namibia, China, Islandia",-11.1,"Namibia, Sudáfrica, Argentina",16.0,19.0,3.5,definitivo
2023,I,Agroalimentario,13,Pesca,1311,Pesca,131113,Pescado congelado,1311133,Otro pescado congelado,1000.92,"Marruecos, Ecuador, Suecia",-8.0,"Marruecos, Ecuador, Suecia",-8.0,"Namibia, China, Islandia",-11.1,"Islandia, China, Portugal",-10.7,19.0,26.5,definitivo
2023,I,Agroalimentario,13,Pesca,1311,Pesca,131114,"Moluscos, crustáceos y otros invertebrados acuáticos",NA,NA,3440.75,"Marruecos, Ecuador, Suecia",-8.0,"Marruecos, Ecuador, Suecia",-8.0,"Marruecos, Ecuador, Argentina",-12.5,"Marruecos, Ecuador, Argentina",-12.5,15.7,NA,definitivo
2023,I,Agroalimentario,13,Pesca,1311,Pesca,131114,"Moluscos, crustáceos y otros invertebrados acuáticos",1311141,Mejillón,16.57,"Marruecos, Ecuador, Suecia",-8.0,"Marruecos, Ecuador, Suecia",-8.0,"Marruecos, Ecuador, Argentina",-12.5,"Nueva Zelanda, Francia, Italia",1.2,15.7,59.7,definitivo
2023,I,Agroalimentario,13,Pesca,1311,Pesca,131114,"Moluscos, crustáceos y otros invertebrados acuáticos",1311142,Calamar y sepia,1218.66,"Marruecos, Ecuador, Suecia",-8.0,"Marruecos, Ecuador, Suecia",-8.0,"Marruecos, Ecuador, Argentina",-12.5,"Marruecos, Islas Malvinas, India",-9.7,15.7,8.2,definitivo
2023,I,Agroalimentario,13,Pesca,1311,Pesca,131114,"Moluscos, crustáceos y otros invertebrados acuáticos",1311143,Pulpo,651.97,"Marruecos, Ecuador, Suecia",-8.0,"Marruecos, Ecuador, Suecia",-8.0,"Marruecos, Ecuador, Argentina",-12.5,"Marruecos, Mauritania, Portugal",-13.3,15.7,10.3,definitivo
2023,I,Agroalimentario,13,Pesca,1311,Pesca,131114,"Moluscos, crustáceos y otros invertebrados acuáticos",1311144,Langostino y gamba,1104.12,"Marruecos, Ecuador, Suecia",-8.0,"Marruecos, Ecuador, Suecia",-8.0,"Marruecos, Ecuador, Argentina",-12.5,"Ecuador, Argentina, China",-10.8,15.7,10.2,definitivo
2023,I,Agroalimentario,13,Pesca,1311,Pesca,131114,"Moluscos, crustáceos y otros invertebrados acuáticos",1311145,Almeja y ostra,126.76,"Marruecos, Ecuador, Suecia",-8.0,"Marruecos, Ecuador, Suecia",-8.0,"Marruecos, Ecuador, Argentina",-12.5,"Italia, Francia, Portugal",-13.7,15.7,91.4,definitivo
2023,I,Agroalimentario,13,Pesca,1311,Pesca,131114,"Moluscos, crustáceos y otros invertebrados acuáticos",1311146,Otros moluscos y crustáceos,322.66,"Marruecos, Ecuador, Suecia",-8.0,"Marruecos, Ecuador, Suecia",-8.0,"Marruecos, Ecuador, Argentina",-12.5,"Francia, Marruecos, Canadá",-25.2,15.7,41.3,definitivo
2023,I,Agroalimentario,13,Pesca,1311,Pesca,131115,Los demás preparados de productos de la pesca,NA,NA,225.98,"Marruecos, Ecuador, Suecia",-8.0,"Marruecos, Ecuador, Suecia",-8.0,"Islandia, Islas Feroe, Países Bajos",-1.7,"Islandia, Islas Feroe, Países Bajos",-1.7,38.5,NA,definitivo
2023,I,Agroalimentario,13,Pesca,1311,Pesca,131116,Conservas de pescados,NA,NA,1068.96,"Marruecos, Ecuador, Suecia",-8.0,"Marruecos, Ecuador, Suecia",-8.0,"Ecuador, China, Marruecos",-5.3,"Ecuador, China, Marruecos",-5.3,17.0,NA,definitivo
2023,I,Agroalimentario,13,Pesca,1311,Pesca,131116,Conservas de pescados,1311161,Atún y bonito en conserva,755.68,"Marruecos, Ecuador, Suecia",-8.0,"Marruecos, Ecuador, Suecia",-8.0,"Ecuador, China, Marruecos",-5.3,"Ecuador, China, Mauricio",-10.3,17.0,9.6,definitivo
2023,I,Agroalimentario,13,Pesca,1311,Pesca,131116,Conservas de pescados,1311162,Anchoa en conserva,83.30,"Marruecos, Ecuador, Suecia",-8.0,"Marruecos, Ecuador, Suecia",-8.0,"Ecuador, China, Marruecos",-5.3,"Marruecos, Perú, Albania",8.5,17.0,5.3,definitivo
2023,I,Agroalimentario,13,Pesca,1311,Pesca,131116,Conservas de pescados,1311163,Sardina y caballa en conserva,63.19,"Marruecos, Ecuador, Suecia",-8.0,"Marruecos, Ecuador, Suecia",-8.0,"Ecuador, China, Marruecos",-5.3,"Marruecos, Croacia, Portugal",15.0,17.0,45.0,definitivo
2023,I,Agroalimentario,13,Pesca,1311,Pesca,131116,Conservas de pescados,1311165,Otras conservas de pescado,166.78,"Marruecos, Ecuador, Suecia",-8.0,"Marruecos, Ecuador, Suecia",-8.0,"Ecuador, China, Marruecos",-5.3,"Marruecos, Francia, Cabo Verde",7.5,17.0,46.2,definitivo
2023,I,Agroalimentario,13,Pesca,1311,Pesca,131117,Conservas de moluscos y crustáceos,NA,NA,212.00,"Marruecos, Ecuador, Suecia",-8.0,"Marruecos, Ecuador, Suecia",-8.0,"Chile, Reino Unido, Países Bajos",7.5,"Chile, Reino Unido, Países Bajos",7.5,22.0,NA,definitivo
2023,I,Agroalimentario,13,Pesca,1311,Pesca,131117,Conservas de moluscos y crustáceos,1311171,Mejillón en conserva,81.86,"Marruecos, Ecuador, Suecia",-8.0,"Marruecos, Ecuador, Suecia",-8.0,"Chile, Reino Unido, Países Bajos",7.5,"Chile, Portugal, Dinamarca",48.5,22.0,1.7,definitivo
2023,I,Agroalimentario,13,Pesca,1311,Pesca,131117,Conservas de moluscos y crustáceos,1311172,"Almeja, berberecho y arca en conserva",73.78,"Marruecos, Ecuador, Suecia",-8.0,"Marruecos, Ecuador, Suecia",-8.0,"Chile, Reino Unido, Países Bajos",7.5,"Reino Unido, Vietnam, Países Bajos",-8.0,22.0,29.5,definitivo
2023,I,Agroalimentario,13,Pesca,1311,Pesca,131117,Conservas de moluscos y crustáceos,1311174,Pulpo en conserva,4.82,"Marruecos, Ecuador, Suecia",-8.0,"Marruecos, Ecuador, Suecia",-8.0,"Chile, Reino Unido, Países Bajos",7.5,"Portugal, Italia, Francia",32.9,22.0,92.5,definitivo
2023,I,Agroalimentario,13,Pesca,1311,Pesca,131117,Conservas de moluscos y crustáceos,1311175,Sepia y calamar en conserva,12.19,"Marruecos, Ecuador, Suecia",-8.0,"Marruecos, Ecuador, Suecia",-8.0,"Chile, Reino Unido, Países Bajos",7.5,"Perú, Chile, Portugal",91.5,22.0,9.8,definitivo
2023,I,Agroalimentario,13,Pesca,1311,Pesca,131117,Conservas de moluscos y crustáceos,1311176,Otras conservas de moluscos y crustáceos,39.35,"Marruecos, Ecuador, Suecia",-8.0,"Marruecos, Ecuador, Suecia",-8.0,"Chile, Reino Unido, Países Bajos",7.5,"Guatemala, Países Bajos, Francia",-24.2,22.0,45.0,definitivo
2023,I,Agroalimentario,14,Cereales y productos de molinera,1411,Cereales,141111,Trigo,NA,NA,2620.95,"Ucrania, Francia, Brasil",4.1,"Ucrania, Francia, Brasil",4.1,"Ucrania, Francia, Bulgaria",51.0,"Ucrania, Francia, Bulgaria",51.0,45.8,NA,definitivo
2023,I,Agroalimentario,14,Cereales y productos de molinera,1411,Cereales,141112,Cebada,NA,NA,841.75,"Ucrania, Francia, Brasil",4.1,"Ucrania, Francia, Brasil",4.1,"Rumanía, Alemania, Reino Unido",93.0,"Rumanía, Alemania, Reino Unido",93.0,72.6,NA,definitivo
2023,I,Agroalimentario,14,Cereales y productos de molinera,1411,Cereales,141113,Maíz,NA,NA,2486.89,"Ucrania, Francia, Brasil",4.1,"Ucrania, Francia, Brasil",4.1,"Ucrania, Brasil, Francia",-28.8,"Ucrania, Brasil, Francia",-28.8,27.8,NA,definitivo
2023,I,Agroalimentario,14,Cereales y productos de molinera,1411,Cereales,141114,Arroz,NA,NA,262.09,"Ucrania, Francia, Brasil",4.1,"Ucrania, Francia, Brasil",4.1,"Pakistán, Myanmar, Argentina",-0.4,"Pakistán, Myanmar, Argentina",-0.4,19.3,NA,definitivo
2023,I,Agroalimentario,14,Cereales y productos de molinera,1411,Cereales,141115,Otros cereales,NA,NA,191.83,"Ucrania, Francia, Brasil",4.1,"Ucrania, Francia, Brasil",4.1,"Francia, Polonia, Reino Unido",-35.7,"Francia, Polonia, Reino Unido",-35.7,74.6,NA,definitivo
2023,I,Agroalimentario,14,Cereales y productos de molinera,1411,Cereales,141116,Harina de trigo,NA,NA,73.53,"Ucrania, Francia, Brasil",4.1,"Ucrania, Francia, Brasil",4.1,"Francia, Italia, Portugal",-15.8,"Francia, Italia, Portugal",-15.8,98.4,NA,definitivo
2023,I,Agroalimentario,14,Cereales y productos de molinera,1411,Cereales,141117,Otras harinas,NA,NA,110.99,"Ucrania, Francia, Brasil",4.1,"Ucrania, Francia, Brasil",4.1,"Italia, Países Bajos, Francia",41.1,"Italia, Países Bajos, Francia",41.1,93.8,NA,definitivo
2023,I,Agroalimentario,14,Cereales y productos de molinera,1411,Cereales,141118,Malta,NA,NA,29.29,"Ucrania, Francia, Brasil",4.1,"Ucrania, Francia, Brasil",4.1,"Francia, Bélgica, Alemania",3.4,"Francia, Bélgica, Alemania",3.4,97.1,NA,definitivo
2023,I,Agroalimentario,14,Cereales y productos de molinera,1411,Cereales,141119,Almidón,NA,NA,114.28,"Ucrania, Francia, Brasil",4.1,"Ucrania, Francia, Brasil",4.1,"Bélgica, Países Bajos, Alemania",34.6,"Bélgica, Países Bajos, Alemania",34.6,89.3,NA,definitivo
2023,I,Agroalimentario,14,Cereales y productos de molinera,1411,Cereales,141120,Grañones y sémola de trigo,NA,NA,6.26,"Ucrania, Francia, Brasil",4.1,"Ucrania, Francia, Brasil",4.1,"Italia, Portugal, Países Bajos",-5.9,"Italia, Portugal, Países Bajos",-5.9,93.1,NA,definitivo
2023,I,Agroalimentario,14,Cereales y productos de molinera,1411,Cereales,141121,Otros productos de cereales,NA,NA,155.42,"Ucrania, Francia, Brasil",4.1,"Ucrania, Francia, Brasil",4.1,"Alemania, Francia, Rumanía",47.0,"Alemania, Francia, Rumanía",47.0,94.2,NA,definitivo
2023,I,Agroalimentario,15,Industrias alimentarias y piensos,1511,Industrias alimentarias,151111,Residuos de productos alimentarios,NA,NA,1772.85,"Brasil, Francia, Argentina",-11.5,"Brasil, Francia, Argentina",-11.5,"Brasil, Argentina, Francia",-20.6,"Brasil, Argentina, Francia",-20.6,29.6,NA,definitivo
2023,I,Agroalimentario,15,Industrias alimentarias y piensos,1511,Industrias alimentarias,151112,Piensos,NA,NA,1024.00,"Brasil, Francia, Argentina",-11.5,"Brasil, Francia, Argentina",-11.5,"Francia, Países Bajos, Alemania",10.3,"Francia, Países Bajos, Alemania",10.3,88.0,NA,definitivo
2023,I,Agroalimentario,16,Flores y plantas,1611,Flores y plantas,161111,Flores y plantas,NA,NA,354.90,"Países Bajos, Colombia, Ecuador",0.6,"Países Bajos, Colombia, Ecuador",0.6,"Países Bajos, Colombia, Ecuador",0.6,"Países Bajos, Colombia, Ecuador",0.6,64.8,NA,definitivo
2023,I,Agroalimentario,17,Hortalizas y legumbres,1711,Hortalizas y legumbres,171111,Tomate,NA,NA,241.17,"Francia, Marruecos, Portugal",30.9,"Francia, Marruecos, Portugal",30.9,"Portugal, Marruecos, Países Bajos",19.8,"Portugal, Marruecos, Países Bajos",19.8,64.3,NA,definitivo
2023,I,Agroalimentario,17,Hortalizas y legumbres,1711,Hortalizas y legumbres,171112,Pimiento,NA,NA,111.45,"Francia, Marruecos, Portugal",30.9,"Francia, Marruecos, Portugal",30.9,"Marruecos, Portugal, Francia",6.8,"Marruecos, Portugal, Francia",6.8,12.1,NA,definitivo
2023,I,Agroalimentario,17,Hortalizas y legumbres,1711,Hortalizas y legumbres,171113,Pepino,NA,NA,16.82,"Francia, Marruecos, Portugal",30.9,"Francia, Marruecos, Portugal",30.9,"Marruecos, Portugal, Senegal",4.1,"Marruecos, Portugal, Senegal",4.1,16.7,NA,definitivo
2023,I,Agroalimentario,17,Hortalizas y legumbres,1711,Hortalizas y legumbres,171114,Lechuga,NA,NA,48.93,"Francia, Marruecos, Portugal",30.9,"Francia, Marruecos, Portugal",30.9,"Francia, Países Bajos, Italia",5.4,"Francia, Países Bajos, Italia",5.4,99.5,NA,definitivo
2023,I,Agroalimentario,17,Hortalizas y legumbres,1711,Hortalizas y legumbres,171115,Patata,NA,NA,471.69,"Francia, Marruecos, Portugal",30.9,"Francia, Marruecos, Portugal",30.9,"Francia, Países Bajos, Reino Unido",28.5,"Francia, Países Bajos, Reino Unido",28.5,84.3,NA,definitivo
2023,I,Agroalimentario,17,Hortalizas y legumbres,1711,Hortalizas y legumbres,171116,Cebolla,NA,NA,100.46,"Francia, Marruecos, Portugal",30.9,"Francia, Marruecos, Portugal",30.9,"Perú, Países Bajos, Chile",89.4,"Perú, Países Bajos, Chile",89.4,33.5,NA,definitivo
2023,I,Agroalimentario,17,Hortalizas y legumbres,1711,Hortalizas y legumbres,171117,Ajos,NA,NA,17.90,"Francia, Marruecos, Portugal",30.9,"Francia, Marruecos, Portugal",30.9,"China, Argentina, Países Bajos",79.9,"China, Argentina, Países Bajos",79.9,49.7,NA,definitivo
2023,I,Agroalimentario,17,Hortalizas y legumbres,1711,Hortalizas y legumbres,171118,Zanahoria,NA,NA,13.17,"Francia, Marruecos, Portugal",30.9,"Francia, Marruecos, Portugal",30.9,"Israel, Países Bajos, Francia",90.8,"Israel, Países Bajos, Francia",90.8,61.0,NA,definitivo
2023,I,Agroalimentario,17,Hortalizas y legumbres,1711,Hortalizas y legumbres,171119,Las demás hortalizas frescas,NA,NA,408.95,"Francia, Marruecos, Portugal",30.9,"Francia, Marruecos, Portugal",30.9,"Marruecos, Perú, Portugal",11.6,"Marruecos, Perú, Portugal",11.6,37.0,NA,definitivo
2023,I,Agroalimentario,17,Hortalizas y legumbres,1711,Hortalizas y legumbres,171120,Hortalizas congeladas,NA,NA,294.86,"Francia, Marruecos, Portugal",30.9,"Francia, Marruecos, Portugal",30.9,"Bélgica, Francia, Países Bajos",30.8,"Bélgica, Francia, Países Bajos",30.8,78.6,NA,definitivo
2023,I,Agroalimentario,17,Hortalizas y legumbres,1711,Hortalizas y legumbres,171121,Hortalizas conservadas o secas,NA,NA,133.19,"Francia, Marruecos, Portugal",30.9,"Francia, Marruecos, Portugal",30.9,"India, Portugal, China",20.2,"India, Portugal, China",20.2,40.4,NA,definitivo
2023,I,Agroalimentario,17,Hortalizas y legumbres,1711,Hortalizas y legumbres,171122,Legumbres,NA,NA,395.35,"Francia, Marruecos, Portugal",30.9,"Francia, Marruecos, Portugal",30.9,"Rusia, Estados Unidos, Canadá",85.3,"Rusia, Estados Unidos, Canadá",85.3,13.2,NA,definitivo
2023,I,Agroalimentario,18,Frutas,1811,Frutas,181111,Cítricos,NA,NA,319.47,"Marruecos, Estados Unidos, Perú",7.4,"Marruecos, Estados Unidos, Perú",7.4,"Sudáfrica, Egipto, Argentina",54.6,"Sudáfrica, Egipto, Argentina",54.6,20.2,NA,definitivo
2023,I,Agroalimentario,18,Frutas,1811,Frutas,181111,Cítricos,1811111,Naranjas,187.49,"Marruecos, Estados Unidos, Perú",7.4,"Marruecos, Estados Unidos, Perú",7.4,"Sudáfrica, Egipto, Argentina",54.6,"Sudáfrica, Egipto, Países Bajos",101.8,20.2,18.5,definitivo
2023,I,Agroalimentario,18,Frutas,1811,Frutas,181111,Cítricos,1811112,Mandarinas y clementinas,53.89,"Marruecos, Estados Unidos, Perú",7.4,"Marruecos, Estados Unidos, Perú",7.4,"Sudáfrica, Egipto, Argentina",54.6,"Portugal, Marruecos, Sudáfrica",86.9,20.2,34.3,definitivo
2023,I,Agroalimentario,18,Frutas,1811,Frutas,181111,Cítricos,1811113,Limones y limas,70.69,"Marruecos, Estados Unidos, Perú",7.4,"Marruecos, Estados Unidos, Perú",7.4,"Sudáfrica, Egipto, Argentina",54.6,"Argentina, Sudáfrica, Brasil",-11.5,20.2,12.7,definitivo
2023,I,Agroalimentario,18,Frutas,1811,Frutas,181111,Cítricos,1811114,Otros cítricos,7.40,"Marruecos, Estados Unidos, Perú",7.4,"Marruecos, Estados Unidos, Perú",7.4,"Sudáfrica, Egipto, Argentina",54.6,"Sudáfrica, Países Bajos, Portugal",45.9,20.2,32.6,definitivo
2023,I,Agroalimentario,18,Frutas,1811,Frutas,181112,Melones y sandías,NA,NA,170.19,"Marruecos, Estados Unidos, Perú",7.4,"Marruecos, Estados Unidos, Perú",7.4,"Marruecos, Brasil, Senegal",4.0,"Marruecos, Brasil, Senegal",4.0,4.9,NA,definitivo
2023,I,Agroalimentario,18,Frutas,1811,Frutas,181112,Melones y sandías,1811121,Melones,88.73,"Marruecos, Estados Unidos, Perú",7.4,"Marruecos, Estados Unidos, Perú",7.4,"Marruecos, Brasil, Senegal",4.0,"Brasil, Marruecos, Senegal",35.0,4.9,4.2,definitivo
2023,I,Agroalimentario,18,Frutas,1811,Frutas,181112,Melones y sandías,1811122,Sandías,81.46,"Marruecos, Estados Unidos, Perú",7.4,"Marruecos, Estados Unidos, Perú",7.4,"Marruecos, Brasil, Senegal",4.0,"Marruecos, Mauritania, Senegal",-16.8,4.9,5.7,definitivo
2023,I,Agroalimentario,18,Frutas,1811,Frutas,181113,Melocotón y nectarina,NA,NA,8.35,"Marruecos, Estados Unidos, Perú",7.4,"Marruecos, Estados Unidos, Perú",7.4,"Francia, Países Bajos, Marruecos",-55.3,"Francia, Países Bajos, Marruecos",-55.3,67.0,NA,definitivo
2023,I,Agroalimentario,18,Frutas,1811,Frutas,181114,Fresas,NA,NA,36.19,"Marruecos, Estados Unidos, Perú",7.4,"Marruecos, Estados Unidos, Perú",7.4,"Marruecos, Grecia, Portugal",24.3,"Marruecos, Grecia, Portugal",24.3,42.6,NA,definitivo
2023,I,Agroalimentario,18,Frutas,1811,Frutas,181115,Los demás frutos rojos,NA,NA,484.87,"Marruecos, Estados Unidos, Perú",7.4,"Marruecos, Estados Unidos, Perú",7.4,"Marruecos, Portugal, Perú",2.2,"Marruecos, Portugal, Perú",2.2,16.9,NA,definitivo
2023,I,Agroalimentario,18,Frutas,1811,Frutas,181116,Caquis,NA,NA,1.98,"Marruecos, Estados Unidos, Perú",7.4,"Marruecos, Estados Unidos, Perú",7.4,"Perú, Paraguay, Uruguay",52.6,"Perú, Paraguay, Uruguay",52.6,9.6,NA,definitivo
2023,I,Agroalimentario,18,Frutas,1811,Frutas,181117,"Manzanas, peras y membrillos",NA,NA,279.92,"Marruecos, Estados Unidos, Perú",7.4,"Marruecos, Estados Unidos, Perú",7.4,"Italia, Francia, Bélgica",25.1,"Italia, Francia, Bélgica",25.1,91.3,NA,definitivo
2023,I,Agroalimentario,18,Frutas,1811,Frutas,181118,Plátano,NA,NA,340.51,"Marruecos, Estados Unidos, Perú",7.4,"Marruecos, Estados Unidos, Perú",7.4,"Costa Rica, Colombia, Costa de Marfil",16.8,"Costa Rica, Colombia, Costa de Marfil",16.8,3.2,NA,definitivo
2023,I,Agroalimentario,18,Frutas,1811,Frutas,181119,Almendras y avellanas,NA,NA,446.26,"Marruecos, Estados Unidos, Perú",7.4,"Marruecos, Estados Unidos, Perú",7.4,"Estados Unidos, Portugal, Australia",-22.1,"Estados Unidos, Portugal, Australia",-22.1,18.1,NA,definitivo
2023,I,Agroalimentario,18,Frutas,1811,Frutas,181119,Almendras y avellanas,1811191,Almendras,407.93,"Marruecos, Estados Unidos, Perú",7.4,"Marruecos, Estados Unidos, Perú",7.4,"Estados Unidos, Portugal, Australia",-22.1,"Estados Unidos, Portugal, Australia",-23.9,18.1,17.9,definitivo
2023,I,Agroalimentario,18,Frutas,1811,Frutas,181119,Almendras y avellanas,1811192,Avellanas,38.33,"Marruecos, Estados Unidos, Perú",7.4,"Marruecos, Estados Unidos, Perú",7.4,"Estados Unidos, Portugal, Australia",-22.1,"Turquía, Georgia, Azerbaiján",5.0,18.1,20.3,definitivo
2023,I,Agroalimentario,18,Frutas,1811,Frutas,181120,Uva,NA,NA,161.28,"Marruecos, Estados Unidos, Perú",7.4,"Marruecos, Estados Unidos, Perú",7.4,"Perú, Italia, Chile",3.3,"Perú, Italia, Chile",3.3,31.1,NA,definitivo
2023,I,Agroalimentario,18,Frutas,1811,Frutas,181121,Las demás frutas frescas y desecadas,NA,NA,1773.29,"Marruecos, Estados Unidos, Perú",7.4,"Marruecos, Estados Unidos, Perú",7.4,"Perú, Estados Unidos, Costa Rica",10.9,"Perú, Estados Unidos, Costa Rica",10.9,21.0,NA,definitivo
2023,I,Agroalimentario,18,Frutas,1811,Frutas,181122,Frutas congeladas,NA,NA,85.61,"Marruecos, Estados Unidos, Perú",7.4,"Marruecos, Estados Unidos, Perú",7.4,"Bélgica, Marruecos, Portugal",-7.4,"Bélgica, Marruecos, Portugal",-7.4,56.2,NA,definitivo
2023,I,Agroalimentario,18,Frutas,1811,Frutas,181123,Frutas conservadas provisionalmente y cortezas,NA,NA,18.14,"Marruecos, Estados Unidos, Perú",7.4,"Marruecos, Estados Unidos, Perú",7.4,"Argentina, Perú, Estonia",53.5,"Argentina, Perú, Estonia",53.5,49.2,NA,definitivo
2023,I,Agroalimentario,19,Conservas vegetales,1911,Conservas vegetales,191111,Tomate,NA,NA,149.20,"Bélgica, Francia, Países Bajos",17.9,"Bélgica, Francia, Países Bajos",17.9,"China, Portugal, Italia",66.9,"China, Portugal, Italia",66.9,53.4,NA,definitivo
2023,I,Agroalimentario,19,Conservas vegetales,1911,Conservas vegetales,191112,Aceituna,NA,NA,36.67,"Bélgica, Francia, Países Bajos",17.9,"Bélgica, Francia, Países Bajos",17.9,"Egipto, Marruecos, Portugal",141.2,"Egipto, Marruecos, Portugal",141.2,28.4,NA,definitivo
2023,I,Agroalimentario,19,Conservas vegetales,1911,Conservas vegetales,191113,Espárragos,NA,NA,94.22,"Bélgica, Francia, Países Bajos",17.9,"Bélgica, Francia, Países Bajos",17.9,"China, Perú, Namibia",-4.7,"China, Perú, Namibia",-4.7,0.8,NA,definitivo
2023,I,Agroalimentario,19,Conservas vegetales,1911,Conservas vegetales,191114,Las demás hortalizas,NA,NA,741.29,"Bélgica, Francia, Países Bajos",17.9,"Bélgica, Francia, Países Bajos",17.9,"Bélgica, Francia, Países Bajos",24.4,"Bélgica, Francia, Países Bajos",24.4,75.2,NA,definitivo
2023,I,Agroalimentario,19,Conservas vegetales,1911,Conservas vegetales,191115,Zumos,NA,NA,335.56,"Bélgica, Francia, Países Bajos",17.9,"Bélgica, Francia, Países Bajos",17.9,"Países Bajos, Bélgica, Brasil",9.3,"Países Bajos, Bélgica, Brasil",9.3,59.8,NA,definitivo
2023,I,Agroalimentario,19,Conservas vegetales,1911,Conservas vegetales,191116,Confituras y mermeladas,NA,NA,91.72,"Bélgica, Francia, Países Bajos",17.9,"Bélgica, Francia, Países Bajos",17.9,"Francia, Italia, Turquía",5.7,"Francia, Italia, Turquía",5.7,73.5,NA,definitivo
2023,I,Agroalimentario,19,Conservas vegetales,1911,Conservas vegetales,191117,Las demás frutas,NA,NA,314.06,"Bélgica, Francia, Países Bajos",17.9,"Bélgica, Francia, Países Bajos",17.9,"Alemania, Francia, Turquía",4.1,"Alemania, Francia, Turquía",4.1,55.5,NA,definitivo
2023,I,Agroalimentario,20,Vinos y bebidas,2011,Vinos y bebidas,201111,Agua,NA,NA,45.38,"Francia, Reino Unido, Países Bajos",12.5,"Francia, Reino Unido, Países Bajos",12.5,"Francia, Italia, Alemania",20.5,"Francia, Italia, Alemania",20.5,94.8,NA,definitivo
2023,I,Agroalimentario,20,Vinos y bebidas,2011,Vinos y bebidas,201112,Bebidas refrescantes,NA,NA,323.89,"Francia, Reino Unido, Países Bajos",12.5,"Francia, Reino Unido, Países Bajos",12.5,"Portugal, Austria, Países Bajos",24.1,"Portugal, Austria, Países Bajos",24.1,92.4,NA,definitivo
2023,I,Agroalimentario,20,Vinos y bebidas,2011,Vinos y bebidas,201113,Cerveza,NA,NA,435.40,"Francia, Reino Unido, Países Bajos",12.5,"Francia, Reino Unido, Países Bajos",12.5,"Bélgica, Francia, Portugal",20.0,"Bélgica, Francia, Portugal",20.0,87.2,NA,definitivo
2023,I,Agroalimentario,20,Vinos y bebidas,2011,Vinos y bebidas,201114,Mosto,NA,NA,10.93,"Francia, Reino Unido, Países Bajos",12.5,"Francia, Reino Unido, Países Bajos",12.5,"Italia, Chile, Francia",-20.3,"Italia, Chile, Francia",-20.3,77.3,NA,definitivo
2023,I,Agroalimentario,20,Vinos y bebidas,2011,Vinos y bebidas,201115,Vino,NA,NA,302.70,"Francia, Reino Unido, Países Bajos",12.5,"Francia, Reino Unido, Países Bajos",12.5,"Francia, Italia, Portugal",6.2,"Francia, Italia, Portugal",6.2,90.1,NA,definitivo
2023,I,Agroalimentario,20,Vinos y bebidas,2011,Vinos y bebidas,201116,Vermut y vino aromátizado,NA,NA,46.28,"Francia, Reino Unido, Países Bajos",12.5,"Francia, Reino Unido, Países Bajos",12.5,"Italia, Francia, Alemania",-10.5,"Italia, Francia, Alemania",-10.5,98.3,NA,definitivo
2023,I,Agroalimentario,20,Vinos y bebidas,2011,Vinos y bebidas,201117,Otras bebidas fermentadas,NA,NA,28.46,"Francia, Reino Unido, Países Bajos",12.5,"Francia, Reino Unido, Países Bajos",12.5,"Suecia, Francia, Irlanda",4.7,"Suecia, Francia, Irlanda",4.7,87.6,NA,definitivo
2023,I,Agroalimentario,20,Vinos y bebidas,2011,Vinos y bebidas,201118,Bebidas espirituosas,NA,NA,1028.08,"Francia, Reino Unido, Países Bajos",12.5,"Francia, Reino Unido, Países Bajos",12.5,"Reino Unido, Estados Unidos, Países Bajos",0.3,"Reino Unido, Estados Unidos, Países Bajos",0.3,34.7,NA,definitivo
2023,I,Agroalimentario,20,Vinos y bebidas,2011,Vinos y bebidas,201119,Alcohol,NA,NA,303.82,"Francia, Reino Unido, Países Bajos",12.5,"Francia, Reino Unido, Países Bajos",12.5,"Pakistán, Estados Unidos, Francia",71.4,"Pakistán, Estados Unidos, Francia",71.4,31.8,NA,definitivo
2023,I,Agroalimentario,20,Vinos y bebidas,2011,Vinos y bebidas,201120,Vinagre y sucedáneos,NA,NA,18.74,"Francia, Reino Unido, Países Bajos",12.5,"Francia, Reino Unido, Países Bajos",12.5,"Italia, Países Bajos, Francia",-1.4,"Italia, Países Bajos, Francia",-1.4,91.3,NA,definitivo
2023,I,Agroalimentario,21,Tabaco,2111,Tabaco,211111,Tabaco,NA,NA,1387.13,"Polonia, Alemania, Portugal",-19.8,"Polonia, Alemania, Portugal",-19.8,"Polonia, Alemania, Portugal",-19.8,"Polonia, Alemania, Portugal",-19.8,92.4,NA,definitivo
2023,I,Agroalimentario,22,Grasas y aceites,2211,Grasas y aceites,221111,Aceite de soja,NA,NA,279.63,"Indonesia, Portugal, Ucrania",-11.8,"Indonesia, Portugal, Ucrania",-11.8,"Argentina, Países Bajos, Portugal",1.1,"Argentina, Países Bajos, Portugal",1.1,35.8,NA,definitivo
2023,I,Agroalimentario,22,Grasas y aceites,2211,Grasas y aceites,221112,Aceite de oliva,NA,NA,1308.75,"Indonesia, Portugal, Ucrania",-11.8,"Indonesia, Portugal, Ucrania",-11.8,"Portugal, Túnez, Grecia",57.2,"Portugal, Túnez, Grecia",57.2,62.8,NA,definitivo
2023,I,Agroalimentario,22,Grasas y aceites,2211,Grasas y aceites,221112,Aceite de oliva,2211121,Aceite de oliva virgen extra,733.57,"Indonesia, Portugal, Ucrania",-11.8,"Indonesia, Portugal, Ucrania",-11.8,"Portugal, Túnez, Grecia",57.2,"Portugal, Túnez, Italia",58.8,62.8,56.6,definitivo
2023,I,Agroalimentario,22,Grasas y aceites,2211,Grasas y aceites,221112,Aceite de oliva,2211122,Aceite de oliva virgen y lampante,238.97,"Indonesia, Portugal, Ucrania",-11.8,"Indonesia, Portugal, Ucrania",-11.8,"Portugal, Túnez, Grecia",57.2,"Portugal, Turquía, Italia",40.3,62.8,52.3,definitivo
2023,I,Agroalimentario,22,Grasas y aceites,2211,Grasas y aceites,221112,Aceite de oliva,2211123,Aceite de oliva refinado y mezclas,163.97,"Indonesia, Portugal, Ucrania",-11.8,"Indonesia, Portugal, Ucrania",-11.8,"Portugal, Túnez, Grecia",57.2,"Portugal, Grecia, Italia",77.7,62.8,87.7,definitivo
2023,I,Agroalimentario,22,Grasas y aceites,2211,Grasas y aceites,221112,Aceite de oliva,2211124,Aceite de orujo y otros aceites de aceituna,172.24,"Indonesia, Portugal, Ucrania",-11.8,"Indonesia, Portugal, Ucrania",-11.8,"Portugal, Túnez, Grecia",57.2,"Grecia, Portugal, Italia",59.7,62.8,79.9,definitivo
2023,I,Agroalimentario,22,Grasas y aceites,2211,Grasas y aceites,221113,Aceite de girasol,NA,NA,894.19,"Indonesia, Portugal, Ucrania",-11.8,"Indonesia, Portugal, Ucrania",-11.8,"Ucrania, Países Bajos, Francia",-27.6,"Ucrania, Países Bajos, Francia",-27.6,48.8,NA,definitivo
2023,I,Agroalimentario,22,Grasas y aceites,2211,Grasas y aceites,221114,Margarina,NA,NA,125.49,"Indonesia, Portugal, Ucrania",-11.8,"Indonesia, Portugal, Ucrania",-11.8,"Portugal, Bélgica, Italia",-9.7,"Portugal, Bélgica, Italia",-9.7,92.9,NA,definitivo
2023,I,Agroalimentario,22,Grasas y aceites,2211,Grasas y aceites,221115,Las demás grasas y aceites animales,NA,NA,212.26,"Indonesia, Portugal, Ucrania",-11.8,"Indonesia, Portugal, Ucrania",-11.8,"Francia, Italia, Noruega",-7.8,"Francia, Italia, Noruega",-7.8,67.6,NA,definitivo
2023,I,Agroalimentario,22,Grasas y aceites,2211,Grasas y aceites,221116,Las demás grasas y aceites vegetales,NA,NA,1741.92,"Indonesia, Portugal, Ucrania",-11.8,"Indonesia, Portugal, Ucrania",-11.8,"Indonesia, Guatemala, Francia",-12.2,"Indonesia, Guatemala, Francia",-12.2,22.5,NA,definitivo
2023,I,Agroalimentario,22,Grasas y aceites,2211,Grasas y aceites,221117,Residuos,NA,NA,848.18,"Indonesia, Portugal, Ucrania",-11.8,"Indonesia, Portugal, Ucrania",-11.8,"Indonesia, China, Malasia",-41.0,"Indonesia, China, Malasia",-41.0,30.2,NA,definitivo
2023,I,Agroalimentario,23,"Semillas, oleaginosas, mandioca y forraje",2311,"Semillas, oleaginosas, mandioca y forraje",231111,Soja,NA,NA,1759.63,"Estados Unidos, Brasil, Francia",-10.9,"Estados Unidos, Brasil, Francia",-10.9,"Brasil, Estados Unidos, Canadá",-9.3,"Brasil, Estados Unidos, Canadá",-9.3,1.1,NA,definitivo
2023,I,Agroalimentario,23,"Semillas, oleaginosas, mandioca y forraje",2311,"Semillas, oleaginosas, mandioca y forraje",231112,Girasol,NA,NA,387.29,"Estados Unidos, Brasil, Francia",-10.9,"Estados Unidos, Brasil, Francia",-10.9,"Francia, China, Rumanía",-16.7,"Francia, China, Rumanía",-16.7,72.8,NA,definitivo
2023,I,Agroalimentario,23,"Semillas, oleaginosas, mandioca y forraje",2311,"Semillas, oleaginosas, mandioca y forraje",231113,Otros productos del capítulo 12,NA,NA,886.39,"Estados Unidos, Brasil, Francia",-10.9,"Estados Unidos, Brasil, Francia",-10.9,"Países Bajos, Francia, China",-13.2,"Países Bajos, Francia, China",-13.2,61.1,NA,definitivo
2023,I,Agroalimentario,23,"Semillas, oleaginosas, mandioca y forraje",2311,"Semillas, oleaginosas, mandioca y forraje",231114,Forrajes,NA,NA,23.80,"Estados Unidos, Brasil, Francia",-10.9,"Estados Unidos, Brasil, Francia",-10.9,"Francia, Portugal, Australia",41.0,"Francia, Portugal, Australia",41.0,73.6,NA,definitivo
2023,I,Agroalimentario,23,"Semillas, oleaginosas, mandioca y forraje",2311,"Semillas, oleaginosas, mandioca y forraje",231115,Mandioca,NA,NA,40.23,"Estados Unidos, Brasil, Francia",-10.9,"Estados Unidos, Brasil, Francia",-10.9,"Costa Rica, Bélgica, Níger",21.0,"Costa Rica, Bélgica, Níger",21.0,33.3,NA,definitivo
2023,I,Agroalimentario,24,"Café, té, cacao y azúcar",2411,"Café, té, cacao y azúcar",241111,Café,NA,NA,1290.09,"Francia, Brasil, Vietnam",16.4,"Francia, Brasil, Vietnam",16.4,"Vietnam, Francia, Brasil",-6.2,"Vietnam, Francia, Brasil",-6.2,40.0,NA,definitivo
2023,I,Agroalimentario,24,"Café, té, cacao y azúcar",2411,"Café, té, cacao y azúcar",241112,Extractos de café,NA,NA,137.27,"Francia, Brasil, Vietnam",16.4,"Francia, Brasil, Vietnam",16.4,"Alemania, Vietnam, Francia",31.5,"Alemania, Vietnam, Francia",31.5,62.5,NA,definitivo
2023,I,Agroalimentario,24,"Café, té, cacao y azúcar",2411,"Café, té, cacao y azúcar",241113,Sucedáneos de café,NA,NA,10.04,"Francia, Brasil, Vietnam",16.4,"Francia, Brasil, Vietnam",16.4,"Polonia, Portugal, Francia",43.9,"Polonia, Portugal, Francia",43.9,98.9,NA,definitivo
2023,I,Agroalimentario,24,"Café, té, cacao y azúcar",2411,"Café, té, cacao y azúcar",241114,Té,NA,NA,74.74,"Francia, Brasil, Vietnam",16.4,"Francia, Brasil, Vietnam",16.4,"Países Bajos, Alemania, China",-2.7,"Países Bajos, Alemania, China",-2.7,58.3,NA,definitivo
2023,I,Agroalimentario,24,"Café, té, cacao y azúcar",2411,"Café, té, cacao y azúcar",241115,Cacao,NA,NA,607.52,"Francia, Brasil, Vietnam",16.4,"Francia, Brasil, Vietnam",16.4,"Costa de Marfil, Países Bajos, Ghana",21.2,"Costa de Marfil, Países Bajos, Ghana",21.2,22.8,NA,definitivo
2023,I,Agroalimentario,24,"Café, té, cacao y azúcar",2411,"Café, té, cacao y azúcar",241116,Azúcar,NA,NA,1439.92,"Francia, Brasil, Vietnam",16.4,"Francia, Brasil, Vietnam",16.4,"Francia, Brasil, Portugal",44.1,"Francia, Brasil, Portugal",44.1,64.7,NA,definitivo
2023,I,Agroalimentario,24,"Café, té, cacao y azúcar",2411,"Café, té, cacao y azúcar",241117,Melazas,NA,NA,62.38,"Francia, Brasil, Vietnam",16.4,"Francia, Brasil, Vietnam",16.4,"Egipto, Rusia, India",30.1,"Egipto, Rusia, India",30.1,19.1,NA,definitivo
2023,I,Agroalimentario,25,Industrias agroalimentarias,2511,Industrias agroalimentarias,251111,Miel,NA,NA,63.09,"Alemania, Francia, Italia",9.4,"Alemania, Francia, Italia",9.4,"Portugal, Argentina, Alemania",-29.7,"Portugal, Argentina, Alemania",-29.7,51.1,NA,definitivo
2023,I,Agroalimentario,25,Industrias agroalimentarias,2511,Industrias agroalimentarias,251112,Extractos y jugos de origen animal,NA,NA,9.89,"Alemania, Francia, Italia",9.4,"Alemania, Francia, Italia",9.4,"China, Hungría, Brasil",-23.5,"China, Hungría, Brasil",-23.5,43.9,NA,definitivo
2023,I,Agroalimentario,25,Industrias agroalimentarias,2511,Industrias agroalimentarias,251113,Levaduras,NA,NA,79.36,"Alemania, Francia, Italia",9.4,"Alemania, Francia, Italia",9.4,"Francia, Portugal, Bélgica",8.4,"Francia, Portugal, Bélgica",8.4,82.7,NA,definitivo
2023,I,Agroalimentario,25,Industrias agroalimentarias,2511,Industrias agroalimentarias,251114,Otras preparaciones alimenticias,NA,NA,1143.08,"Alemania, Francia, Italia",9.4,"Alemania, Francia, Italia",9.4,"Francia, Alemania, Italia",11.0,"Francia, Alemania, Italia",11.0,85.4,NA,definitivo
2023,I,Agroalimentario,25,Industrias agroalimentarias,2511,Industrias agroalimentarias,251115,Especias,NA,NA,301.88,"Alemania, Francia, Italia",9.4,"Alemania, Francia, Italia",9.4,"China, Irán, Perú",-2.1,"China, Irán, Perú",-2.1,13.5,NA,definitivo
2023,I,Agroalimentario,25,Industrias agroalimentarias,2511,Industrias agroalimentarias,251116,"Gomas, resinas y extractos vegetales",NA,NA,294.82,"Alemania, Francia, Italia",9.4,"Alemania, Francia, Italia",9.4,"China, Alemania, Francia",-9.3,"China, Alemania, Francia",-9.3,41.2,NA,definitivo
2023,I,Agroalimentario,25,Industrias agroalimentarias,2511,Industrias agroalimentarias,251117,Artículos sin cacao de confitería,NA,NA,198.35,"Alemania, Francia, Italia",9.4,"Alemania, Francia, Italia",9.4,"Alemania, Francia, Bélgica",17.2,"Alemania, Francia, Bélgica",17.2,86.3,NA,definitivo
2023,I,Agroalimentario,25,Industrias agroalimentarias,2511,Industrias agroalimentarias,251118,Chocolate y preparaciones con cacao,NA,NA,778.26,"Alemania, Francia, Italia",9.4,"Alemania, Francia, Italia",9.4,"Alemania, Francia, Italia",12.5,"Alemania, Francia, Italia",12.5,97.6,NA,definitivo
2023,I,Agroalimentario,25,Industrias agroalimentarias,2511,Industrias agroalimentarias,251119,Pastas alimenticias,NA,NA,318.11,"Alemania, Francia, Italia",9.4,"Alemania, Francia, Italia",9.4,"Italia, Francia, Polonia",12.2,"Italia, Francia, Polonia",12.2,88.7,NA,definitivo
2023,I,Agroalimentario,25,Industrias agroalimentarias,2511,Industrias agroalimentarias,251120,"Panadería, pastelería y galletería",NA,NA,1017.72,"Alemania, Francia, Italia",9.4,"Alemania, Francia, Italia",9.4,"Alemania, Italia, Francia",7.1,"Alemania, Italia, Francia",7.1,96.4,NA,definitivo
2023,I,Agroalimentario,25,Industrias agroalimentarias,2511,Industrias agroalimentarias,251121,Otras preparaciones de harina y cereales,NA,NA,464.51,"Alemania, Francia, Italia",9.4,"Alemania, Francia, Italia",9.4,"Francia, Alemania, Portugal",17.9,"Francia, Alemania, Portugal",17.9,89.0,NA,definitivo
2023,I,Agroalimentario,25,Industrias agroalimentarias,2511,Industrias agroalimentarias,251122,Salsas y sopas,NA,NA,333.31,"Alemania, Francia, Italia",9.4,"Alemania, Francia, Italia",9.4,"Alemania, Italia, Países Bajos",11.2,"Alemania, Italia, Países Bajos",11.2,83.0,NA,definitivo
2023,I,Agroalimentario,25,Industrias agroalimentarias,2511,Industrias agroalimentarias,251123,Helados,NA,NA,260.58,"Alemania, Francia, Italia",9.4,"Alemania, Francia, Italia",9.4,"Francia, Alemania, Italia",30.4,"Francia, Alemania, Italia",30.4,96.6,NA,definitivo
2023,I,Agroalimentario,25,Industrias agroalimentarias,2511,Industrias agroalimentarias,251124,Batidos y postres lácteos,NA,NA,272.58,"Alemania, Francia, Italia",9.4,"Alemania, Francia, Italia",9.4,"Alemania, Francia, Países Bajos",17.0,"Alemania, Francia, Países Bajos",17.0,98.0,NA,definitivo
2023,I,Agroalimentario,AR,Otros productos agrícolas,AARR,Otros productos agrícolas,RESTO,Otros productos agrícolas sin rúbrica propia,NA,NA,350.42,"China, Portugal, Francia",-12.0,"China, Portugal, Francia",-12.0,"China, Portugal, Francia",-12.0,"China, Portugal, Francia",-12.0,52.1,NA,definitivo
2023,I,Industrial,2,PRODUCTOS ENERGÉTICOS,21,CARBÓN,210,CARBÓN,2100,CARBÓN,1556.20,"Estados Unidos, Argelia, Nigeria",-30.3,"Australia, Estados Unidos, Colombia",-48.2,"Australia, Estados Unidos, Colombia",-48.2,"Australia, Estados Unidos, Colombia",-48.2,8.9,8.9,definitivo
2023,I,Industrial,2,PRODUCTOS ENERGÉTICOS,22,PETRÓLEO Y DERIVADOS,220,PETRÓLEO Y DERIVADOS,2200,PETRÓLEO Y DERIVADOS,46179.04,"Estados Unidos, Argelia, Nigeria",-30.3,"Estados Unidos, Nigeria, México",-20.2,"Estados Unidos, Nigeria, México",-20.2,"Estados Unidos, Nigeria, México",-20.2,12.9,12.9,definitivo
2023,I,Industrial,2,PRODUCTOS ENERGÉTICOS,23,GAS,230,GAS,2300,GAS,13523.71,"Estados Unidos, Argelia, Nigeria",-30.3,"Argelia, Estados Unidos, Rusia",-48.3,"Argelia, Estados Unidos, Rusia",-48.3,"Argelia, Estados Unidos, Rusia",-48.3,1.0,1.0,definitivo
2023,I,Industrial,2,PRODUCTOS ENERGÉTICOS,24,CORRIENTE ELÉCTRICA,240,CORRIENTE ELÉCTRICA,2400,CORRIENTE ELÉCTRICA,1732.53,"Estados Unidos, Argelia, Nigeria",-30.3,"Francia, Portugal, Marruecos",-48.8,"Francia, Portugal, Marruecos",-48.8,"Francia, Portugal, Marruecos",-48.8,98.1,98.1,definitivo
2023,I,Industrial,3,MATERIAS PRIMAS,31,MAT. PRIMAS ANIMALES Y VEGETALES,310,MAT. PRIMAS ANIMALES Y VEGETALES,3100,MAT. PRIMAS ANIMALES Y VEGETALES,3983.81,"Francia, Portugal, Países Bajos",-14.9,"Francia, Portugal, Países Bajos",-17.1,"Francia, Portugal, Países Bajos",-17.1,"Francia, Portugal, Países Bajos",-17.1,61.7,61.7,definitivo
2023,I,Industrial,3,MATERIAS PRIMAS,32,MENAS Y MINERALES,320,MENAS Y MINERALES,3200,MENAS Y MINERALES,7754.13,"Francia, Portugal, Países Bajos",-14.9,"Francia, Perú, Indonesia",-13.7,"Francia, Perú, Indonesia",-13.7,"Francia, Perú, Indonesia",-13.7,37.6,37.6,definitivo
2023,I,Industrial,4,SEMIMANUFACTURAS,41,METALES NO FERROSOS,410,METALES NO FERROSOS,4100,METALES NO FERROSOS,6803.83,"Alemania, Francia, Estados Unidos",-11.6,"Alemania, Países Bajos, Italia",-20.8,"Alemania, Países Bajos, Italia",-20.8,"Alemania, Países Bajos, Italia",-20.8,50.9,50.9,definitivo
2023,I,Industrial,4,SEMIMANUFACTURAS,42,HIERRO Y ACERO,420,HIERRO Y ACERO,4200,HIERRO Y ACERO,11634.60,"Alemania, Francia, Estados Unidos",-11.6,"Francia, Alemania, Italia",-14.1,"Francia, Alemania, Italia",-14.1,"Francia, Alemania, Italia",-14.1,60.6,60.6,definitivo
2023,I,Industrial,4,SEMIMANUFACTURAS,43,PRODUCTOS QUÍMICOS,431,PRODUCTOS QUÍMICOS ORGÁNICOS,4310,PRODUCTOS QUÍMICOS ORGÁNICOS,11815.31,"Alemania, Francia, Estados Unidos",-11.6,"Alemania, Estados Unidos, Francia",-10.9,"China, Alemania, No determinado UE",-14.4,"China, Alemania, No determinado UE",-14.4,37.4,37.4,definitivo
2023,I,Industrial,4,SEMIMANUFACTURAS,43,PRODUCTOS QUÍMICOS,432,PRODUCTOS QUÍMICOS INORGÁNICOS,4320,PRODUCTOS QUÍMICOS INORGÁNICOS,2661.99,"Alemania, Francia, Estados Unidos",-11.6,"Alemania, Estados Unidos, Francia",-10.9,"Reino Unido, Alemania, China",-27.1,"Reino Unido, Alemania, China",-27.1,36.3,36.3,definitivo
2023,I,Industrial,4,SEMIMANUFACTURAS,43,PRODUCTOS QUÍMICOS,433,MEDICAMENTOS,4330,MEDICAMENTOS,22184.70,"Alemania, Francia, Estados Unidos",-11.6,"Alemania, Estados Unidos, Francia",-10.9,"Estados Unidos, Alemania, Suiza",-6.4,"Estados Unidos, Alemania, Suiza",-6.4,50.5,50.5,definitivo
2023,I,Industrial,4,SEMIMANUFACTURAS,43,PRODUCTOS QUÍMICOS,434,PLÁSTICOS,4341,MATERIAS PRIMAS PLÁSTICAS,6578.16,"Alemania, Francia, Estados Unidos",-11.6,"Alemania, Estados Unidos, Francia",-10.9,"Alemania, Francia, Italia",-12.2,"Alemania, Francia, Bélgica",-20.9,71.5,69.8,definitivo
2023,I,Industrial,4,SEMIMANUFACTURAS,43,PRODUCTOS QUÍMICOS,434,PLÁSTICOS,4342,MANUFACTURAS PLÁSTICAS,7931.03,"Alemania, Francia, Estados Unidos",-11.6,"Alemania, Estados Unidos, Francia",-10.9,"Alemania, Francia, Italia",-12.2,"Alemania, Italia, Francia",-3.4,71.5,73.0,definitivo
2023,I,Industrial,4,SEMIMANUFACTURAS,43,PRODUCTOS QUÍMICOS,435,ABONOS,4350,ABONOS,1224.55,"Alemania, Francia, Estados Unidos",-11.6,"Alemania, Estados Unidos, Francia",-10.9,"Egipto, Bélgica, Marruecos",-34.7,"Egipto, Bélgica, Marruecos",-34.7,43.0,43.0,definitivo
2023,I,Industrial,4,SEMIMANUFACTURAS,43,PRODUCTOS QUÍMICOS,436,COLORANTES Y CURTIENTES,4360,COLORANTES Y CURTIENTES,1884.76,"Alemania, Francia, Estados Unidos",-11.6,"Alemania, Estados Unidos, Francia",-10.9,"Alemania, Francia, Italia",-8.6,"Alemania, Francia, Italia",-8.6,75.8,75.8,definitivo
2023,I,Industrial,4,SEMIMANUFACTURAS,43,PRODUCTOS QUÍMICOS,437,ACEITES ESENCIALES Y PERFUMADOS,4370,ACEITES ESENCIALES Y PERFUMADOS,5734.48,"Alemania, Francia, Estados Unidos",-11.6,"Alemania, Estados Unidos, Francia",-10.9,"Francia, Alemania, Italia",9.5,"Francia, Alemania, Italia",9.5,84.8,84.8,definitivo
2023,I,Industrial,4,SEMIMANUFACTURAS,43,PRODUCTOS QUÍMICOS,438,OTROS PRODUCTOS QUÍMICOS,4380,OTROS PRODUCTOS QUÍMICOS,7451.34,"Alemania, Francia, Estados Unidos",-11.6,"Alemania, Estados Unidos, Francia",-10.9,"Alemania, Países Bajos, Francia",-15.8,"Alemania, Países Bajos, Francia",-15.8,74.4,74.4,definitivo
2023,I,Industrial,4,SEMIMANUFACTURAS,44,OTRAS SEMIMANUFACTURAS,441,PAPEL,4410,PAPEL,4536.95,"Alemania, Francia, Estados Unidos",-11.6,"Alemania, Francia, Italia",-6.7,"Alemania, Francia, Italia",-13.5,"Alemania, Francia, Italia",-13.5,84.3,84.3,definitivo
2023,I,Industrial,4,SEMIMANUFACTURAS,44,OTRAS SEMIMANUFACTURAS,442,MATERIAL DE CONSTRUCCIÓN,4421,CAL Y CEMENTO,251.85,"Alemania, Francia, Estados Unidos",-11.6,"Alemania, Francia, Italia",-6.7,"Italia, China, Alemania",-6.3,"Portugal, Italia, Francia",-12.8,58.7,56.8,definitivo
2023,I,Industrial,4,SEMIMANUFACTURAS,44,OTRAS SEMIMANUFACTURAS,442,MATERIAL DE CONSTRUCCIÓN,4422,OTROS MAT. DE CONSTRUCCIÓN,1053.06,"Alemania, Francia, Estados Unidos",-11.6,"Alemania, Francia, Italia",-6.7,"Italia, China, Alemania",-6.3,"Italia, Alemania, China",-8.3,58.7,64.1,definitivo
2023,I,Industrial,4,SEMIMANUFACTURAS,44,OTRAS SEMIMANUFACTURAS,442,MATERIAL DE CONSTRUCCIÓN,4423,VIDRIO,826.95,"Alemania, Francia, Estados Unidos",-11.6,"Alemania, Francia, Italia",-6.7,"Italia, China, Alemania",-6.3,"China, Alemania, Francia",-1.4,58.7,52.5,definitivo
2023,I,Industrial,4,SEMIMANUFACTURAS,44,OTRAS SEMIMANUFACTURAS,443,NEUMÁTICOS Y CÁMARAS,4430,NEUMÁTICOS Y CÁMARAS,2203.01,"Alemania, Francia, Estados Unidos",-11.6,"Alemania, Francia, Italia",-6.7,"China, Alemania, Italia",8.2,"China, Alemania, Italia",8.2,61.7,61.7,definitivo
2023,I,Industrial,4,SEMIMANUFACTURAS,44,OTRAS SEMIMANUFACTURAS,444,RESTO OTRAS SEMIMANUFACTURAS,4440,RESTO OTRAS SEMIMANUFACTURAS,2858.75,"Alemania, Francia, Estados Unidos",-11.6,"Alemania, Francia, Italia",-6.7,"Portugal, Francia, Alemania",-5.1,"Portugal, Francia, Alemania",-5.1,71.1,71.1,definitivo
2023,I,Industrial,5,BIENES DE EQUIPO,51,MAQ. ESPECIFICA CIERTAS INDUSTRIAS,511,MAQUINARIA AGRÍCOLA,5110,MAQUINARIA AGRÍCOLA,1456.35,"China, Alemania, Francia",5.1,"Alemania, Italia, China",4.4,"Alemania, Italia, Francia",4.3,"Alemania, Italia, Francia",4.3,85.8,85.8,definitivo
2023,I,Industrial,5,BIENES DE EQUIPO,51,MAQ. ESPECIFICA CIERTAS INDUSTRIAS,512,MAQUINARIA OBRAS PUBLICAS,5120,MAQUINARIA OBRAS PUBLICAS,1255.82,"China, Alemania, Francia",5.1,"Alemania, Italia, China",4.4,"Alemania, Italia, Francia",7.8,"Alemania, Italia, Francia",7.8,67.2,67.2,definitivo
2023,I,Industrial,5,BIENES DE EQUIPO,51,MAQ. ESPECIFICA CIERTAS INDUSTRIAS,513,MAQUINARIA TEXTIL,5130,MAQUINARIA TEXTIL,260.60,"China, Alemania, Francia",5.1,"Alemania, Italia, China",4.4,"Italia, Alemania, China",4.6,"Italia, Alemania, China",4.6,68.0,68.0,definitivo
2023,I,Industrial,5,BIENES DE EQUIPO,51,MAQ. ESPECIFICA CIERTAS INDUSTRIAS,514,MAQUINARIA PARA TRABAJAR METAL,5140,MAQUINARIA PARA TRABAJAR METAL,1133.26,"China, Alemania, Francia",5.1,"Alemania, Italia, China",4.4,"Alemania, Italia, China",5.9,"Alemania, Italia, China",5.9,65.2,65.2,definitivo
2023,I,Industrial,5,BIENES DE EQUIPO,51,MAQ. ESPECIFICA CIERTAS INDUSTRIAS,515,MAQ. PARA CIERTAS INDUSTRIAS,5150,MAQ. PARA CIERTAS INDUSTRIAS,3089.92,"China, Alemania, Francia",5.1,"Alemania, Italia, China",4.4,"Alemania, Italia, China",5.7,"Alemania, Italia, China",5.7,75.0,75.0,definitivo
2023,I,Industrial,5,BIENES DE EQUIPO,51,MAQ. ESPECIFICA CIERTAS INDUSTRIAS,516,MAQ. PARA USO GRAL INDUSTRIA,5160,MAQ. PARA USO GRAL INDUSTRIA,15337.75,"China, Alemania, Francia",5.1,"Alemania, Italia, China",4.4,"Alemania, China, Italia",3.8,"Alemania, China, Italia",3.8,64.3,64.3,definitivo
2023,I,Industrial,5,BIENES DE EQUIPO,52,EQUIPO OFICINA Y TELECOMUNIC.,521,EQUIPO DE OFICINA,5210,EQUIPO DE OFICINA,1142.05,"China, Alemania, Francia",5.1,"China, Países Bajos, Alemania",-4.7,"China, Alemania, Japón",-3.7,"China, Alemania, Japón",-3.7,32.8,32.8,definitivo
2023,I,Industrial,5,BIENES DE EQUIPO,52,EQUIPO OFICINA Y TELECOMUNIC.,522,MAQ. AUTOMATIZACION DATOS,5220,MAQ. AUTOMATIZACION DATOS,5175.10,"China, Alemania, Francia",5.1,"China, Países Bajos, Alemania",-4.7,"China, Países Bajos, Alemania",-9.8,"China, Países Bajos, Alemania",-9.8,51.5,51.5,definitivo
2023,I,Industrial,5,BIENES DE EQUIPO,52,EQUIPO OFICINA Y TELECOMUNIC.,523,EQUIPO TELECOMUNICACIÓN,5230,EQUIPO TELECOMUNICACIÓN,13862.41,"China, Alemania, Francia",5.1,"China, Países Bajos, Alemania",-4.7,"China, Países Bajos, Italia",-2.8,"China, Países Bajos, Italia",-2.8,44.2,44.2,definitivo
2023,I,Industrial,5,BIENES DE EQUIPO,53,MATERIAL TRANSPORTE,531,MATERIAL FERROVIARIO,5310,MATERIAL FERROVIARIO,940.69,"China, Alemania, Francia",5.1,"Francia, Alemania, Estados Unidos",14.9,"Italia, Alemania, Francia",-14.0,"Italia, Alemania, Francia",-14.0,84.8,84.8,definitivo
2023,I,Industrial,5,BIENES DE EQUIPO,53,MATERIAL TRANSPORTE,532,VEHIC. TRANS. MERCANCÍAS CARR.,5320,VEHIC. TRANS. MERCANCÍAS CARR.,6321.04,"China, Alemania, Francia",5.1,"Francia, Alemania, Estados Unidos",14.9,"Alemania, Francia, Turquía",40.7,"Alemania, Francia, Turquía",40.7,75.4,75.4,definitivo
2023,I,Industrial,5,BIENES DE EQUIPO,53,MATERIAL TRANSPORTE,533,BUQUES,5330,BUQUES,609.24,"China, Alemania, Francia",5.1,"Francia, Alemania, Estados Unidos",14.9,"China, Italia, Francia",4.2,"China, Italia, Francia",4.2,51.5,51.5,definitivo
2023,I,Industrial,5,BIENES DE EQUIPO,53,MATERIAL TRANSPORTE,534,AERONAVES,5340,AERONAVES,4338.95,"China, Alemania, Francia",5.1,"Francia, Alemania, Estados Unidos",14.9,"Francia, Estados Unidos, No determinado UE",-2.6,"Francia, Estados Unidos, No determinado UE",-2.6,45.8,45.8,definitivo
2023,I,Industrial,5,BIENES DE EQUIPO,54,OTROS BIENES DE EQUIPO,541,EQUIPO GENERADOR DE FUERZA,5410,EQUIPO GENERADOR DE FUERZA,2967.32,"China, Alemania, Francia",5.1,"China, Alemania, Francia",8.4,"Estados Unidos, Reino Unido, Alemania",3.7,"Estados Unidos, Reino Unido, Alemania",3.7,17.0,17.0,definitivo
2023,I,Industrial,5,BIENES DE EQUIPO,54,OTROS BIENES DE EQUIPO,542,APARATOS ELÉCTRICOS,5421,MOTORES ELÉCTRICOS,1810.65,"China, Alemania, Francia",5.1,"China, Alemania, Francia",8.4,"China, Alemania, Marruecos",10.7,"Francia, Alemania, China",11.0,49.4,61.0,definitivo
2023,I,Industrial,5,BIENES DE EQUIPO,54,OTROS BIENES DE EQUIPO,542,APARATOS ELÉCTRICOS,5422,TRANSFORMADORES ELÉCTRICOS,2778.47,"China, Alemania, Francia",5.1,"China, Alemania, Francia",8.4,"China, Alemania, Marruecos",10.7,"China, Alemania, Italia",5.1,49.4,45.0,definitivo
2023,I,Industrial,5,BIENES DE EQUIPO,54,OTROS BIENES DE EQUIPO,542,APARATOS ELÉCTRICOS,5423,OTROS APARATOS ELÉCTRICOS,16899.45,"China, Alemania, Francia",5.1,"China, Alemania, Francia",8.4,"China, Alemania, Marruecos",10.7,"China, Marruecos, Alemania",11.7,49.4,48.9,definitivo
2023,I,Industrial,5,BIENES DE EQUIPO,54,OTROS BIENES DE EQUIPO,543,APARATOS DE PRECISIÓN,5430,APARATOS DE PRECISIÓN,7234.14,"China, Alemania, Francia",5.1,"China, Alemania, Francia",8.4,"Alemania, Países Bajos, Estados Unidos",12.2,"Alemania, Países Bajos, Estados Unidos",12.2,61.3,61.3,definitivo
2023,I,Industrial,5,BIENES DE EQUIPO,54,OTROS BIENES DE EQUIPO,544,RESTO BIENES DE EQUIPO,5440,RESTO BIENES DE EQUIPO,8687.89,"China, Alemania, Francia",5.1,"China, Alemania, Francia",8.4,"China, Alemania, Italia",1.8,"China, Alemania, Italia",1.8,62.2,62.2,definitivo
2023,I,Industrial,6,SECTOR AUTOMÓVIL,61,AUTOMÓVILES Y MOTOS,610,AUTOMÓVILES Y MOTOS,6100,AUTOMÓVILES Y MOTOS,24227.90,"Alemania, Francia, China",14.5,"Alemania, China, Japón",28.3,"Alemania, China, Japón",28.3,"Alemania, China, Japón",28.3,57.5,57.5,definitivo
2023,I,Industrial,6,SECTOR AUTOMÓVIL,62,COMPONENTES DEL AUTOMÓVIL,620,COMPONENTES DEL AUTOMÓVIL,6200,COMPONENTES DEL AUTOMÓVIL,20790.72,"Alemania, Francia, China",14.5,"Alemania, Francia, Italia",1.8,"Alemania, Francia, Italia",1.8,"Alemania, Francia, Italia",1.8,81.8,81.8,definitivo
2023,I,Industrial,7,BIENES DE CONSUMO DURADERO,71,ELECTRODOMÉSTICOS,710,ELECTRODOMÉSTICOS,7100,ELECTRODOMÉSTICOS,3459.91,"China, Polonia, Alemania",-6.8,"China, Turquía, Alemania",-1.1,"China, Turquía, Alemania",-1.1,"China, Turquía, Alemania",-1.1,36.7,36.7,definitivo
2023,I,Industrial,7,BIENES DE CONSUMO DURADERO,72,ELECTRÓNICA DE CONSUMO,720,ELECTRÓNICA DE CONSUMO,7200,ELECTRÓNICA DE CONSUMO,1916.19,"China, Polonia, Alemania",-6.8,"China, Polonia, Hungría",-11.6,"China, Polonia, Hungría",-11.6,"China, Polonia, Hungría",-11.6,64.4,64.4,definitivo
2023,I,Industrial,7,BIENES DE CONSUMO DURADERO,73,MUEBLES,730,MUEBLES,7300,MUEBLES,3886.16,"China, Polonia, Alemania",-6.8,"China, Portugal, Italia",-5.2,"China, Portugal, Italia",-5.2,"China, Portugal, Italia",-5.2,58.1,58.1,definitivo
2023,I,Industrial,7,BIENES DE CONSUMO DURADERO,74,OTROS BIENES CONSUMO DURADERO,740,OTROS BIENES CONSUMO DURADERO,7400,OTROS BIENES CONSUMO DURADERO,998.49,"China, Polonia, Alemania",-6.8,"China, Alemania, Francia",-19.6,"China, Alemania, Francia",-19.6,"China, Alemania, Francia",-19.6,44.7,44.7,definitivo
2023,I,Industrial,8,MANUFACTURAS DE CONSUMO,81,TEXTILES Y CONFECCIÓN,811,FIBRAS TEXTILES,8110,FIBRAS TEXTILES,436.58,"China, Bangladesh, Italia",-6.6,"China, Bangladesh, Turquía",-10.9,"Turquía, Austria, China",-15.1,"Turquía, Austria, China",-15.1,39.3,39.3,definitivo
2023,I,Industrial,8,MANUFACTURAS DE CONSUMO,81,TEXTILES Y CONFECCIÓN,812,HILADOS,8120,HILADOS,630.76,"China, Bangladesh, Italia",-6.6,"China, Bangladesh, Turquía",-10.9,"China, Italia, Turquía",-25.3,"China, Italia, Turquía",-25.3,45.9,45.9,definitivo
2023,I,Industrial,8,MANUFACTURAS DE CONSUMO,81,TEXTILES Y CONFECCIÓN,813,TEJIDOS,8130,TEJIDOS,1483.95,"China, Bangladesh, Italia",-6.6,"China, Bangladesh, Turquía",-10.9,"China, Italia, Turquía",-15.5,"China, Italia, Turquía",-15.5,35.0,35.0,definitivo
2023,I,Industrial,8,MANUFACTURAS DE CONSUMO,81,TEXTILES Y CONFECCIÓN,814,VESTUARIO,8141,ROPA DE PUNTO,3197.63,"China, Bangladesh, Italia",-6.6,"China, Bangladesh, Turquía",-10.9,"China, Bangladesh, Turquía",-10.0,"China, Bangladesh, Turquía",-8.2,19.2,17.1,definitivo
2023,I,Industrial,8,MANUFACTURAS DE CONSUMO,81,TEXTILES Y CONFECCIÓN,814,VESTUARIO,8142,ROPA NO DE PUNTO,8447.15,"China, Bangladesh, Italia",-6.6,"China, Bangladesh, Turquía",-10.9,"China, Bangladesh, Turquía",-10.0,"Bangladesh, China, Marruecos",-9.5,19.2,16.1,definitivo
2023,I,Industrial,8,MANUFACTURAS DE CONSUMO,81,TEXTILES Y CONFECCIÓN,814,VESTUARIO,8143,RESTO DE PRENDAS,8306.45,"China, Bangladesh, Italia",-6.6,"China, Bangladesh, Turquía",-10.9,"China, Bangladesh, Turquía",-10.0,"China, Bangladesh, Turquía",-11.1,19.2,23.1,definitivo
2023,I,Industrial,8,MANUFACTURAS DE CONSUMO,81,TEXTILES Y CONFECCIÓN,815,RESTO TEXTILES,8150,RESTO TEXTILES,2453.33,"China, Bangladesh, Italia",-6.6,"China, Bangladesh, Turquía",-10.9,"China, Pakistán, Alemania",-10.5,"China, Pakistán, Alemania",-10.5,42.2,42.2,definitivo
2023,I,Industrial,8,MANUFACTURAS DE CONSUMO,82,CALZADO,820,CALZADO,8200,CALZADO,4718.79,"China, Bangladesh, Italia",-6.6,"China, Vietnam, Italia",2.3,"China, Vietnam, Italia",2.3,"China, Vietnam, Italia",2.3,31.7,31.7,definitivo
2023,I,Industrial,8,MANUFACTURAS DE CONSUMO,83,JUGUETES,830,JUGUETES,8300,JUGUETES,3724.25,"China, Bangladesh, Italia",-6.6,"China, Alemania, Países Bajos",1.3,"China, Alemania, Países Bajos",1.3,"China, Alemania, Países Bajos",1.3,34.8,34.8,definitivo
2023,I,Industrial,8,MANUFACTURAS DE CONSUMO,84,ALFARERÍA,840,ALFARERÍA,8400,ALFARERÍA,196.95,"China, Bangladesh, Italia",-6.6,"China, Portugal, Francia",-8.3,"China, Portugal, Francia",-8.3,"China, Portugal, Francia",-8.3,50.8,50.8,definitivo
2023,I,Industrial,8,MANUFACTURAS DE CONSUMO,85,JOYERÍA Y RELOJES,850,JOYERÍA Y RELOJES,8500,JOYERÍA Y RELOJES,1722.46,"China, Bangladesh, Italia",-6.6,"Suiza, China, Italia",-6.1,"Suiza, China, Italia",-6.1,"Suiza, China, Italia",-6.1,28.4,28.4,definitivo
2023,I,Industrial,8,MANUFACTURAS DE CONSUMO,86,CUERO Y MANUFACTURAS DEL CUERO,860,CUERO Y MANUFACTURAS DEL CUERO,8600,CUERO Y MANUFACTURAS DEL CUERO,482.91,"China, Bangladesh, Italia",-6.6,"Italia, China, Portugal",-2.0,"Italia, China, Portugal",-2.0,"Italia, China, Portugal",-2.0,65.0,65.0,definitivo
2023,I,Industrial,8,MANUFACTURAS DE CONSUMO,87,OTRAS MANUFACTURAS DE CONSUMO,870,OTRAS MANUFACTURAS DE CONSUMO,8700,OTRAS MANUFACTURAS DE CONSUMO,9886.72,"China, Bangladesh, Italia",-6.6,"China, Francia, Alemania",-1.6,"China, Francia, Alemania",-1.6,"China, Francia, Alemania",-1.6,50.9,50.9,definitivo
2024,E,Agroalimentario,11,Sectores Cárnicos,1111,Bovino,111111,Animales vivos de bovinos,NA,NA,262.06,"Francia, Portugal, Italia",0.7,"Portugal, Italia, Francia",7.4,"Marruecos, Portugal, Líbano",-8.5,"Marruecos, Portugal, Líbano",-8.5,32.2,NA,provisional
2024,E,Agroalimentario,11,Sectores Cárnicos,1111,Bovino,111112,Carne fresca o refrigerada de bovino,NA,NA,1170.96,"Francia, Portugal, Italia",0.7,"Portugal, Italia, Francia",7.4,"Portugal, Italia, Francia",15.1,"Portugal, Italia, Francia",15.1,84.8,NA,provisional
2024,E,Agroalimentario,11,Sectores Cárnicos,1111,Bovino,111113,Carne congelada de bovino,NA,NA,218.05,"Francia, Portugal, Italia",0.7,"Portugal, Italia, Francia",7.4,"Francia, Portugal, Marruecos",-5.9,"Francia, Portugal, Marruecos",-5.9,74.7,NA,provisional
2024,E,Agroalimentario,11,Sectores Cárnicos,1111,Bovino,111114,Preparaciones y despojos de bovino,NA,NA,45.06,"Francia, Portugal, Italia",0.7,"Portugal, Italia, Francia",7.4,"Portugal, Francia, Reino Unido",4.7,"Portugal, Francia, Reino Unido",4.7,81.6,NA,provisional
2024,E,Agroalimentario,11,Sectores Cárnicos,1111,Bovino,111115,Despojos de bovino,NA,NA,72.94,"Francia, Portugal, Italia",0.7,"Portugal, Italia, Francia",7.4,"Francia, Portugal, Japón",5.9,"Francia, Portugal, Japón",5.9,67.6,NA,provisional
2024,E,Agroalimentario,11,Sectores Cárnicos,1112,Ovino-caprino,111211,Animales vivos de ovino-caprino,NA,NA,233.13,"Francia, Portugal, Italia",0.7,"Francia, Marruecos, Italia",19.7,"Marruecos, Jordania, Libia",13.5,"Marruecos, Jordania, Libia",13.5,25.9,NA,provisional
2024,E,Agroalimentario,11,Sectores Cárnicos,1112,Ovino-caprino,111212,Carne de ovino-caprino,NA,NA,330.13,"Francia, Portugal, Italia",0.7,"Francia, Marruecos, Italia",19.7,"Francia, Argelia, Italia",25.1,"Francia, Argelia, Italia",25.1,76.5,NA,provisional
2024,E,Agroalimentario,11,Sectores Cárnicos,1112,Ovino-caprino,111213,Preparaciones de ovino-caprino,NA,NA,2.97,"Francia, Portugal, Italia",0.7,"Francia, Marruecos, Italia",19.7,"Francia, Cuba, Portugal",-0.6,"Francia, Cuba, Portugal",-0.6,57.5,NA,provisional
2024,E,Agroalimentario,11,Sectores Cárnicos,1112,Ovino-caprino,111214,Despojos,NA,NA,15.15,"Francia, Portugal, Italia",0.7,"Francia, Marruecos, Italia",19.7,"Grecia, Italia, Francia",13.3,"Grecia, Italia, Francia",13.3,93.8,NA,provisional
2024,E,Agroalimentario,11,Sectores Cárnicos,1113,Porcino,111311,Animales vivos de porcino,NA,NA,204.03,"Francia, Portugal, Italia",0.7,"China, Francia, Italia",-1.8,"Portugal, Alemania, Italia",-5.5,"Portugal, Alemania, Italia",-5.5,100.0,NA,provisional
2024,E,Agroalimentario,11,Sectores Cárnicos,1113,Porcino,111312,Carne fresca y refrigerada de porcino,NA,NA,3251.05,"Francia, Portugal, Italia",0.7,"China, Francia, Italia",-1.8,"Italia, Francia, Rumanía",-2.9,"Italia, Francia, Rumanía",-2.9,94.8,NA,provisional
2024,E,Agroalimentario,11,Sectores Cárnicos,1113,Porcino,111313,Carne congelada de porcino,NA,NA,2848.35,"Francia, Portugal, Italia",0.7,"China, Francia, Italia",-1.8,"Japón, China, Corea del Sur",-3.5,"Japón, China, Corea del Sur",-3.5,22.7,NA,provisional
2024,E,Agroalimentario,11,Sectores Cárnicos,1113,Porcino,111314,Tocino de porcino,NA,NA,148.42,"Francia, Portugal, Italia",0.7,"China, Francia, Italia",-1.8,"Filipinas, Vietnam, Alemania",-17.7,"Filipinas, Vietnam, Alemania",-17.7,34.4,NA,provisional
2024,E,Agroalimentario,11,Sectores Cárnicos,1113,Porcino,111315,Jamones y paleta de porcino,NA,NA,767.72,"Francia, Portugal, Italia",0.7,"China, Francia, Italia",-1.8,"Francia, Alemania, Portugal",8.3,"Francia, Alemania, Portugal",8.3,64.2,NA,provisional
2024,E,Agroalimentario,11,Sectores Cárnicos,1113,Porcino,111316,Preparaciones de porcino,NA,NA,951.52,"Francia, Portugal, Italia",0.7,"China, Francia, Italia",-1.8,"Francia, Reino Unido, Portugal",5.6,"Francia, Reino Unido, Portugal",5.6,68.8,NA,provisional
2024,E,Agroalimentario,11,Sectores Cárnicos,1113,Porcino,111317,Despojos de porcino,NA,NA,792.33,"Francia, Portugal, Italia",0.7,"China, Francia, Italia",-1.8,"China, Filipinas, Francia",-3.0,"China, Filipinas, Francia",-3.0,9.1,NA,provisional
2024,E,Agroalimentario,11,Sectores Cárnicos,1114,Aves y huevos,111411,Animales vivos de aves,NA,NA,110.71,"Francia, Portugal, Italia",0.7,"Portugal, Francia, Reino Unido",3.6,"Portugal, Marruecos, Argelia",38.9,"Portugal, Marruecos, Argelia",38.9,30.8,NA,provisional
2024,E,Agroalimentario,11,Sectores Cárnicos,1114,Aves y huevos,111412,Carne de aves,NA,NA,510.99,"Francia, Portugal, Italia",0.7,"Portugal, Francia, Reino Unido",3.6,"Portugal, Francia, Reino Unido",2.4,"Portugal, Francia, Reino Unido",2.4,76.4,NA,provisional
2024,E,Agroalimentario,11,Sectores Cárnicos,1114,Aves y huevos,111413,Huevos y Ovoproductos,NA,NA,323.66,"Francia, Portugal, Italia",0.7,"Portugal, Francia, Reino Unido",3.6,"Francia, Portugal, Rusia",-3.4,"Francia, Portugal, Rusia",-3.4,71.3,NA,provisional
2024,E,Agroalimentario,11,Sectores Cárnicos,1114,Aves y huevos,111414,Preparados de aves,NA,NA,183.34,"Francia, Portugal, Italia",0.7,"Portugal, Francia, Reino Unido",3.6,"Portugal, Reino Unido, Francia",4.3,"Portugal, Reino Unido, Francia",4.3,78.3,NA,provisional
2024,E,Agroalimentario,11,Sectores Cárnicos,1115,Otros animales,111511,Otros animales vivos,NA,NA,77.87,"Francia, Portugal, Italia",0.7,"Italia, Francia, Países Bajos",-4.4,"Países Bajos, Francia, Emiratos Árabes Unidos",-0.4,"Países Bajos, Francia, Emiratos Árabes Unidos",-0.4,52.6,NA,provisional
2024,E,Agroalimentario,11,Sectores Cárnicos,1115,Otros animales,111512,Carne de otros animales,NA,NA,114.38,"Francia, Portugal, Italia",0.7,"Italia, Francia, Países Bajos",-4.4,"Italia, Alemania, Portugal",-6.9,"Italia, Alemania, Portugal",-6.9,90.5,NA,provisional
2024,E,Agroalimentario,12,Lácteos,1211,Lácteos,121111,Leche,NA,NA,462.82,"Portugal, Francia, Italia",5.6,"Portugal, Francia, Italia",5.6,"Francia, Portugal, China",0.3,"Francia, Portugal, China",0.3,63.4,NA,provisional
2024,E,Agroalimentario,12,Lácteos,1211,Lácteos,121112,Mantequilla,NA,NA,105.22,"Portugal, Francia, Italia",5.6,"Portugal, Francia, Italia",5.6,"Italia, Francia, Portugal",26.1,"Italia, Francia, Portugal",26.1,86.3,NA,provisional
2024,E,Agroalimentario,12,Lácteos,1211,Lácteos,121113,Quesos,NA,NA,840.37,"Portugal, Francia, Italia",5.6,"Portugal, Francia, Italia",5.6,"Francia, Portugal, Estados Unidos",4.6,"Francia, Portugal, Estados Unidos",4.6,63.5,NA,provisional
2024,E,Agroalimentario,12,Lácteos,1211,Lácteos,121114,Yogures y lactosueros,NA,NA,440.05,"Portugal, Francia, Italia",5.6,"Portugal, Francia, Italia",5.6,"Portugal, Francia, China",9.6,"Portugal, Francia, China",9.6,69.0,NA,provisional
2024,E,Agroalimentario,13,Pesca,1311,Pesca,131111,Peces vivos,NA,NA,33.10,"Italia, Portugal, Francia",-0.4,"Italia, Portugal, Francia",-0.4,"Francia, Italia, Portugal",-0.3,"Francia, Italia, Portugal",-0.3,94.2,NA,provisional
2024,E,Agroalimentario,13,Pesca,1311,Pesca,131112,Pescado fresco,NA,NA,802.84,"Italia, Portugal, Francia",-0.4,"Italia, Portugal, Francia",-0.4,"Portugal, Italia, Francia",-5.2,"Portugal, Italia, Francia",-5.2,81.0,NA,provisional
2024,E,Agroalimentario,13,Pesca,1311,Pesca,131112,Pescado fresco,1311121,Merluza fresca,22.53,"Italia, Portugal, Francia",-0.4,"Italia, Portugal, Francia",-0.4,"Portugal, Italia, Francia",-5.2,"Portugal, Francia, Italia",-7.4,81.0,98.1,provisional
2024,E,Agroalimentario,13,Pesca,1311,Pesca,131112,Pescado fresco,1311122,Atún fresco,119.35,"Italia, Portugal, Francia",-0.4,"Italia, Portugal, Francia",-0.4,"Portugal, Italia, Francia",-5.2,"Estados Unidos, China, Italia",14.3,81.0,29.3,provisional
2024,E,Agroalimentario,13,Pesca,1311,Pesca,131112,Pescado fresco,1311123,Bacalao fresco,2.90,"Italia, Portugal, Francia",-0.4,"Italia, Portugal, Francia",-0.4,"Portugal, Italia, Francia",-5.2,"Portugal, Italia, Francia",-8.0,81.0,98.5,provisional
2024,E,Agroalimentario,13,Pesca,1311,Pesca,131112,Pescado fresco,1311124,Rape fresco,4.65,"Italia, Portugal, Francia",-0.4,"Italia, Portugal, Francia",-0.4,"Portugal, Italia, Francia",-5.2,"Portugal, Italia, Francia",-9.2,81.0,95.3,provisional
2024,E,Agroalimentario,13,Pesca,1311,Pesca,131112,Pescado fresco,1311125,Otro pescado fresco,653.41,"Italia, Portugal, Francia",-0.4,"Italia, Portugal, Francia",-0.4,"Portugal, Italia, Francia",-5.2,"Portugal, Italia, Francia",-8.0,81.0,89.7,provisional
2024,E,Agroalimentario,13,Pesca,1311,Pesca,131113,Pescado congelado,NA,NA,1154.42,"Italia, Portugal, Francia",-0.4,"Italia, Portugal, Francia",-0.4,"Italia, Portugal, Francia",-8.9,"Italia, Portugal, Francia",-8.9,56.5,NA,provisional
2024,E,Agroalimentario,13,Pesca,1311,Pesca,131113,Pescado congelado,1311131,Atún congelado,270.71,"Italia, Portugal, Francia",-0.4,"Italia, Portugal, Francia",-0.4,"Italia, Portugal, Francia",-8.9,"Ecuador, Filipinas, Portugal",-20.6,56.5,25.9,provisional
2024,E,Agroalimentario,13,Pesca,1311,Pesca,131113,Pescado congelado,1311132,Merluza congelada (entera y filetes),216.17,"Italia, Portugal, Francia",-0.4,"Italia, Portugal, Francia",-0.4,"Italia, Portugal, Francia",-8.9,"Portugal, Italia, Ucrania",0.8,56.5,69.0,provisional
2024,E,Agroalimentario,13,Pesca,1311,Pesca,131113,Pescado congelado,1311133,Otro pescado congelado,667.54,"Italia, Portugal, Francia",-0.4,"Italia, Portugal, Francia",-0.4,"Italia, Portugal, Francia",-8.9,"Italia, Portugal, China",-6.2,56.5,64.9,provisional
2024,E,Agroalimentario,13,Pesca,1311,Pesca,131114,"Moluscos, crustáceos y otros invertebrados acuáticos",NA,NA,1710.64,"Italia, Portugal, Francia",-0.4,"Italia, Portugal, Francia",-0.4,"Italia, Portugal, Francia",1.2,"Italia, Portugal, Francia",1.2,85.0,NA,provisional
2024,E,Agroalimentario,13,Pesca,1311,Pesca,131114,"Moluscos, crustáceos y otros invertebrados acuáticos",1311141,Mejillón,60.27,"Italia, Portugal, Francia",-0.4,"Italia, Portugal, Francia",-0.4,"Italia, Portugal, Francia",1.2,"Italia, Francia, Portugal",-1.6,85.0,96.8,provisional
2024,E,Agroalimentario,13,Pesca,1311,Pesca,131114,"Moluscos, crustáceos y otros invertebrados acuáticos",1311142,Calamar y sepia,606.95,"Italia, Portugal, Francia",-0.4,"Italia, Portugal, Francia",-0.4,"Italia, Portugal, Francia",1.2,"Italia, Portugal, Francia",-3.3,85.0,85.6,provisional
2024,E,Agroalimentario,13,Pesca,1311,Pesca,131114,"Moluscos, crustáceos y otros invertebrados acuáticos",1311143,Pulpo,431.31,"Italia, Portugal, Francia",-0.4,"Italia, Portugal, Francia",-0.4,"Italia, Portugal, Francia",1.2,"Italia, Portugal, Estados Unidos",3.3,85.0,70.5,provisional
2024,E,Agroalimentario,13,Pesca,1311,Pesca,131114,"Moluscos, crustáceos y otros invertebrados acuáticos",1311144,Langostino y gamba,428.54,"Italia, Portugal, Francia",-0.4,"Italia, Portugal, Francia",-0.4,"Italia, Portugal, Francia",1.2,"Portugal, Italia, Francia",-0.4,85.0,93.5,provisional
2024,E,Agroalimentario,13,Pesca,1311,Pesca,131114,"Moluscos, crustáceos y otros invertebrados acuáticos",1311145,Almeja y ostra,79.10,"Italia, Portugal, Francia",-0.4,"Italia, Portugal, Francia",-0.4,"Italia, Portugal, Francia",1.2,"Italia, Francia, Alemania",27.6,85.0,97.6,provisional
2024,E,Agroalimentario,13,Pesca,1311,Pesca,131114,"Moluscos, crustáceos y otros invertebrados acuáticos",1311146,Otros moluscos y crustáceos,104.46,"Italia, Portugal, Francia",-0.4,"Italia, Portugal, Francia",-0.4,"Italia, Portugal, Francia",1.2,"Italia, Francia, Portugal",15.2,85.0,90.2,provisional
2024,E,Agroalimentario,13,Pesca,1311,Pesca,131115,Los demás preparados de productos de la pesca,NA,NA,121.33,"Italia, Portugal, Francia",-0.4,"Italia, Portugal, Francia",-0.4,"Italia, Portugal, Francia",2.3,"Italia, Portugal, Francia",2.3,73.3,NA,provisional
2024,E,Agroalimentario,13,Pesca,1311,Pesca,131116,Conservas de pescados,NA,NA,1133.46,"Italia, Portugal, Francia",-0.4,"Italia, Portugal, Francia",-0.4,"Italia, Francia, Portugal",5.7,"Italia, Francia, Portugal",5.7,87.3,NA,provisional
2024,E,Agroalimentario,13,Pesca,1311,Pesca,131116,Conservas de pescados,1311161,Atún y bonito en conserva,775.85,"Italia, Portugal, Francia",-0.4,"Italia, Portugal, Francia",-0.4,"Italia, Francia, Portugal",5.7,"Italia, Francia, Portugal",6.6,87.3,91.9,provisional
2024,E,Agroalimentario,13,Pesca,1311,Pesca,131116,Conservas de pescados,1311162,Anchoa en conserva,60.73,"Italia, Portugal, Francia",-0.4,"Italia, Portugal, Francia",-0.4,"Italia, Francia, Portugal",5.7,"Italia, Reino Unido, Suiza",15.4,87.3,52.4,provisional
2024,E,Agroalimentario,13,Pesca,1311,Pesca,131116,Conservas de pescados,1311163,Sardina y caballa en conserva,33.40,"Italia, Portugal, Francia",-0.4,"Italia, Portugal, Francia",-0.4,"Italia, Francia, Portugal",5.7,"Italia, Portugal, Estados Unidos",-1.9,87.3,57.5,provisional
2024,E,Agroalimentario,13,Pesca,1311,Pesca,131116,Conservas de pescados,1311165,Otras conservas de pescado,263.47,"Italia, Portugal, Francia",-0.4,"Italia, Portugal, Francia",-0.4,"Italia, Francia, Portugal",5.7,"Italia, Portugal, Francia",2.2,87.3,85.7,provisional
2024,E,Agroalimentario,13,Pesca,1311,Pesca,131117,Conservas de moluscos y crustáceos,NA,NA,368.94,"Italia, Portugal, Francia",-0.4,"Italia, Portugal, Francia",-0.4,"Francia, Estados Unidos, Italia",15.9,"Francia, Estados Unidos, Italia",15.9,68.6,NA,provisional
2024,E,Agroalimentario,13,Pesca,1311,Pesca,131117,Conservas de moluscos y crustáceos,1311171,Mejillón en conserva,45.27,"Italia, Portugal, Francia",-0.4,"Italia, Portugal, Francia",-0.4,"Francia, Estados Unidos, Italia",15.9,"Francia, Italia, Estados Unidos",3.6,68.6,77.8,provisional
2024,E,Agroalimentario,13,Pesca,1311,Pesca,131117,Conservas de moluscos y crustáceos,1311172,"Almeja, berberecho y arca en conserva",7.04,"Italia, Portugal, Francia",-0.4,"Italia, Portugal, Francia",-0.4,"Francia, Estados Unidos, Italia",15.9,"Portugal, Italia, Estados Unidos",23.5,68.6,80.8,provisional
2024,E,Agroalimentario,13,Pesca,1311,Pesca,131117,Conservas de moluscos y crustáceos,1311174,Pulpo en conserva,122.50,"Italia, Portugal, Francia",-0.4,"Italia, Portugal, Francia",-0.4,"Francia, Estados Unidos, Italia",15.9,"Estados Unidos, Italia, Francia",26.8,68.6,46.4,provisional
2024,E,Agroalimentario,13,Pesca,1311,Pesca,131117,Conservas de moluscos y crustáceos,1311175,Sepia y calamar en conserva,134.52,"Italia, Portugal, Francia",-0.4,"Italia, Portugal, Francia",-0.4,"Francia, Estados Unidos, Italia",15.9,"Francia, Italia, Estados Unidos",19.7,68.6,78.9,provisional
2024,E,Agroalimentario,13,Pesca,1311,Pesca,131117,Conservas de moluscos y crustáceos,1311176,Otras conservas de moluscos y crustáceos,59.61,"Italia, Portugal, Francia",-0.4,"Italia, Portugal, Francia",-0.4,"Francia, Estados Unidos, Italia",15.9,"Italia, Francia, Portugal",-0.6,68.6,83.0,provisional
2024,E,Agroalimentario,14,Cereales y productos de molinera,1411,Cereales,141111,Trigo,NA,NA,165.37,"Portugal, Francia, Italia",-6.0,"Portugal, Francia, Italia",-6.0,"Italia, Túnez, Portugal",320.0,"Italia, Túnez, Portugal",320.0,60.0,NA,provisional
2024,E,Agroalimentario,14,Cereales y productos de molinera,1411,Cereales,141112,Cebada,NA,NA,15.75,"Portugal, Francia, Italia",-6.0,"Portugal, Francia, Italia",-6.0,"Francia, Portugal, Suecia",-41.1,"Francia, Portugal, Suecia",-41.1,97.3,NA,provisional
2024,E,Agroalimentario,14,Cereales y productos de molinera,1411,Cereales,141113,Maíz,NA,NA,119.00,"Portugal, Francia, Italia",-6.0,"Portugal, Francia, Italia",-6.0,"Francia, Portugal, Reino Unido",-17.1,"Francia, Portugal, Reino Unido",-17.1,71.7,NA,provisional
2024,E,Agroalimentario,14,Cereales y productos de molinera,1411,Cereales,141114,Arroz,NA,NA,169.11,"Portugal, Francia, Italia",-6.0,"Portugal, Francia, Italia",-6.0,"Francia, Portugal, Reino Unido",-19.4,"Francia, Portugal, Reino Unido",-19.4,71.2,NA,provisional
2024,E,Agroalimentario,14,Cereales y productos de molinera,1411,Cereales,141115,Otros cereales,NA,NA,25.81,"Portugal, Francia, Italia",-6.0,"Portugal, Francia, Italia",-6.0,"Portugal, Italia, Francia",18.0,"Portugal, Italia, Francia",18.0,85.7,NA,provisional
2024,E,Agroalimentario,14,Cereales y productos de molinera,1411,Cereales,141116,Harina de trigo,NA,NA,42.29,"Portugal, Francia, Italia",-6.0,"Portugal, Francia, Italia",-6.0,"Portugal, Francia, Cuba",-7.1,"Portugal, Francia, Cuba",-7.1,76.4,NA,provisional
2024,E,Agroalimentario,14,Cereales y productos de molinera,1411,Cereales,141117,Otras harinas,NA,NA,27.96,"Portugal, Francia, Italia",-6.0,"Portugal, Francia, Italia",-6.0,"Francia, Portugal, Omán",19.4,"Francia, Portugal, Omán",19.4,66.9,NA,provisional
2024,E,Agroalimentario,14,Cereales y productos de molinera,1411,Cereales,141118,Malta,NA,NA,45.47,"Portugal, Francia, Italia",-6.0,"Portugal, Francia, Italia",-6.0,"Portugal, Bélgica, Italia",-57.6,"Portugal, Bélgica, Italia",-57.6,91.4,NA,provisional
2024,E,Agroalimentario,14,Cereales y productos de molinera,1411,Cereales,141119,Almidón,NA,NA,72.56,"Portugal, Francia, Italia",-6.0,"Portugal, Francia, Italia",-6.0,"Francia, Portugal, Reino Unido",-20.6,"Francia, Portugal, Reino Unido",-20.6,84.8,NA,provisional
2024,E,Agroalimentario,14,Cereales y productos de molinera,1411,Cereales,141120,Grañones y sémola de trigo,NA,NA,39.93,"Portugal, Francia, Italia",-6.0,"Portugal, Francia, Italia",-6.0,"Francia, Mali, Senegal",-8.5,"Francia, Mali, Senegal",-8.5,68.0,NA,provisional
2024,E,Agroalimentario,14,Cereales y productos de molinera,1411,Cereales,141121,Otros productos de cereales,NA,NA,160.83,"Portugal, Francia, Italia",-6.0,"Portugal, Francia, Italia",-6.0,"Francia, Portugal, Italia",-14.3,"Francia, Portugal, Italia",-14.3,65.2,NA,provisional
2024,E,Agroalimentario,15,Industrias alimentarias y piensos,1511,Industrias alimentarias,151111,Residuos de productos alimentarios,NA,NA,433.66,"Francia, Portugal, Italia",4.2,"Francia, Portugal, Italia",4.2,"Francia, Portugal, Italia",-11.3,"Francia, Portugal, Italia",-11.3,77.9,NA,provisional
2024,E,Agroalimentario,15,Industrias alimentarias y piensos,1511,Industrias alimentarias,151112,Piensos,NA,NA,1333.79,"Francia, Portugal, Italia",4.2,"Francia, Portugal, Italia",4.2,"Portugal, Francia, Italia",10.5,"Portugal, Francia, Italia",10.5,68.2,NA,provisional
2024,E,Agroalimentario,16,Flores y plantas,1611,Flores y plantas,161111,Flores y plantas,NA,NA,700.30,"Francia, Países Bajos, Portugal",13.2,"Francia, Países Bajos, Portugal",13.2,"Francia, Países Bajos, Portugal",13.2,"Francia, Países Bajos, Portugal",13.2,76.7,NA,provisional
2024,E,Agroalimentario,17,Hortalizas y legumbres,1711,Hortalizas y legumbres,171111,Tomate,NA,NA,1099.50,"Alemania, Francia, Reino Unido",2.5,"Alemania, Francia, Reino Unido",2.5,"Alemania, Reino Unido, Francia",-8.5,"Alemania, Reino Unido, Francia",-8.5,82.8,NA,provisional
2024,E,Agroalimentario,17,Hortalizas y legumbres,1711,Hortalizas y legumbres,171112,Pimiento,NA,NA,1665.66,"Alemania, Francia, Reino Unido",2.5,"Alemania, Francia, Reino Unido",2.5,"Alemania, Reino Unido, Francia",2.3,"Alemania, Reino Unido, Francia",2.3,81.7,NA,provisional
2024,E,Agroalimentario,17,Hortalizas y legumbres,1711,Hortalizas y legumbres,171113,Pepino,NA,NA,980.61,"Alemania, Francia, Reino Unido",2.5,"Alemania, Francia, Reino Unido",2.5,"Alemania, Reino Unido, Países Bajos",-3.5,"Alemania, Reino Unido, Países Bajos",-3.5,81.2,NA,provisional
2024,E,Agroalimentario,17,Hortalizas y legumbres,1711,Hortalizas y legumbres,171114,Lechuga,NA,NA,1011.41,"Alemania, Francia, Reino Unido",2.5,"Alemania, Francia, Reino Unido",2.5,"Alemania, Francia, Reino Unido",-1.4,"Alemania, Francia, Reino Unido",-1.4,82.2,NA,provisional
2024,E,Agroalimentario,17,Hortalizas y legumbres,1711,Hortalizas y legumbres,171115,Patata,NA,NA,219.83,"Alemania, Francia, Reino Unido",2.5,"Alemania, Francia, Reino Unido",2.5,"Portugal, Francia, Alemania",6.4,"Portugal, Francia, Alemania",6.4,94.0,NA,provisional
2024,E,Agroalimentario,17,Hortalizas y legumbres,1711,Hortalizas y legumbres,171116,Cebolla,NA,NA,186.37,"Alemania, Francia, Reino Unido",2.5,"Alemania, Francia, Reino Unido",2.5,"Alemania, Reino Unido, Portugal",-24.8,"Alemania, Reino Unido, Portugal",-24.8,68.0,NA,provisional
2024,E,Agroalimentario,17,Hortalizas y legumbres,1711,Hortalizas y legumbres,171117,Ajos,NA,NA,455.48,"Alemania, Francia, Reino Unido",2.5,"Alemania, Francia, Reino Unido",2.5,"Alemania, Estados Unidos, Reino Unido",16.3,"Alemania, Estados Unidos, Reino Unido",16.3,64.2,NA,provisional
2024,E,Agroalimentario,17,Hortalizas y legumbres,1711,Hortalizas y legumbres,171118,Zanahoria,NA,NA,112.61,"Alemania, Francia, Reino Unido",2.5,"Alemania, Francia, Reino Unido",2.5,"Francia, Alemania, Países Bajos",-3.0,"Francia, Alemania, Países Bajos",-3.0,90.6,NA,provisional
2024,E,Agroalimentario,17,Hortalizas y legumbres,1711,Hortalizas y legumbres,171119,Las demás hortalizas frescas,NA,NA,2312.80,"Alemania, Francia, Reino Unido",2.5,"Alemania, Francia, Reino Unido",2.5,"Alemania, Reino Unido, Francia",7.2,"Alemania, Reino Unido, Francia",7.2,74.5,NA,provisional
2024,E,Agroalimentario,17,Hortalizas y legumbres,1711,Hortalizas y legumbres,171120,Hortalizas congeladas,NA,NA,855.40,"Alemania, Francia, Reino Unido",2.5,"Alemania, Francia, Reino Unido",2.5,"Francia, Alemania, Italia",15.7,"Francia, Alemania, Italia",15.7,72.1,NA,provisional
2024,E,Agroalimentario,17,Hortalizas y legumbres,1711,Hortalizas y legumbres,171121,Hortalizas conservadas o secas,NA,NA,177.73,"Alemania, Francia, Reino Unido",2.5,"Alemania, Francia, Reino Unido",2.5,"Alemania, Francia, Portugal",11.5,"Alemania, Francia, Portugal",11.5,79.6,NA,provisional
2024,E,Agroalimentario,17,Hortalizas y legumbres,1711,Hortalizas y legumbres,171122,Legumbres,NA,NA,82.08,"Alemania, Francia, Reino Unido",2.5,"Alemania, Francia, Reino Unido",2.5,"India, Países Bajos, Alemania",74.3,"India, Países Bajos, Alemania",74.3,66.3,NA,provisional
2024,E,Agroalimentario,18,Frutas,1811,Frutas,181111,Cítricos,NA,NA,3534.25,"Alemania, Francia, Reino Unido",6.1,"Alemania, Francia, Reino Unido",6.1,"Alemania, Francia, Reino Unido",-1.8,"Alemania, Francia, Reino Unido",-1.8,84.3,NA,provisional
2024,E,Agroalimentario,18,Frutas,1811,Frutas,181111,Cítricos,1811111,Naranjas,1154.81,"Alemania, Francia, Reino Unido",6.1,"Alemania, Francia, Reino Unido",6.1,"Alemania, Francia, Reino Unido",-1.8,"Alemania, Francia, Países Bajos",-5.6,84.3,85.3,provisional
2024,E,Agroalimentario,18,Frutas,1811,Frutas,181111,Cítricos,1811112,Mandarinas y clementinas,1486.83,"Alemania, Francia, Reino Unido",6.1,"Alemania, Francia, Reino Unido",6.1,"Alemania, Francia, Reino Unido",-1.8,"Alemania, Francia, Reino Unido",-1.8,84.3,81.3,provisional
2024,E,Agroalimentario,18,Frutas,1811,Frutas,181111,Cítricos,1811113,Limones y limas,808.69,"Alemania, Francia, Reino Unido",6.1,"Alemania, Francia, Reino Unido",6.1,"Alemania, Francia, Reino Unido",-1.8,"Alemania, Francia, Reino Unido",2.8,84.3,87.4,provisional
2024,E,Agroalimentario,18,Frutas,1811,Frutas,181111,Cítricos,1811114,Otros cítricos,83.91,"Alemania, Francia, Reino Unido",6.1,"Alemania, Francia, Reino Unido",6.1,"Alemania, Francia, Reino Unido",-1.8,"Alemania, Francia, Países Bajos",10.6,84.3,92.8,provisional
2024,E,Agroalimentario,18,Frutas,1811,Frutas,181112,Melones y sandías,NA,NA,881.94,"Alemania, Francia, Reino Unido",6.1,"Alemania, Francia, Reino Unido",6.1,"Alemania, Francia, Reino Unido",7.2,"Alemania, Francia, Reino Unido",7.2,85.3,NA,provisional
2024,E,Agroalimentario,18,Frutas,1811,Frutas,181112,Melones y sandías,1811121,Melones,329.23,"Alemania, Francia, Reino Unido",6.1,"Alemania, Francia, Reino Unido",6.1,"Alemania, Francia, Reino Unido",7.2,"Alemania, Francia, Reino Unido",4.9,85.3,83.6,provisional
2024,E,Agroalimentario,18,Frutas,1811,Frutas,181112,Melones y sandías,1811122,Sandías,552.72,"Alemania, Francia, Reino Unido",6.1,"Alemania, Francia, Reino Unido",6.1,"Alemania, Francia, Reino Unido",7.2,"Alemania, Francia, Reino Unido",8.6,85.3,86.3,provisional
2024,E,Agroalimentario,18,Frutas,1811,Frutas,181113,Melocotón y nectarina,NA,NA,1027.40,"Alemania, Francia, Reino Unido",6.1,"Alemania, Francia, Reino Unido",6.1,"Alemania, Francia, Italia",9.7,"Alemania, Francia, Italia",9.7,86.4,NA,provisional
2024,E,Agroalimentario,18,Frutas,1811,Frutas,181114,Fresas,NA,NA,788.53,"Alemania, Francia, Reino Unido",6.1,"Alemania, Francia, Reino Unido",6.1,"Alemania, Reino Unido, Francia",10.3,"Alemania, Reino Unido, Francia",10.3,79.7,NA,provisional
2024,E,Agroalimentario,18,Frutas,1811,Frutas,181115,Los demás frutos rojos,NA,NA,1123.48,"Alemania, Francia, Reino Unido",6.1,"Alemania, Francia, Reino Unido",6.1,"Alemania, Países Bajos, Reino Unido",13.7,"Alemania, Países Bajos, Reino Unido",13.7,80.2,NA,provisional
2024,E,Agroalimentario,18,Frutas,1811,Frutas,181116,Caquis,NA,NA,248.16,"Alemania, Francia, Reino Unido",6.1,"Alemania, Francia, Reino Unido",6.1,"Alemania, Francia, Italia",9.6,"Alemania, Francia, Italia",9.6,80.0,NA,provisional
2024,E,Agroalimentario,18,Frutas,1811,Frutas,181117,"Manzanas, peras y membrillos",NA,NA,195.34,"Alemania, Francia, Reino Unido",6.1,"Alemania, Francia, Reino Unido",6.1,"Francia, Marruecos, Italia",-6.2,"Francia, Marruecos, Italia",-6.2,49.1,NA,provisional
2024,E,Agroalimentario,18,Frutas,1811,Frutas,181118,Plátano,NA,NA,112.04,"Alemania, Francia, Reino Unido",6.1,"Alemania, Francia, Reino Unido",6.1,"Portugal, Francia, Marruecos",2.1,"Portugal, Francia, Marruecos",2.1,92.7,NA,provisional
2024,E,Agroalimentario,18,Frutas,1811,Frutas,181119,Almendras y avellanas,NA,NA,697.53,"Alemania, Francia, Reino Unido",6.1,"Alemania, Francia, Reino Unido",6.1,"Alemania, Francia, Italia",31.7,"Alemania, Francia, Italia",31.7,85.4,NA,provisional
2024,E,Agroalimentario,18,Frutas,1811,Frutas,181119,Almendras y avellanas,1811191,Almendras,653.19,"Alemania, Francia, Reino Unido",6.1,"Alemania, Francia, Reino Unido",6.1,"Alemania, Francia, Italia",31.7,"Alemania, Italia, Francia",30.6,85.4,84.7,provisional
2024,E,Agroalimentario,18,Frutas,1811,Frutas,181119,Almendras y avellanas,1811192,Avellanas,44.35,"Alemania, Francia, Reino Unido",6.1,"Alemania, Francia, Reino Unido",6.1,"Alemania, Francia, Italia",31.7,"Alemania, Francia, Italia",50.4,85.4,96.3,provisional
2024,E,Agroalimentario,18,Frutas,1811,Frutas,181120,Uva,NA,NA,448.37,"Alemania, Francia, Reino Unido",6.1,"Alemania, Francia, Reino Unido",6.1,"Alemania, Reino Unido, Portugal",-2.1,"Alemania, Reino Unido, Portugal",-2.1,80.0,NA,provisional
2024,E,Agroalimentario,18,Frutas,1811,Frutas,181121,Las demás frutas frescas y desecadas,NA,NA,1619.99,"Alemania, Francia, Reino Unido",6.1,"Alemania, Francia, Reino Unido",6.1,"Francia, Alemania, Portugal",9.0,"Francia, Alemania, Portugal",9.0,86.6,NA,provisional
2024,E,Agroalimentario,18,Frutas,1811,Frutas,181122,Frutas congeladas,NA,NA,79.48,"Alemania, Francia, Reino Unido",6.1,"Alemania, Francia, Reino Unido",6.1,"Francia, Alemania, Reino Unido",-3.3,"Francia, Alemania, Reino Unido",-3.3,74.1,NA,provisional
2024,E,Agroalimentario,18,Frutas,1811,Frutas,181123,Frutas conservadas provisionalmente y cortezas,NA,NA,102.64,"Alemania, Francia, Reino Unido",6.1,"Alemania, Francia, Reino Unido",6.1,"Francia, Alemania, Portugal",38.9,"Francia, Alemania, Portugal",38.9,85.2,NA,provisional
2024,E,Agroalimentario,19,Conservas vegetales,1911,Conservas vegetales,191111,Tomate,NA,NA,602.70,"Francia, Reino Unido, Alemania",10.6,"Francia, Reino Unido, Alemania",10.6,"Alemania, Francia, Reino Unido",-0.4,"Alemania, Francia, Reino Unido",-0.4,76.0,NA,provisional
2024,E,Agroalimentario,19,Conservas vegetales,1911,Conservas vegetales,191112,Aceituna,NA,NA,978.56,"Francia, Reino Unido, Alemania",10.6,"Francia, Reino Unido, Alemania",10.6,"Estados Unidos, Italia, Rusia",20.0,"Estados Unidos, Italia, Rusia",20.0,34.7,NA,provisional
2024,E,Agroalimentario,19,Conservas vegetales,1911,Conservas vegetales,191113,Espárragos,NA,NA,15.74,"Francia, Reino Unido, Alemania",10.6,"Francia, Reino Unido, Alemania",10.6,"Francia, Italia, Suecia",15.0,"Francia, Italia, Suecia",15.0,94.5,NA,provisional
2024,E,Agroalimentario,19,Conservas vegetales,1911,Conservas vegetales,191114,Las demás hortalizas,NA,NA,978.84,"Francia, Reino Unido, Alemania",10.6,"Francia, Reino Unido, Alemania",10.6,"Francia, Portugal, Reino Unido",9.7,"Francia, Portugal, Reino Unido",9.7,64.3,NA,provisional
2024,E,Agroalimentario,19,Conservas vegetales,1911,Conservas vegetales,191115,Zumos,NA,NA,914.81,"Francia, Reino Unido, Alemania",10.6,"Francia, Reino Unido, Alemania",10.6,"Francia, Reino Unido, Alemania",18.9,"Francia, Reino Unido, Alemania",18.9,56.0,NA,provisional
2024,E,Agroalimentario,19,Conservas vegetales,1911,Conservas vegetales,191116,Confituras y mermeladas,NA,NA,245.68,"Francia, Reino Unido, Alemania",10.6,"Francia, Reino Unido, Alemania",10.6,"Francia, Alemania, Portugal",10.5,"Francia, Alemania, Portugal",10.5,73.2,NA,provisional
2024,E,Agroalimentario,19,Conservas vegetales,1911,Conservas vegetales,191117,Las demás frutas,NA,NA,489.92,"Francia, Reino Unido, Alemania",10.6,"Francia, Reino Unido, Alemania",10.6,"Francia, Alemania, Países Bajos",-2.3,"Francia, Alemania, Países Bajos",-2.3,70.9,NA,provisional
2024,E,Agroalimentario,20,Vinos y bebidas,2011,Vinos y bebidas,201111,Agua,NA,NA,48.85,"Francia, Alemania, Reino Unido",2.5,"Francia, Alemania, Reino Unido",2.5,"Francia, Portugal, Andorra",-40.0,"Francia, Portugal, Andorra",-40.0,46.5,NA,provisional
2024,E,Agroalimentario,20,Vinos y bebidas,2011,Vinos y bebidas,201112,Bebidas refrescantes,NA,NA,606.69,"Francia, Alemania, Reino Unido",2.5,"Francia, Alemania, Reino Unido",2.5,"Portugal, Francia, Reino Unido",17.5,"Portugal, Francia, Reino Unido",17.5,58.9,NA,provisional
2024,E,Agroalimentario,20,Vinos y bebidas,2011,Vinos y bebidas,201113,Cerveza,NA,NA,302.61,"Francia, Alemania, Reino Unido",2.5,"Francia, Alemania, Reino Unido",2.5,"Cuba, China, Reino Unido",-6.7,"Cuba, China, Reino Unido",-6.7,20.4,NA,provisional
2024,E,Agroalimentario,20,Vinos y bebidas,2011,Vinos y bebidas,201114,Mosto,NA,NA,379.14,"Francia, Alemania, Reino Unido",2.5,"Francia, Alemania, Reino Unido",2.5,"Italia, Francia, China",18.0,"Italia, Francia, China",18.0,55.8,NA,provisional
2024,E,Agroalimentario,20,Vinos y bebidas,2011,Vinos y bebidas,201115,Vino,NA,NA,2977.76,"Francia, Alemania, Reino Unido",2.5,"Francia, Alemania, Reino Unido",2.5,"Alemania, Estados Unidos, Reino Unido",1.4,"Alemania, Estados Unidos, Reino Unido",1.4,47.1,NA,provisional
2024,E,Agroalimentario,20,Vinos y bebidas,2011,Vinos y bebidas,201116,Vermut y vino aromátizado,NA,NA,88.96,"Francia, Alemania, Reino Unido",2.5,"Francia, Alemania, Reino Unido",2.5,"Estados Unidos, Francia, Japón",10.4,"Estados Unidos, Francia, Japón",10.4,35.4,NA,provisional
2024,E,Agroalimentario,20,Vinos y bebidas,2011,Vinos y bebidas,201117,Otras bebidas fermentadas,NA,NA,36.63,"Francia, Alemania, Reino Unido",2.5,"Francia, Alemania, Reino Unido",2.5,"Portugal, Estados Unidos, Reino Unido",21.5,"Portugal, Estados Unidos, Reino Unido",21.5,35.7,NA,provisional
2024,E,Agroalimentario,20,Vinos y bebidas,2011,Vinos y bebidas,201118,Bebidas espirituosas,NA,NA,1039.99,"Francia, Alemania, Reino Unido",2.5,"Francia, Alemania, Reino Unido",2.5,"Filipinas, Alemania, Reino Unido",2.5,"Filipinas, Alemania, Reino Unido",2.5,46.0,NA,provisional
2024,E,Agroalimentario,20,Vinos y bebidas,2011,Vinos y bebidas,201119,Alcohol,NA,NA,406.03,"Francia, Alemania, Reino Unido",2.5,"Francia, Alemania, Reino Unido",2.5,"Francia, Grecia, Italia",-10.0,"Francia, Grecia, Italia",-10.0,98.4,NA,provisional
2024,E,Agroalimentario,20,Vinos y bebidas,2011,Vinos y bebidas,201120,Vinagre y sucedáneos,NA,NA,67.14,"Francia, Alemania, Reino Unido",2.5,"Francia, Alemania, Reino Unido",2.5,"Estados Unidos, Reino Unido, Italia",21.8,"Estados Unidos, Reino Unido, Italia",21.8,39.7,NA,provisional
2024,E,Agroalimentario,21,Tabaco,2111,Tabaco,211111,Tabaco,NA,NA,447.62,"No determinado extra-UE, Alemania, Portugal",8.1,"No determinado extra-UE, Alemania, Portugal",8.1,"No determinado extra-UE, Alemania, Portugal",8.1,"No determinado extra-UE, Alemania, Portugal",8.1,42.3,NA,provisional
2024,E,Agroalimentario,22,Grasas y aceites,2211,Grasas y aceites,221111,Aceite de soja,NA,NA,299.36,"Italia, Estados Unidos, Francia",26.1,"Italia, Estados Unidos, Francia",26.1,"Marruecos, Italia, Países Bajos",-19.9,"Marruecos, Italia, Países Bajos",-19.9,28.8,NA,provisional
2024,E,Agroalimentario,22,Grasas y aceites,2211,Grasas y aceites,221112,Aceite de oliva,NA,NA,6580.09,"Italia, Estados Unidos, Francia",26.1,"Italia, Estados Unidos, Francia",26.1,"Italia, Estados Unidos, Francia",46.3,"Italia, Estados Unidos, Francia",46.3,51.9,NA,provisional
2024,E,Agroalimentario,22,Grasas y aceites,2211,Grasas y aceites,221112,Aceite de oliva,2211121,Aceite de oliva virgen extra,4355.07,"Italia, Estados Unidos, Francia",26.1,"Italia, Estados Unidos, Francia",26.1,"Italia, Estados Unidos, Francia",46.3,"Italia, Estados Unidos, Francia",53.9,51.9,53.5,provisional
2024,E,Agroalimentario,22,Grasas y aceites,2211,Grasas y aceites,221112,Aceite de oliva,2211122,Aceite de oliva virgen y lampante,251.35,"Italia, Estados Unidos, Francia",26.1,"Italia, Estados Unidos, Francia",26.1,"Italia, Estados Unidos, Francia",46.3,"Italia, Portugal, Francia",20.5,51.9,83.8,provisional
2024,E,Agroalimentario,22,Grasas y aceites,2211,Grasas y aceites,221112,Aceite de oliva,2211123,Aceite de oliva refinado y mezclas,1548.76,"Italia, Estados Unidos, Francia",26.1,"Italia, Estados Unidos, Francia",26.1,"Italia, Estados Unidos, Francia",46.3,"Estados Unidos, Italia, Portugal",37.4,51.9,46.4,provisional
2024,E,Agroalimentario,22,Grasas y aceites,2211,Grasas y aceites,221112,Aceite de oliva,2211124,Aceite de orujo y otros aceites de aceituna,424.92,"Italia, Estados Unidos, Francia",26.1,"Italia, Estados Unidos, Francia",26.1,"Italia, Estados Unidos, Francia",46.3,"Italia, Estados Unidos, México",28.9,51.9,37.2,provisional
2024,E,Agroalimentario,22,Grasas y aceites,2211,Grasas y aceites,221113,Aceite de girasol,NA,NA,361.78,"Italia, Estados Unidos, Francia",26.1,"Italia, Estados Unidos, Francia",26.1,"Portugal, Estados Unidos, Francia",-14.5,"Portugal, Estados Unidos, Francia",-14.5,51.7,NA,provisional
2024,E,Agroalimentario,22,Grasas y aceites,2211,Grasas y aceites,221114,Margarina,NA,NA,339.07,"Italia, Estados Unidos, Francia",26.1,"Italia, Estados Unidos, Francia",26.1,"Francia, Portugal, Estados Unidos",4.9,"Francia, Portugal, Estados Unidos",4.9,60.8,NA,provisional
2024,E,Agroalimentario,22,Grasas y aceites,2211,Grasas y aceites,221115,Las demás grasas y aceites animales,NA,NA,112.87,"Italia, Estados Unidos, Francia",26.1,"Italia, Estados Unidos, Francia",26.1,"Italia, Francia, Países Bajos",4.8,"Italia, Francia, Países Bajos",4.8,86.0,NA,provisional
2024,E,Agroalimentario,22,Grasas y aceites,2211,Grasas y aceites,221116,Las demás grasas y aceites vegetales,NA,NA,649.72,"Italia, Estados Unidos, Francia",26.1,"Italia, Estados Unidos, Francia",26.1,"Italia, Estados Unidos, Francia",-6.6,"Italia, Estados Unidos, Francia",-6.6,61.9,NA,provisional
2024,E,Agroalimentario,22,Grasas y aceites,2211,Grasas y aceites,221117,Residuos,NA,NA,347.03,"Italia, Estados Unidos, Francia",26.1,"Italia, Estados Unidos, Francia",26.1,"Suecia, Portugal, Países Bajos",-26.5,"Suecia, Portugal, Países Bajos",-26.5,92.2,NA,provisional
2024,E,Agroalimentario,23,"Semillas, oleaginosas, mandioca y forraje",2311,"Semillas, oleaginosas, mandioca y forraje",231111,Soja,NA,NA,2.91,"Francia, Portugal, Arabia Saudí",-5.5,"Francia, Portugal, Arabia Saudí",-5.5,"Portugal, Francia, Reino Unido",-15.2,"Portugal, Francia, Reino Unido",-15.2,84.5,NA,provisional
2024,E,Agroalimentario,23,"Semillas, oleaginosas, mandioca y forraje",2311,"Semillas, oleaginosas, mandioca y forraje",231112,Girasol,NA,NA,77.33,"Francia, Portugal, Arabia Saudí",-5.5,"Francia, Portugal, Arabia Saudí",-5.5,"Francia, Ucrania, Rusia",-37.3,"Francia, Ucrania, Rusia",-37.3,56.6,NA,provisional
2024,E,Agroalimentario,23,"Semillas, oleaginosas, mandioca y forraje",2311,"Semillas, oleaginosas, mandioca y forraje",231113,Otros productos del capítulo 12,NA,NA,424.35,"Francia, Portugal, Arabia Saudí",-5.5,"Francia, Portugal, Arabia Saudí",-5.5,"Portugal, Francia, Alemania",5.9,"Portugal, Francia, Alemania",5.9,68.5,NA,provisional
2024,E,Agroalimentario,23,"Semillas, oleaginosas, mandioca y forraje",2311,"Semillas, oleaginosas, mandioca y forraje",231114,Forrajes,NA,NA,239.49,"Francia, Portugal, Arabia Saudí",-5.5,"Francia, Portugal, Arabia Saudí",-5.5,"Arabia Saudí, Emiratos Árabes Unidos, China",-7.1,"Arabia Saudí, Emiratos Árabes Unidos, China",-7.1,16.2,NA,provisional
2024,E,Agroalimentario,23,"Semillas, oleaginosas, mandioca y forraje",2311,"Semillas, oleaginosas, mandioca y forraje",231115,Mandioca,NA,NA,33.40,"Francia, Portugal, Arabia Saudí",-5.5,"Francia, Portugal, Arabia Saudí",-5.5,"Francia, Reino Unido, Alemania",-11.0,"Francia, Reino Unido, Alemania",-11.0,80.6,NA,provisional
2024,E,Agroalimentario,24,"Café, té, cacao y azúcar",2411,"Café, té, cacao y azúcar",241111,Café,NA,NA,372.50,"Francia, Portugal, Italia",21.9,"Francia, Portugal, Italia",21.9,"Francia, Portugal, Italia",-4.3,"Francia, Portugal, Italia",-4.3,75.1,NA,provisional
2024,E,Agroalimentario,24,"Café, té, cacao y azúcar",2411,"Café, té, cacao y azúcar",241112,Extractos de café,NA,NA,656.72,"Francia, Portugal, Italia",21.9,"Francia, Portugal, Italia",21.9,"Reino Unido, Francia, Polonia",10.4,"Reino Unido, Francia, Polonia",10.4,59.3,NA,provisional
2024,E,Agroalimentario,24,"Café, té, cacao y azúcar",2411,"Café, té, cacao y azúcar",241113,Sucedáneos de café,NA,NA,4.71,"Francia, Portugal, Italia",21.9,"Francia, Portugal, Italia",21.9,"Portugal, Túnez, Francia",13.7,"Portugal, Túnez, Francia",13.7,70.8,NA,provisional
2024,E,Agroalimentario,24,"Café, té, cacao y azúcar",2411,"Café, té, cacao y azúcar",241114,Té,NA,NA,67.90,"Francia, Portugal, Italia",21.9,"Francia, Portugal, Italia",21.9,"Portugal, Francia, Alemania",29.4,"Portugal, Francia, Alemania",29.4,76.5,NA,provisional
2024,E,Agroalimentario,24,"Café, té, cacao y azúcar",2411,"Café, té, cacao y azúcar",241115,Cacao,NA,NA,559.24,"Francia, Portugal, Italia",21.9,"Francia, Portugal, Italia",21.9,"Francia, Italia, Estados Unidos",88.8,"Francia, Italia, Estados Unidos",88.8,51.4,NA,provisional
2024,E,Agroalimentario,24,"Café, té, cacao y azúcar",2411,"Café, té, cacao y azúcar",241116,Azúcar,NA,NA,171.99,"Francia, Portugal, Italia",21.9,"Francia, Portugal, Italia",21.9,"Francia, Portugal, Italia",4.3,"Francia, Portugal, Italia",4.3,90.0,NA,provisional
2024,E,Agroalimentario,24,"Café, té, cacao y azúcar",2411,"Café, té, cacao y azúcar",241117,Melazas,NA,NA,7.46,"Francia, Portugal, Italia",21.9,"Francia, Portugal, Italia",21.9,"Portugal, Finlandia, Francia",-0.5,"Portugal, Finlandia, Francia",-0.5,99.9,NA,provisional
2024,E,Agroalimentario,25,Industrias agroalimentarias,2511,Industrias agroalimentarias,251111,Miel,NA,NA,99.42,"Francia, Portugal, Reino Unido",4.4,"Francia, Portugal, Reino Unido",4.4,"Francia, Alemania, Portugal",-7.3,"Francia, Alemania, Portugal",-7.3,70.6,NA,provisional
2024,E,Agroalimentario,25,Industrias agroalimentarias,2511,Industrias agroalimentarias,251112,Extractos y jugos de origen animal,NA,NA,18.56,"Francia, Portugal, Reino Unido",4.4,"Francia, Portugal, Reino Unido",4.4,"Francia, Portugal, Italia",-0.7,"Francia, Portugal, Italia",-0.7,74.0,NA,provisional
2024,E,Agroalimentario,25,Industrias agroalimentarias,2511,Industrias agroalimentarias,251113,Levaduras,NA,NA,53.54,"Francia, Portugal, Reino Unido",4.4,"Francia, Portugal, Reino Unido",4.4,"Francia, Portugal, Noruega",2.7,"Francia, Portugal, Noruega",2.7,61.6,NA,provisional
2024,E,Agroalimentario,25,Industrias agroalimentarias,2511,Industrias agroalimentarias,251114,Otras preparaciones alimenticias,NA,NA,1329.79,"Francia, Portugal, Reino Unido",4.4,"Francia, Portugal, Reino Unido",4.4,"Francia, Portugal, Alemania",-5.5,"Francia, Portugal, Alemania",-5.5,45.2,NA,provisional
2024,E,Agroalimentario,25,Industrias agroalimentarias,2511,Industrias agroalimentarias,251115,Especias,NA,NA,497.30,"Francia, Portugal, Reino Unido",4.4,"Francia, Portugal, Reino Unido",4.4,"Estados Unidos, Francia, Reino Unido",10.9,"Estados Unidos, Francia, Reino Unido",10.9,49.0,NA,provisional
2024,E,Agroalimentario,25,Industrias agroalimentarias,2511,Industrias agroalimentarias,251116,"Gomas, resinas y extractos vegetales",NA,NA,584.28,"Francia, Portugal, Reino Unido",4.4,"Francia, Portugal, Reino Unido",4.4,"Estados Unidos, Alemania, Francia",-1.5,"Estados Unidos, Alemania, Francia",-1.5,40.6,NA,provisional
2024,E,Agroalimentario,25,Industrias agroalimentarias,2511,Industrias agroalimentarias,251117,Artículos sin cacao de confitería,NA,NA,942.44,"Francia, Portugal, Reino Unido",4.4,"Francia, Portugal, Reino Unido",4.4,"Estados Unidos, Francia, Alemania",2.1,"Estados Unidos, Francia, Alemania",2.1,53.7,NA,provisional
2024,E,Agroalimentario,25,Industrias agroalimentarias,2511,Industrias agroalimentarias,251118,Chocolate y preparaciones con cacao,NA,NA,801.30,"Francia, Portugal, Reino Unido",4.4,"Francia, Portugal, Reino Unido",4.4,"Francia, Portugal, Alemania",15.5,"Francia, Portugal, Alemania",15.5,71.7,NA,provisional
2024,E,Agroalimentario,25,Industrias agroalimentarias,2511,Industrias agroalimentarias,251119,Pastas alimenticias,NA,NA,247.00,"Francia, Portugal, Reino Unido",4.4,"Francia, Portugal, Reino Unido",4.4,"Francia, Portugal, Italia",0.1,"Francia, Portugal, Italia",0.1,91.5,NA,provisional
2024,E,Agroalimentario,25,Industrias agroalimentarias,2511,Industrias agroalimentarias,251120,"Panadería, pastelería y galletería",NA,NA,2043.22,"Francia, Portugal, Reino Unido",4.4,"Francia, Portugal, Reino Unido",4.4,"Portugal, Francia, Reino Unido",9.6,"Portugal, Francia, Reino Unido",9.6,65.0,NA,provisional
2024,E,Agroalimentario,25,Industrias agroalimentarias,2511,Industrias agroalimentarias,251121,Otras preparaciones de harina y cereales,NA,NA,752.89,"Francia, Portugal, Reino Unido",4.4,"Francia, Portugal, Reino Unido",4.4,"Francia, Portugal, Reino Unido",2.8,"Francia, Portugal, Reino Unido",2.8,55.5,NA,provisional
2024,E,Agroalimentario,25,Industrias agroalimentarias,2511,Industrias agroalimentarias,251122,Salsas y sopas,NA,NA,838.52,"Francia, Portugal, Reino Unido",4.4,"Francia, Portugal, Reino Unido",4.4,"Francia, Reino Unido, Italia",8.2,"Francia, Reino Unido, Italia",8.2,61.3,NA,provisional
2024,E,Agroalimentario,25,Industrias agroalimentarias,2511,Industrias agroalimentarias,251123,Helados,NA,NA,339.98,"Francia, Portugal, Reino Unido",4.4,"Francia, Portugal, Reino Unido",4.4,"Luxemburgo, Portugal, Francia",5.1,"Luxemburgo, Portugal, Francia",5.1,76.0,NA,provisional
2024,E,Agroalimentario,25,Industrias agroalimentarias,2511,Industrias agroalimentarias,251124,Batidos y postres lácteos,NA,NA,174.37,"Francia, Portugal, Reino Unido",4.4,"Francia, Portugal, Reino Unido",4.4,"Portugal, Italia, Francia",4.3,"Portugal, Italia, Francia",4.3,58.5,NA,provisional
2024,E,Agroalimentario,AR,Otros productos agrícolas,AARR,Otros productos agrícolas,RESTO,Otros productos agrícolas sin rúbrica propia,NA,NA,386.35,"China, Alemania, Francia",-8.1,"China, Alemania, Francia",-8.1,"China, Alemania, Francia",-8.1,"China, Alemania, Francia",-8.1,51.6,NA,provisional
2024,E,Industrial,2,PRODUCTOS ENERGÉTICOS,21,CARBÓN,210,CARBÓN,2100,CARBÓN,204.80,"Avituallamiento UE, Avituallamiento extra-UE, Francia",-9.2,"Francia, Marruecos, China",-74.0,"Francia, Marruecos, China",-74.0,"Francia, Marruecos, China",-74.0,45.6,45.6,provisional
2024,E,Industrial,2,PRODUCTOS ENERGÉTICOS,22,PETRÓLEO Y DERIVADOS,220,PETRÓLEO Y DERIVADOS,2200,PETRÓLEO Y DERIVADOS,24489.31,"Avituallamiento UE, Avituallamiento extra-UE, Francia",-9.2,"Avituallamiento extra-UE, Avituallamiento UE, Francia",-3.6,"Avituallamiento extra-UE, Avituallamiento UE, Francia",-3.6,"Avituallamiento extra-UE, Avituallamiento UE, Francia",-3.6,34.3,34.3,provisional
2024,E,Industrial,2,PRODUCTOS ENERGÉTICOS,23,GAS,230,GAS,2300,GAS,1241.65,"Avituallamiento UE, Avituallamiento extra-UE, Francia",-9.2,"Marruecos, Países Bajos, Portugal",-31.8,"Marruecos, Países Bajos, Portugal",-31.8,"Marruecos, Países Bajos, Portugal",-31.8,37.0,37.0,provisional
2024,E,Industrial,2,PRODUCTOS ENERGÉTICOS,24,CORRIENTE ELÉCTRICA,240,CORRIENTE ELÉCTRICA,2400,CORRIENTE ELÉCTRICA,2149.33,"Avituallamiento UE, Avituallamiento extra-UE, Francia",-9.2,"Portugal, Francia, Marruecos",-26.6,"Portugal, Francia, Marruecos",-26.6,"Portugal, Francia, Marruecos",-26.6,91.7,91.7,provisional
2024,E,Industrial,3,MATERIAS PRIMAS,31,MAT. PRIMAS ANIMALES Y VEGETALES,310,MAT. PRIMAS ANIMALES Y VEGETALES,3100,MAT. PRIMAS ANIMALES Y VEGETALES,3511.76,"China, Francia, Portugal",3.1,"Francia, Portugal, Alemania",-1.9,"Francia, Portugal, Alemania",-1.9,"Francia, Portugal, Alemania",-1.9,67.1,67.1,provisional
2024,E,Industrial,3,MATERIAS PRIMAS,32,MENAS Y MINERALES,320,MENAS Y MINERALES,3200,MENAS Y MINERALES,5131.76,"China, Francia, Portugal",3.1,"China, Italia, Francia",6.8,"China, Italia, Francia",6.8,"China, Italia, Francia",6.8,40.4,40.4,provisional
2024,E,Industrial,4,SEMIMANUFACTURAS,41,METALES NO FERROSOS,410,METALES NO FERROSOS,4100,METALES NO FERROSOS,8535.26,"Francia, Alemania, Portugal",-1.9,"Italia, Francia, Portugal",3.4,"Italia, Francia, Portugal",3.4,"Italia, Francia, Portugal",3.4,68.0,68.0,provisional
2024,E,Industrial,4,SEMIMANUFACTURAS,42,HIERRO Y ACERO,420,HIERRO Y ACERO,4200,HIERRO Y ACERO,9098.31,"Francia, Alemania, Portugal",-1.9,"Francia, Portugal, Italia",-12.3,"Francia, Portugal, Italia",-12.3,"Francia, Portugal, Italia",-12.3,69.6,69.6,provisional
2024,E,Industrial,4,SEMIMANUFACTURAS,43,PRODUCTOS QUÍMICOS,431,PRODUCTOS QUÍMICOS ORGÁNICOS,4310,PRODUCTOS QUÍMICOS ORGÁNICOS,8093.10,"Francia, Alemania, Portugal",-1.9,"Francia, Alemania, Italia",-1.3,"Panamá, Irlanda, Francia",10.2,"Panamá, Irlanda, Francia",10.2,55.9,55.9,provisional
2024,E,Industrial,4,SEMIMANUFACTURAS,43,PRODUCTOS QUÍMICOS,432,PRODUCTOS QUÍMICOS INORGÁNICOS,4320,PRODUCTOS QUÍMICOS INORGÁNICOS,1500.29,"Francia, Alemania, Portugal",-1.9,"Francia, Alemania, Italia",-1.3,"Francia, Portugal, Alemania",6.0,"Francia, Portugal, Alemania",6.0,63.2,63.2,provisional
2024,E,Industrial,4,SEMIMANUFACTURAS,43,PRODUCTOS QUÍMICOS,433,MEDICAMENTOS,4330,MEDICAMENTOS,18514.42,"Francia, Alemania, Portugal",-1.9,"Francia, Alemania, Italia",-1.3,"Alemania, Suiza, Francia",-12.3,"Alemania, Suiza, Francia",-12.3,52.1,52.1,provisional
2024,E,Industrial,4,SEMIMANUFACTURAS,43,PRODUCTOS QUÍMICOS,434,PLÁSTICOS,4341,MATERIAS PRIMAS PLÁSTICAS,6578.64,"Francia, Alemania, Portugal",-1.9,"Francia, Alemania, Italia",-1.3,"Francia, Portugal, Alemania",1.4,"Francia, Italia, Alemania",2.4,65.9,64.0,provisional
2024,E,Industrial,4,SEMIMANUFACTURAS,43,PRODUCTOS QUÍMICOS,434,PLÁSTICOS,4342,MANUFACTURAS PLÁSTICAS,6810.16,"Francia, Alemania, Portugal",-1.9,"Francia, Alemania, Italia",-1.3,"Francia, Portugal, Alemania",1.4,"Francia, Portugal, Alemania",0.5,65.9,67.6,provisional
2024,E,Industrial,4,SEMIMANUFACTURAS,43,PRODUCTOS QUÍMICOS,435,ABONOS,4350,ABONOS,1431.95,"Francia, Alemania, Portugal",-1.9,"Francia, Alemania, Italia",-1.3,"Portugal, Francia, Brasil",2.0,"Portugal, Francia, Brasil",2.0,41.7,41.7,provisional
2024,E,Industrial,4,SEMIMANUFACTURAS,43,PRODUCTOS QUÍMICOS,436,COLORANTES Y CURTIENTES,4360,COLORANTES Y CURTIENTES,3004.57,"Francia, Alemania, Portugal",-1.9,"Francia, Alemania, Italia",-1.3,"Italia, Portugal, Alemania",2.2,"Italia, Portugal, Alemania",2.2,55.0,55.0,provisional
2024,E,Industrial,4,SEMIMANUFACTURAS,43,PRODUCTOS QUÍMICOS,437,ACEITES ESENCIALES Y PERFUMADOS,4370,ACEITES ESENCIALES Y PERFUMADOS,10589.88,"Francia, Alemania, Portugal",-1.9,"Francia, Alemania, Italia",-1.3,"Francia, Portugal, Estados Unidos",19.9,"Francia, Portugal, Estados Unidos",19.9,50.1,50.1,provisional
2024,E,Industrial,4,SEMIMANUFACTURAS,43,PRODUCTOS QUÍMICOS,438,OTROS PRODUCTOS QUÍMICOS,4380,OTROS PRODUCTOS QUÍMICOS,6264.37,"Francia, Alemania, Portugal",-1.9,"Francia, Alemania, Italia",-1.3,"Francia, Italia, Estados Unidos",-15.2,"Francia, Italia, Estados Unidos",-15.2,61.3,61.3,provisional
2024,E,Industrial,4,SEMIMANUFACTURAS,44,OTRAS SEMIMANUFACTURAS,441,PAPEL,4410,PAPEL,5058.95,"Francia, Alemania, Portugal",-1.9,"Francia, Portugal, Estados Unidos",-0.4,"Francia, Portugal, Italia",3.7,"Francia, Portugal, Italia",3.7,68.7,68.7,provisional
2024,E,Industrial,4,SEMIMANUFACTURAS,44,OTRAS SEMIMANUFACTURAS,442,MATERIAL DE CONSTRUCCIÓN,4421,CAL Y CEMENTO,1239.08,"Francia, Alemania, Portugal",-1.9,"Francia, Portugal, Estados Unidos",-0.4,"Francia, Estados Unidos, Portugal",-3.3,"Francia, Reino Unido, Portugal",-4.6,48.8,55.5,provisional
2024,E,Industrial,4,SEMIMANUFACTURAS,44,OTRAS SEMIMANUFACTURAS,442,MATERIAL DE CONSTRUCCIÓN,4422,OTROS MAT. DE CONSTRUCCIÓN,5704.41,"Francia, Alemania, Portugal",-1.9,"Francia, Portugal, Estados Unidos",-0.4,"Francia, Estados Unidos, Portugal",-3.3,"Estados Unidos, Francia, Reino Unido",-3.6,48.8,42.7,provisional
2024,E,Industrial,4,SEMIMANUFACTURAS,44,OTRAS SEMIMANUFACTURAS,442,MATERIAL DE CONSTRUCCIÓN,4423,VIDRIO,896.00,"Francia, Alemania, Portugal",-1.9,"Francia, Portugal, Estados Unidos",-0.4,"Francia, Estados Unidos, Portugal",-3.3,"Portugal, Francia, Alemania",0.7,48.8,78.6,provisional
2024,E,Industrial,4,SEMIMANUFACTURAS,44,OTRAS SEMIMANUFACTURAS,443,NEUMÁTICOS Y CÁMARAS,4430,NEUMÁTICOS Y CÁMARAS,3561.31,"Francia, Alemania, Portugal",-1.9,"Francia, Portugal, Estados Unidos",-0.4,"Francia, Alemania, Portugal",1.6,"Francia, Alemania, Portugal",1.6,67.3,67.3,provisional
2024,E,Industrial,4,SEMIMANUFACTURAS,44,OTRAS SEMIMANUFACTURAS,444,RESTO OTRAS SEMIMANUFACTURAS,4440,RESTO OTRAS SEMIMANUFACTURAS,3265.16,"Francia, Alemania, Portugal",-1.9,"Francia, Portugal, Estados Unidos",-0.4,"Francia, Portugal, Alemania",-1.2,"Francia, Portugal, Alemania",-1.2,59.1,59.1,provisional
2024,E,Industrial,5,BIENES DE EQUIPO,51,MAQ. ESPECIFICA CIERTAS INDUSTRIAS,511,MAQUINARIA AGRÍCOLA,5110,MAQUINARIA AGRÍCOLA,724.19,"Francia, Alemania, Portugal",-0.2,"Francia, Estados Unidos, Alemania",-2.3,"Francia, Portugal, Estados Unidos",-2.5,"Francia, Portugal, Estados Unidos",-2.5,53.9,53.9,provisional
2024,E,Industrial,5,BIENES DE EQUIPO,51,MAQ. ESPECIFICA CIERTAS INDUSTRIAS,512,MAQUINARIA OBRAS PUBLICAS,5120,MAQUINARIA OBRAS PUBLICAS,559.64,"Francia, Alemania, Portugal",-0.2,"Francia, Estados Unidos, Alemania",-2.3,"Portugal, Francia, Estados Unidos",-6.6,"Portugal, Francia, Estados Unidos",-6.6,39.7,39.7,provisional
2024,E,Industrial,5,BIENES DE EQUIPO,51,MAQ. ESPECIFICA CIERTAS INDUSTRIAS,513,MAQUINARIA TEXTIL,5130,MAQUINARIA TEXTIL,333.97,"Francia, Alemania, Portugal",-0.2,"Francia, Estados Unidos, Alemania",-2.3,"Estados Unidos, Portugal, Francia",-6.6,"Estados Unidos, Portugal, Francia",-6.6,33.8,33.8,provisional
2024,E,Industrial,5,BIENES DE EQUIPO,51,MAQ. ESPECIFICA CIERTAS INDUSTRIAS,514,MAQUINARIA PARA TRABAJAR METAL,5140,MAQUINARIA PARA TRABAJAR METAL,1780.91,"Francia, Alemania, Portugal",-0.2,"Francia, Estados Unidos, Alemania",-2.3,"Estados Unidos, México, Alemania",2.3,"Estados Unidos, México, Alemania",2.3,36.4,36.4,provisional
2024,E,Industrial,5,BIENES DE EQUIPO,51,MAQ. ESPECIFICA CIERTAS INDUSTRIAS,515,MAQ. PARA CIERTAS INDUSTRIAS,5150,MAQ. PARA CIERTAS INDUSTRIAS,2773.06,"Francia, Alemania, Portugal",-0.2,"Francia, Estados Unidos, Alemania",-2.3,"Estados Unidos, Portugal, Francia",2.1,"Estados Unidos, Portugal, Francia",2.1,39.4,39.4,provisional
2024,E,Industrial,5,BIENES DE EQUIPO,51,MAQ. ESPECIFICA CIERTAS INDUSTRIAS,516,MAQ. PARA USO GRAL INDUSTRIA,5160,MAQ. PARA USO GRAL INDUSTRIA,12528.00,"Francia, Alemania, Portugal",-0.2,"Francia, Estados Unidos, Alemania",-2.3,"Francia, Alemania, Portugal",-3.6,"Francia, Alemania, Portugal",-3.6,51.2,51.2,provisional
2024,E,Industrial,5,BIENES DE EQUIPO,52,EQUIPO OFICINA Y TELECOMUNIC.,521,EQUIPO DE OFICINA,5210,EQUIPO DE OFICINA,417.27,"Francia, Alemania, Portugal",-0.2,"Portugal, Alemania, Francia",8.7,"Portugal, Francia, Italia",-8.5,"Portugal, Francia, Italia",-8.5,57.8,57.8,provisional
2024,E,Industrial,5,BIENES DE EQUIPO,52,EQUIPO OFICINA Y TELECOMUNIC.,522,MAQ. AUTOMATIZACION DATOS,5220,MAQ. AUTOMATIZACION DATOS,1165.05,"Francia, Alemania, Portugal",-0.2,"Portugal, Alemania, Francia",8.7,"Portugal, Alemania, Francia",7.4,"Portugal, Alemania, Francia",7.4,76.7,76.7,provisional
2024,E,Industrial,5,BIENES DE EQUIPO,52,EQUIPO OFICINA Y TELECOMUNIC.,523,EQUIPO TELECOMUNICACIÓN,5230,EQUIPO TELECOMUNICACIÓN,3582.62,"Francia, Alemania, Portugal",-0.2,"Portugal, Alemania, Francia",8.7,"Portugal, Alemania, Italia",11.6,"Portugal, Alemania, Italia",11.6,69.0,69.0,provisional
2024,E,Industrial,5,BIENES DE EQUIPO,53,MATERIAL TRANSPORTE,531,MATERIAL FERROVIARIO,5310,MATERIAL FERROVIARIO,1946.64,"Francia, Alemania, Portugal",-0.2,"Alemania, Francia, Italia",-2.5,"Alemania, Myanmar, Noruega",6.9,"Alemania, Myanmar, Noruega",6.9,41.6,41.6,provisional
2024,E,Industrial,5,BIENES DE EQUIPO,53,MATERIAL TRANSPORTE,532,VEHIC. TRANS. MERCANCÍAS CARR.,5320,VEHIC. TRANS. MERCANCÍAS CARR.,8009.66,"Francia, Alemania, Portugal",-0.2,"Alemania, Francia, Italia",-2.5,"Italia, Francia, Reino Unido",-20.8,"Italia, Francia, Reino Unido",-20.8,66.7,66.7,provisional
2024,E,Industrial,5,BIENES DE EQUIPO,53,MATERIAL TRANSPORTE,533,BUQUES,5330,BUQUES,831.07,"Francia, Alemania, Portugal",-0.2,"Alemania, Francia, Italia",-2.5,"Reino Unido, Estados Unidos, Islas Malvinas",-41.8,"Reino Unido, Estados Unidos, Islas Malvinas",-41.8,21.8,21.8,provisional
2024,E,Industrial,5,BIENES DE EQUIPO,53,MATERIAL TRANSPORTE,534,AERONAVES,5340,AERONAVES,6465.29,"Francia, Alemania, Portugal",-0.2,"Alemania, Francia, Italia",-2.5,"Alemania, Francia, Reino Unido",49.6,"Alemania, Francia, Reino Unido",49.6,63.4,63.4,provisional
2024,E,Industrial,5,BIENES DE EQUIPO,54,OTROS BIENES DE EQUIPO,541,EQUIPO GENERADOR DE FUERZA,5410,EQUIPO GENERADOR DE FUERZA,4036.60,"Francia, Alemania, Portugal",-0.2,"Francia, Alemania, Reino Unido",0.9,"Reino Unido, Estados Unidos, Francia",18.0,"Reino Unido, Estados Unidos, Francia",18.0,29.2,29.2,provisional
2024,E,Industrial,5,BIENES DE EQUIPO,54,OTROS BIENES DE EQUIPO,542,APARATOS ELÉCTRICOS,5421,MOTORES ELÉCTRICOS,1647.79,"Francia, Alemania, Portugal",-0.2,"Francia, Alemania, Reino Unido",0.9,"Francia, Alemania, Estados Unidos",0.5,"Alemania, Estados Unidos, Suecia",-16.4,57.7,55.9,provisional
2024,E,Industrial,5,BIENES DE EQUIPO,54,OTROS BIENES DE EQUIPO,542,APARATOS ELÉCTRICOS,5422,TRANSFORMADORES ELÉCTRICOS,2345.77,"Francia, Alemania, Portugal",-0.2,"Francia, Alemania, Reino Unido",0.9,"Francia, Alemania, Estados Unidos",0.5,"Estados Unidos, Australia, Francia",1.0,57.7,30.9,provisional
2024,E,Industrial,5,BIENES DE EQUIPO,54,OTROS BIENES DE EQUIPO,542,APARATOS ELÉCTRICOS,5423,OTROS APARATOS ELÉCTRICOS,11523.63,"Francia, Alemania, Portugal",-0.2,"Francia, Alemania, Reino Unido",0.9,"Francia, Alemania, Estados Unidos",0.5,"Francia, Alemania, Portugal",3.4,57.7,63.4,provisional
2024,E,Industrial,5,BIENES DE EQUIPO,54,OTROS BIENES DE EQUIPO,543,APARATOS DE PRECISIÓN,5430,APARATOS DE PRECISIÓN,3053.10,"Francia, Alemania, Portugal",-0.2,"Francia, Alemania, Reino Unido",0.9,"Francia, Portugal, Alemania",6.2,"Francia, Portugal, Alemania",6.2,54.2,54.2,provisional
2024,E,Industrial,5,BIENES DE EQUIPO,54,OTROS BIENES DE EQUIPO,544,RESTO BIENES DE EQUIPO,5440,RESTO BIENES DE EQUIPO,10706.76,"Francia, Alemania, Portugal",-0.2,"Francia, Alemania, Reino Unido",0.9,"Francia, Alemania, Portugal",-5.0,"Francia, Alemania, Portugal",-5.0,64.2,64.2,provisional
2024,E,Industrial,6,SECTOR AUTOMÓVIL,61,AUTOMÓVILES Y MOTOS,610,AUTOMÓVILES Y MOTOS,6100,AUTOMÓVILES Y MOTOS,38813.59,"Francia, Alemania, Reino Unido",-1.0,"Francia, Alemania, Reino Unido",-1.0,"Francia, Alemania, Reino Unido",-1.0,"Francia, Alemania, Reino Unido",-1.0,72.6,72.6,provisional
2024,E,Industrial,6,SECTOR AUTOMÓVIL,62,COMPONENTES DEL AUTOMÓVIL,620,COMPONENTES DEL AUTOMÓVIL,6200,COMPONENTES DEL AUTOMÓVIL,14397.17,"Francia, Alemania, Reino Unido",-1.0,"Francia, Alemania, Marruecos",-1.0,"Francia, Alemania, Marruecos",-1.0,"Francia, Alemania, Marruecos",-1.0,59.5,59.5,provisional
2024,E,Industrial,7,BIENES DE CONSUMO DURADERO,71,ELECTRODOMÉSTICOS,710,ELECTRODOMÉSTICOS,7100,ELECTRODOMÉSTICOS,1853.46,"Francia, Portugal, Alemania",0.3,"Portugal, Alemania, Francia",4.2,"Portugal, Alemania, Francia",4.2,"Portugal, Alemania, Francia",4.2,79.2,79.2,provisional
2024,E,Industrial,7,BIENES DE CONSUMO DURADERO,72,ELECTRÓNICA DE CONSUMO,720,ELECTRÓNICA DE CONSUMO,7200,ELECTRÓNICA DE CONSUMO,333.18,"Francia, Portugal, Alemania",0.3,"Portugal, Francia, Turquía",-16.7,"Portugal, Francia, Turquía",-16.7,"Portugal, Francia, Turquía",-16.7,65.4,65.4,provisional
2024,E,Industrial,7,BIENES DE CONSUMO DURADERO,73,MUEBLES,730,MUEBLES,7300,MUEBLES,3112.14,"Francia, Portugal, Alemania",0.3,"Francia, Portugal, Estados Unidos",1.9,"Francia, Portugal, Estados Unidos",1.9,"Francia, Portugal, Estados Unidos",1.9,64.9,64.9,provisional
2024,E,Industrial,7,BIENES DE CONSUMO DURADERO,74,OTROS BIENES CONSUMO DURADERO,740,OTROS BIENES CONSUMO DURADERO,7400,OTROS BIENES CONSUMO DURADERO,655.01,"Francia, Portugal, Alemania",0.3,"Francia, Portugal, Alemania",-6.8,"Francia, Portugal, Alemania",-6.8,"Francia, Portugal, Alemania",-6.8,70.0,70.0,provisional
2024,E,Industrial,8,MANUFACTURAS DE CONSUMO,81,TEXTILES Y CONFECCIÓN,811,FIBRAS TEXTILES,8110,FIBRAS TEXTILES,283.50,"Francia, Italia, Portugal",2.6,"Francia, Italia, Portugal",2.5,"Bélgica, Pakistán, Emiratos Árabes Unidos",-7.8,"Bélgica, Pakistán, Emiratos Árabes Unidos",-7.8,54.6,54.6,provisional
2024,E,Industrial,8,MANUFACTURAS DE CONSUMO,81,TEXTILES Y CONFECCIÓN,812,HILADOS,8120,HILADOS,431.20,"Francia, Italia, Portugal",2.6,"Francia, Italia, Portugal",2.5,"Alemania, Italia, Francia",-4.0,"Alemania, Italia, Francia",-4.0,78.6,78.6,provisional
2024,E,Industrial,8,MANUFACTURAS DE CONSUMO,81,TEXTILES Y CONFECCIÓN,813,TEJIDOS,8130,TEJIDOS,2104.08,"Francia, Italia, Portugal",2.6,"Francia, Italia, Portugal",2.5,"Marruecos, Francia, Italia",0.5,"Marruecos, Francia, Italia",0.5,31.9,31.9,provisional
2024,E,Industrial,8,MANUFACTURAS DE CONSUMO,81,TEXTILES Y CONFECCIÓN,814,VESTUARIO,8141,ROPA DE PUNTO,1991.64,"Francia, Italia, Portugal",2.6,"Francia, Italia, Portugal",2.5,"Francia, Italia, Polonia",3.4,"Italia, Francia, Portugal",6.5,80.9,84.5,provisional
2024,E,Industrial,8,MANUFACTURAS DE CONSUMO,81,TEXTILES Y CONFECCIÓN,814,VESTUARIO,8142,ROPA NO DE PUNTO,6466.55,"Francia, Italia, Portugal",2.6,"Francia, Italia, Portugal",2.5,"Francia, Italia, Polonia",3.4,"Francia, Italia, Polonia",2.0,80.9,81.4,provisional
2024,E,Industrial,8,MANUFACTURAS DE CONSUMO,81,TEXTILES Y CONFECCIÓN,814,VESTUARIO,8143,RESTO DE PRENDAS,5952.70,"Francia, Italia, Portugal",2.6,"Francia, Italia, Portugal",2.5,"Francia, Italia, Polonia",3.4,"Francia, Italia, Portugal",4.1,80.9,79.1,provisional
2024,E,Industrial,8,MANUFACTURAS DE CONSUMO,81,TEXTILES Y CONFECCIÓN,815,RESTO TEXTILES,8150,RESTO TEXTILES,1871.88,"Francia, Italia, Portugal",2.6,"Francia, Italia, Portugal",2.5,"Francia, Portugal, Italia",0.9,"Francia, Portugal, Italia",0.9,66.1,66.1,provisional
2024,E,Industrial,8,MANUFACTURAS DE CONSUMO,82,CALZADO,820,CALZADO,8200,CALZADO,3664.02,"Francia, Italia, Portugal",2.6,"Italia, Francia, Alemania",5.4,"Italia, Francia, Alemania",5.4,"Italia, Francia, Alemania",5.4,76.7,76.7,provisional
2024,E,Industrial,8,MANUFACTURAS DE CONSUMO,83,JUGUETES,830,JUGUETES,8300,JUGUETES,1833.73,"Francia, Italia, Portugal",2.6,"Francia, Italia, Portugal",-14.3,"Francia, Italia, Portugal",-14.3,"Francia, Italia, Portugal",-14.3,81.0,81.0,provisional
2024,E,Industrial,8,MANUFACTURAS DE CONSUMO,84,ALFARERÍA,840,ALFARERÍA,8400,ALFARERÍA,120.37,"Francia, Italia, Portugal",2.6,"Portugal, Francia, Italia",7.5,"Portugal, Francia, Italia",7.5,"Portugal, Francia, Italia",7.5,60.6,60.6,provisional
2024,E,Industrial,8,MANUFACTURAS DE CONSUMO,85,JOYERÍA Y RELOJES,850,JOYERÍA Y RELOJES,8500,JOYERÍA Y RELOJES,1143.68,"Francia, Italia, Portugal",2.6,"Francia, Estados Unidos, Hong Kong",15.3,"Francia, Estados Unidos, Hong Kong",15.3,"Francia, Estados Unidos, Hong Kong",15.3,46.7,46.7,provisional
2024,E,Industrial,8,MANUFACTURAS DE CONSUMO,86,CUERO Y MANUFACTURAS DEL CUERO,860,CUERO Y MANUFACTURAS DEL CUERO,8600,CUERO Y MANUFACTURAS DEL CUERO,529.01,"Francia, Italia, Portugal",2.6,"Italia, Francia, Portugal",-8.2,"Italia, Francia, Portugal",-8.2,"Italia, Francia, Portugal",-8.2,75.1,75.1,provisional
2024,E,Industrial,8,MANUFACTURAS DE CONSUMO,87,OTRAS MANUFACTURAS DE CONSUMO,870,OTRAS MANUFACTURAS DE CONSUMO,8700,OTRAS MANUFACTURAS DE CONSUMO,7870.55,"Francia, Italia, Portugal",2.6,"Francia, Portugal, Italia",5.7,"Francia, Portugal, Italia",5.7,"Francia, Portugal, Italia",5.7,58.4,58.4,provisional
2024,I,Agroalimentario,11,Sectores Cárnicos,1111,Bovino,111111,Animales vivos de bovinos,NA,NA,393.05,"Países Bajos, Francia, Alemania",14.0,"Países Bajos, Francia, Polonia",22.4,"Francia, Portugal, Irlanda",34.5,"Francia, Portugal, Irlanda",34.5,99.8,NA,provisional
2024,I,Agroalimentario,11,Sectores Cárnicos,1111,Bovino,111112,Carne fresca o refrigerada de bovino,NA,NA,870.44,"Países Bajos, Francia, Alemania",14.0,"Países Bajos, Francia, Polonia",22.4,"Países Bajos, Polonia, Alemania",18.5,"Países Bajos, Polonia, Alemania",18.5,87.8,NA,provisional
2024,I,Agroalimentario,11,Sectores Cárnicos,1111,Bovino,111113,Carne congelada de bovino,NA,NA,192.08,"Países Bajos, Francia, Alemania",14.0,"Países Bajos, Francia, Polonia",22.4,"Brasil, Países Bajos, Irlanda",17.6,"Brasil, Países Bajos, Irlanda",17.6,77.2,NA,provisional
2024,I,Agroalimentario,11,Sectores Cárnicos,1111,Bovino,111114,Preparaciones y despojos de bovino,NA,NA,63.86,"Países Bajos, Francia, Alemania",14.0,"Países Bajos, Francia, Polonia",22.4,"Países Bajos, Alemania, Portugal",32.5,"Países Bajos, Alemania, Portugal",32.5,92.0,NA,provisional
2024,I,Agroalimentario,11,Sectores Cárnicos,1111,Bovino,111115,Despojos de bovino,NA,NA,28.63,"Países Bajos, Francia, Alemania",14.0,"Países Bajos, Francia, Polonia",22.4,"Alemania, Francia, Polonia",10.6,"Alemania, Francia, Polonia",10.6,97.2,NA,provisional
2024,I,Agroalimentario,11,Sectores Cárnicos,1112,Ovino-caprino,111211,Animales vivos de ovino-caprino,NA,NA,21.85,"Países Bajos, Francia, Alemania",14.0,"Italia, Francia, Grecia",34.4,"Francia, Portugal, Grecia",-1.9,"Francia, Portugal, Grecia",-1.9,100.0,NA,provisional
2024,I,Agroalimentario,11,Sectores Cárnicos,1112,Ovino-caprino,111212,Carne de ovino-caprino,NA,NA,76.20,"Países Bajos, Francia, Alemania",14.0,"Italia, Francia, Grecia",34.4,"Italia, Grecia, Francia",51.3,"Italia, Grecia, Francia",51.3,83.4,NA,provisional
2024,I,Agroalimentario,11,Sectores Cárnicos,1112,Ovino-caprino,111213,Preparaciones de ovino-caprino,NA,NA,4.12,"Países Bajos, Francia, Alemania",14.0,"Italia, Francia, Grecia",34.4,"Alemania, Francia, Polonia",12.0,"Alemania, Francia, Polonia",12.0,99.1,NA,provisional
2024,I,Agroalimentario,11,Sectores Cárnicos,1112,Ovino-caprino,111214,Despojos,NA,NA,2.73,"Países Bajos, Francia, Alemania",14.0,"Italia, Francia, Grecia",34.4,"Portugal, Nueva Zelanda, Francia",55.0,"Portugal, Nueva Zelanda, Francia",55.0,80.2,NA,provisional
2024,I,Agroalimentario,11,Sectores Cárnicos,1113,Porcino,111311,Animales vivos de porcino,NA,NA,458.96,"Países Bajos, Francia, Alemania",14.0,"Países Bajos, Alemania, Portugal",8.8,"Países Bajos, Portugal, Bélgica",6.6,"Países Bajos, Portugal, Bélgica",6.6,99.9,NA,provisional
2024,I,Agroalimentario,11,Sectores Cárnicos,1113,Porcino,111312,Carne fresca y refrigerada de porcino,NA,NA,172.74,"Países Bajos, Francia, Alemania",14.0,"Países Bajos, Alemania, Portugal",8.8,"Países Bajos, Portugal, Alemania",28.8,"Países Bajos, Portugal, Alemania",28.8,99.9,NA,provisional
2024,I,Agroalimentario,11,Sectores Cárnicos,1113,Porcino,111313,Carne congelada de porcino,NA,NA,131.49,"Países Bajos, Francia, Alemania",14.0,"Países Bajos, Alemania, Portugal",8.8,"Alemania, Francia, Dinamarca",-4.7,"Alemania, Francia, Dinamarca",-4.7,95.5,NA,provisional
2024,I,Agroalimentario,11,Sectores Cárnicos,1113,Porcino,111314,Tocino de porcino,NA,NA,9.09,"Países Bajos, Francia, Alemania",14.0,"Países Bajos, Alemania, Portugal",8.8,"Alemania, Polonia, Francia",-2.8,"Alemania, Polonia, Francia",-2.8,99.5,NA,provisional
2024,I,Agroalimentario,11,Sectores Cárnicos,1113,Porcino,111315,Jamones y paleta de porcino,NA,NA,29.19,"Países Bajos, Francia, Alemania",14.0,"Países Bajos, Alemania, Portugal",8.8,"Italia, Alemania, Portugal",17.1,"Italia, Alemania, Portugal",17.1,92.9,NA,provisional
2024,I,Agroalimentario,11,Sectores Cárnicos,1113,Porcino,111316,Preparaciones de porcino,NA,NA,243.32,"Países Bajos, Francia, Alemania",14.0,"Países Bajos, Alemania, Portugal",8.8,"Italia, Alemania, Bélgica",7.4,"Italia, Alemania, Bélgica",7.4,99.0,NA,provisional
2024,I,Agroalimentario,11,Sectores Cárnicos,1113,Porcino,111317,Despojos de porcino,NA,NA,40.68,"Países Bajos, Francia, Alemania",14.0,"Países Bajos, Alemania, Portugal",8.8,"Polonia, Alemania, Países Bajos",18.1,"Polonia, Alemania, Países Bajos",18.1,97.1,NA,provisional
2024,I,Agroalimentario,11,Sectores Cárnicos,1114,Aves y huevos,111411,Animales vivos de aves,NA,NA,55.15,"Países Bajos, Francia, Alemania",14.0,"Polonia, Países Bajos, Francia",8.9,"Portugal, Francia, Reino Unido",0.1,"Portugal, Francia, Reino Unido",0.1,74.2,NA,provisional
2024,I,Agroalimentario,11,Sectores Cárnicos,1114,Aves y huevos,111412,Carne de aves,NA,NA,603.26,"Países Bajos, Francia, Alemania",14.0,"Polonia, Países Bajos, Francia",8.9,"Polonia, Alemania, Países Bajos",11.1,"Polonia, Alemania, Países Bajos",11.1,84.1,NA,provisional
2024,I,Agroalimentario,11,Sectores Cárnicos,1114,Aves y huevos,111413,Huevos y Ovoproductos,NA,NA,182.09,"Países Bajos, Francia, Alemania",14.0,"Polonia, Países Bajos, Francia",8.9,"Portugal, Francia, Italia",23.7,"Portugal, Francia, Italia",23.7,95.7,NA,provisional
2024,I,Agroalimentario,11,Sectores Cárnicos,1114,Aves y huevos,111414,Preparados de aves,NA,NA,252.01,"Países Bajos, Francia, Alemania",14.0,"Polonia, Países Bajos, Francia",8.9,"Países Bajos, Francia, Alemania",-2.5,"Países Bajos, Francia, Alemania",-2.5,91.0,NA,provisional
2024,I,Agroalimentario,11,Sectores Cárnicos,1115,Otros animales,111511,Otros animales vivos,NA,NA,66.30,"Países Bajos, Francia, Alemania",14.0,"Francia, Bélgica, Portugal",-5.4,"Francia, Bélgica, Países Bajos",-1.9,"Francia, Bélgica, Países Bajos",-1.9,82.9,NA,provisional
2024,I,Agroalimentario,11,Sectores Cárnicos,1115,Otros animales,111512,Carne de otros animales,NA,NA,25.35,"Países Bajos, Francia, Alemania",14.0,"Francia, Bélgica, Portugal",-5.4,"Francia, Portugal, Italia",-13.4,"Francia, Portugal, Italia",-13.4,92.2,NA,provisional
2024,I,Agroalimentario,12,Lácteos,1211,Lácteos,121111,Leche,NA,NA,434.02,"Francia, Alemania, Países Bajos",8.1,"Francia, Alemania, Países Bajos",8.1,"Portugal, Francia, Países Bajos",-4.6,"Portugal, Francia, Países Bajos",-4.6,98.5,NA,provisional
2024,I,Agroalimentario,12,Lácteos,1211,Lácteos,121112,Mantequilla,NA,NA,245.24,"Francia, Alemania, Países Bajos",8.1,"Francia, Alemania, Países Bajos",8.1,"Países Bajos, Francia, Portugal",25.4,"Países Bajos, Francia, Portugal",25.4,98.4,NA,provisional
2024,I,Agroalimentario,12,Lácteos,1211,Lácteos,121113,Quesos,NA,NA,1952.07,"Francia, Alemania, Países Bajos",8.1,"Francia, Alemania, Países Bajos",8.1,"Alemania, Países Bajos, Francia",12.1,"Alemania, Países Bajos, Francia",12.1,98.4,NA,provisional
2024,I,Agroalimentario,12,Lácteos,1211,Lácteos,121114,Yogures y lactosueros,NA,NA,412.09,"Francia, Alemania, Países Bajos",8.1,"Francia, Alemania, Países Bajos",8.1,"Francia, Alemania, Portugal",-2.8,"Francia, Alemania, Portugal",-2.8,95.5,NA,provisional
2024,I,Agroalimentario,13,Pesca,1311,Pesca,131111,Peces vivos,NA,NA,153.54,"Marruecos, Ecuador, Portugal",3.5,"Marruecos, Ecuador, Portugal",3.5,"Suecia, Francia, Países Bajos",-16.6,"Suecia, Francia, Países Bajos",-16.6,97.3,NA,provisional
2024,I,Agroalimentario,13,Pesca,1311,Pesca,131112,Pescado fresco,NA,NA,1617.27,"Marruecos, Ecuador, Portugal",3.5,"Marruecos, Ecuador, Portugal",3.5,"Suecia, Francia, Grecia",2.3,"Suecia, Francia, Grecia",2.3,68.1,NA,provisional
2024,I,Agroalimentario,13,Pesca,1311,Pesca,131112,Pescado fresco,1311121,Merluza fresca,142.24,"Marruecos, Ecuador, Portugal",3.5,"Marruecos, Ecuador, Portugal",3.5,"Suecia, Francia, Grecia",2.3,"Francia, Chile, Dinamarca",0.2,68.1,59.6,provisional
2024,I,Agroalimentario,13,Pesca,1311,Pesca,131112,Pescado fresco,1311122,Atún fresco,40.12,"Marruecos, Ecuador, Portugal",3.5,"Marruecos, Ecuador, Portugal",3.5,"Suecia, Francia, Grecia",2.3,"Francia, Portugal, Italia",-8.1,68.1,73.8,provisional
2024,I,Agroalimentario,13,Pesca,1311,Pesca,131112,Pescado fresco,1311123,Bacalao fresco,24.27,"Marruecos, Ecuador, Portugal",3.5,"Marruecos, Ecuador, Portugal",3.5,"Suecia, Francia, Grecia",2.3,"Noruega, Dinamarca, Portugal",-5.3,68.1,54.4,provisional
2024,I,Agroalimentario,13,Pesca,1311,Pesca,131112,Pescado fresco,1311124,Rape fresco,59.85,"Marruecos, Ecuador, Portugal",3.5,"Marruecos, Ecuador, Portugal",3.5,"Suecia, Francia, Grecia",2.3,"Francia, Irlanda, Dinamarca",0.5,68.1,89.1,provisional
2024,I,Agroalimentario,13,Pesca,1311,Pesca,131112,Pescado fresco,1311125,Otro pescado fresco,1350.78,"Marruecos, Ecuador, Portugal",3.5,"Marruecos, Ecuador, Portugal",3.5,"Suecia, Francia, Grecia",2.3,"Suecia, Grecia, Noruega",3.1,68.1,68.2,provisional
2024,I,Agroalimentario,13,Pesca,1311,Pesca,131113,Pescado congelado,NA,NA,1580.05,"Marruecos, Ecuador, Portugal",3.5,"Marruecos, Ecuador, Portugal",3.5,"Namibia, Portugal, China",3.4,"Namibia, Portugal, China",3.4,21.2,NA,provisional
2024,I,Agroalimentario,13,Pesca,1311,Pesca,131113,Pescado congelado,1311131,Atún congelado,270.21,"Marruecos, Ecuador, Portugal",3.5,"Marruecos, Ecuador, Portugal",3.5,"Namibia, Portugal, China",3.4,"Seychelles, Belice, El Salvador",39.1,21.2,9.7,provisional
2024,I,Agroalimentario,13,Pesca,1311,Pesca,131113,Pescado congelado,1311132,Merluza congelada (entera y filetes),336.58,"Marruecos, Ecuador, Portugal",3.5,"Marruecos, Ecuador, Portugal",3.5,"Namibia, Portugal, China",3.4,"Namibia, Argentina, Sudáfrica",0.9,21.2,2.8,provisional
2024,I,Agroalimentario,13,Pesca,1311,Pesca,131113,Pescado congelado,1311133,Otro pescado congelado,973.26,"Marruecos, Ecuador, Portugal",3.5,"Marruecos, Ecuador, Portugal",3.5,"Namibia, Portugal, China",3.4,"Portugal, China, Islandia",-2.8,21.2,30.8,provisional
2024,I,Agroalimentario,13,Pesca,1311,Pesca,131114,"Moluscos, crustáceos y otros invertebrados acuáticos",NA,NA,3520.88,"Marruecos, Ecuador, Portugal",3.5,"Marruecos, Ecuador, Portugal",3.5,"Marruecos, Argentina, Ecuador",2.3,"Marruecos, Argentina, Ecuador",2.3,16.1,NA,provisional
2024,I,Agroalimentario,13,Pesca,1311,Pesca,131114,"Moluscos, crustáceos y otros invertebrados acuáticos",1311141,Mejillón,16.68,"Marruecos, Ecuador, Portugal",3.5,"Marruecos, Ecuador, Portugal",3.5,"Marruecos, Argentina, Ecuador",2.3,"Nueva Zelanda, Italia, Francia",0.6,16.1,67.2,provisional
2024,I,Agroalimentario,13,Pesca,1311,Pesca,131114,"Moluscos, crustáceos y otros invertebrados acuáticos",1311142,Calamar y sepia,1208.62,"Marruecos, Ecuador, Portugal",3.5,"Marruecos, Ecuador, Portugal",3.5,"Marruecos, Argentina, Ecuador",2.3,"Marruecos, Islas Malvinas, India",-0.8,16.1,8.0,provisional
2024,I,Agroalimentario,13,Pesca,1311,Pesca,131114,"Moluscos, crustáceos y otros invertebrados acuáticos",1311143,Pulpo,677.37,"Marruecos, Ecuador, Portugal",3.5,"Marruecos, Ecuador, Portugal",3.5,"Marruecos, Argentina, Ecuador",2.3,"Marruecos, Mauritania, Portugal",3.9,16.1,9.1,provisional
2024,I,Agroalimentario,13,Pesca,1311,Pesca,131114,"Moluscos, crustáceos y otros invertebrados acuáticos",1311144,Langostino y gamba,1111.39,"Marruecos, Ecuador, Portugal",3.5,"Marruecos, Ecuador, Portugal",3.5,"Marruecos, Argentina, Ecuador",2.3,"Argentina, Ecuador, China",0.7,16.1,10.9,provisional
2024,I,Agroalimentario,13,Pesca,1311,Pesca,131114,"Moluscos, crustáceos y otros invertebrados acuáticos",1311145,Almeja y ostra,144.90,"Marruecos, Ecuador, Portugal",3.5,"Marruecos, Ecuador, Portugal",3.5,"Marruecos, Argentina, Ecuador",2.3,"Portugal, Francia, Italia",14.3,16.1,86.5,provisional
2024,I,Agroalimentario,13,Pesca,1311,Pesca,131114,"Moluscos, crustáceos y otros invertebrados acuáticos",1311146,Otros moluscos y crustáceos,361.93,"Marruecos, Ecuador, Portugal",3.5,"Marruecos, Ecuador, Portugal",3.5,"Marruecos, Argentina, Ecuador",2.3,"Francia, Canadá, Perú",12.2,16.1,41.9,provisional
2024,I,Agroalimentario,13,Pesca,1311,Pesca,131115,Los demás preparados de productos de la pesca,NA,NA,227.47,"Marruecos, Ecuador, Portugal",3.5,"Marruecos, Ecuador, Portugal",3.5,"Islandia, Islas Feroe, Noruega",0.7,"Islandia, Islas Feroe, Noruega",0.7,31.7,NA,provisional
2024,I,Agroalimentario,13,Pesca,1311,Pesca,131116,Conservas de pescados,NA,NA,1210.28,"Marruecos, Ecuador, Portugal",3.5,"Marruecos, Ecuador, Portugal",3.5,"Ecuador, China, Marruecos",13.2,"Ecuador, China, Marruecos",13.2,17.5,NA,provisional
2024,I,Agroalimentario,13,Pesca,1311,Pesca,131116,Conservas de pescados,1311161,Atún y bonito en conserva,858.39,"Marruecos, Ecuador, Portugal",3.5,"Marruecos, Ecuador, Portugal",3.5,"Ecuador, China, Marruecos",13.2,"Ecuador, China, Portugal",13.6,17.5,10.4,provisional
2024,I,Agroalimentario,13,Pesca,1311,Pesca,131116,Conservas de pescados,1311162,Anchoa en conserva,101.07,"Marruecos, Ecuador, Portugal",3.5,"Marruecos, Ecuador, Portugal",3.5,"Ecuador, China, Marruecos",13.2,"Marruecos, Perú, Croacia",21.3,17.5,5.4,provisional
2024,I,Agroalimentario,13,Pesca,1311,Pesca,131116,Conservas de pescados,1311163,Sardina y caballa en conserva,77.82,"Marruecos, Ecuador, Portugal",3.5,"Marruecos, Ecuador, Portugal",3.5,"Ecuador, China, Marruecos",13.2,"Portugal, Marruecos, Croacia",23.1,17.5,48.9,provisional
2024,I,Agroalimentario,13,Pesca,1311,Pesca,131116,Conservas de pescados,1311165,Otras conservas de pescado,173.00,"Marruecos, Ecuador, Portugal",3.5,"Marruecos, Ecuador, Portugal",3.5,"Ecuador, China, Marruecos",13.2,"Marruecos, Francia, Portugal",3.7,17.5,45.8,provisional
2024,I,Agroalimentario,13,Pesca,1311,Pesca,131117,Conservas de moluscos y crustáceos,NA,NA,219.94,"Marruecos, Ecuador, Portugal",3.5,"Marruecos, Ecuador, Portugal",3.5,"Chile, Vietnam, Reino Unido",3.7,"Chile, Vietnam, Reino Unido",3.7,21.2,NA,provisional
2024,I,Agroalimentario,13,Pesca,1311,Pesca,131117,Conservas de moluscos y crustáceos,1311171,Mejillón en conserva,89.10,"Marruecos, Ecuador, Portugal",3.5,"Marruecos, Ecuador, Portugal",3.5,"Chile, Vietnam, Reino Unido",3.7,"Chile, Dinamarca, Portugal",8.8,21.2,2.0,provisional
2024,I,Agroalimentario,13,Pesca,1311,Pesca,131117,Conservas de moluscos y crustáceos,1311172,"Almeja, berberecho y arca en conserva",78.06,"Marruecos, Ecuador, Portugal",3.5,"Marruecos, Ecuador, Portugal",3.5,"Chile, Vietnam, Reino Unido",3.7,"Reino Unido, Vietnam, Países Bajos",5.8,21.2,27.4,provisional
2024,I,Agroalimentario,13,Pesca,1311,Pesca,131117,Conservas de moluscos y crustáceos,1311174,Pulpo en conserva,3.30,"Marruecos, Ecuador, Portugal",3.5,"Marruecos, Ecuador, Portugal",3.5,"Chile, Vietnam, Reino Unido",3.7,"Portugal, Países Bajos, Italia",-31.6,21.2,81.8,provisional
2024,I,Agroalimentario,13,Pesca,1311,Pesca,131117,Conservas de moluscos y crustáceos,1311175,Sepia y calamar en conserva,6.24,"Marruecos, Ecuador, Portugal",3.5,"Marruecos, Ecuador, Portugal",3.5,"Chile, Vietnam, Reino Unido",3.7,"Perú, Francia, Chile",-48.8,21.2,22.6,provisional
2024,I,Agroalimentario,13,Pesca,1311,Pesca,131117,Conservas de moluscos y crustáceos,1311176,Otras conservas de moluscos y crustáceos,43.24,"Marruecos, Ecuador, Portugal",3.5,"Marruecos, Ecuador, Portugal",3.5,"Chile, Vietnam, Reino Unido",3.7,"Países Bajos, Honduras, Francia",9.9,21.2,44.6,provisional
2024,I,Agroalimentario,14,Cereales y productos de molinera,1411,Cereales,141111,Trigo,NA,NA,1793.89,"Ucrania, Francia, Estados Unidos",-25.9,"Ucrania, Francia, Estados Unidos",-25.9,"Ucrania, Francia, Canadá",-31.6,"Ucrania, Francia, Canadá",-31.6,35.9,NA,provisional
2024,I,Agroalimentario,14,Cereales y productos de molinera,1411,Cereales,141112,Cebada,NA,NA,342.30,"Ucrania, Francia, Estados Unidos",-25.9,"Ucrania, Francia, Estados Unidos",-25.9,"Ucrania, Francia, Alemania",-59.3,"Ucrania, Francia, Alemania",-59.3,69.2,NA,provisional
2024,I,Agroalimentario,14,Cereales y productos de molinera,1411,Cereales,141113,Maíz,NA,NA,2050.74,"Ucrania, Francia, Estados Unidos",-25.9,"Ucrania, Francia, Estados Unidos",-25.9,"Ucrania, Francia, Estados Unidos",-17.5,"Ucrania, Francia, Estados Unidos",-17.5,24.2,NA,provisional
2024,I,Agroalimentario,14,Cereales y productos de molinera,1411,Cereales,141114,Arroz,NA,NA,307.80,"Ucrania, Francia, Estados Unidos",-25.9,"Ucrania, Francia, Estados Unidos",-25.9,"Myanmar, Argentina, Pakistán",17.4,"Myanmar, Argentina, Pakistán",17.4,19.3,NA,provisional
2024,I,Agroalimentario,14,Cereales y productos de molinera,1411,Cereales,141115,Otros cereales,NA,NA,191.92,"Ucrania, Francia, Estados Unidos",-25.9,"Ucrania, Francia, Estados Unidos",-25.9,"Francia, Polonia, Letonia",0.0,"Francia, Polonia, Letonia",0.0,83.7,NA,provisional
2024,I,Agroalimentario,14,Cereales y productos de molinera,1411,Cereales,141116,Harina de trigo,NA,NA,64.13,"Ucrania, Francia, Estados Unidos",-25.9,"Ucrania, Francia, Estados Unidos",-25.9,"Francia, Italia, Portugal",-12.8,"Francia, Italia, Portugal",-12.8,95.8,NA,provisional
2024,I,Agroalimentario,14,Cereales y productos de molinera,1411,Cereales,141117,Otras harinas,NA,NA,123.90,"Ucrania, Francia, Estados Unidos",-25.9,"Ucrania, Francia, Estados Unidos",-25.9,"Italia, Francia, Países Bajos",11.6,"Italia, Francia, Países Bajos",11.6,95.6,NA,provisional
2024,I,Agroalimentario,14,Cereales y productos de molinera,1411,Cereales,141118,Malta,NA,NA,24.13,"Ucrania, Francia, Estados Unidos",-25.9,"Ucrania, Francia, Estados Unidos",-25.9,"Francia, Alemania, Bélgica",-17.6,"Francia, Alemania, Bélgica",-17.6,96.1,NA,provisional
2024,I,Agroalimentario,14,Cereales y productos de molinera,1411,Cereales,141119,Almidón,NA,NA,99.58,"Ucrania, Francia, Estados Unidos",-25.9,"Ucrania, Francia, Estados Unidos",-25.9,"Países Bajos, Bélgica, Francia",-12.9,"Países Bajos, Bélgica, Francia",-12.9,88.9,NA,provisional
2024,I,Agroalimentario,14,Cereales y productos de molinera,1411,Cereales,141120,Grañones y sémola de trigo,NA,NA,7.52,"Ucrania, Francia, Estados Unidos",-25.9,"Ucrania, Francia, Estados Unidos",-25.9,"Italia, Países Bajos, Portugal",20.2,"Italia, Países Bajos, Portugal",20.2,96.4,NA,provisional
2024,I,Agroalimentario,14,Cereales y productos de molinera,1411,Cereales,141121,Otros productos de cereales,NA,NA,102.58,"Ucrania, Francia, Estados Unidos",-25.9,"Ucrania, Francia, Estados Unidos",-25.9,"Francia, Alemania, Bélgica",-34.0,"Francia, Alemania, Bélgica",-34.0,91.3,NA,provisional
2024,I,Agroalimentario,15,Industrias alimentarias y piensos,1511,Industrias alimentarias,151111,Residuos de productos alimentarios,NA,NA,1763.86,"Brasil, Argentina, Francia",1.8,"Brasil, Argentina, Francia",1.8,"Brasil, Argentina, Francia",-0.5,"Brasil, Argentina, Francia",-0.5,24.1,NA,provisional
2024,I,Agroalimentario,15,Industrias alimentarias y piensos,1511,Industrias alimentarias,151112,Piensos,NA,NA,1084.31,"Brasil, Argentina, Francia",1.8,"Brasil, Argentina, Francia",1.8,"Francia, Países Bajos, Alemania",5.9,"Francia, Países Bajos, Alemania",5.9,85.8,NA,provisional
2024,I,Agroalimentario,16,Flores y plantas,1611,Flores y plantas,161111,Flores y plantas,NA,NA,369.27,"Países Bajos, Colombia, Ecuador",4.0,"Países Bajos, Colombia, Ecuador",4.0,"Países Bajos, Colombia, Ecuador",4.0,"Países Bajos, Colombia, Ecuador",4.0,59.1,NA,provisional
2024,I,Agroalimentario,17,Hortalizas y legumbres,1711,Hortalizas y legumbres,171111,Tomate,NA,NA,224.05,"Francia, Marruecos, Portugal",1.4,"Francia, Marruecos, Portugal",1.4,"Marruecos, Portugal, Países Bajos",-7.1,"Marruecos, Portugal, Países Bajos",-7.1,61.2,NA,provisional
2024,I,Agroalimentario,17,Hortalizas y legumbres,1711,Hortalizas y legumbres,171112,Pimiento,NA,NA,135.93,"Francia, Marruecos, Portugal",1.4,"Francia, Marruecos, Portugal",1.4,"Marruecos, Portugal, Bélgica",22.0,"Marruecos, Portugal, Bélgica",22.0,10.0,NA,provisional
2024,I,Agroalimentario,17,Hortalizas y legumbres,1711,Hortalizas y legumbres,171113,Pepino,NA,NA,23.81,"Francia, Marruecos, Portugal",1.4,"Francia, Marruecos, Portugal",1.4,"Marruecos, Portugal, Alemania",41.6,"Marruecos, Portugal, Alemania",41.6,21.4,NA,provisional
2024,I,Agroalimentario,17,Hortalizas y legumbres,1711,Hortalizas y legumbres,171114,Lechuga,NA,NA,55.12,"Francia, Marruecos, Portugal",1.4,"Francia, Marruecos, Portugal",1.4,"Francia, Países Bajos, Italia",12.7,"Francia, Países Bajos, Italia",12.7,99.8,NA,provisional
2024,I,Agroalimentario,17,Hortalizas y legumbres,1711,Hortalizas y legumbres,171115,Patata,NA,NA,561.29,"Francia, Marruecos, Portugal",1.4,"Francia, Marruecos, Portugal",1.4,"Francia, Países Bajos, Reino Unido",19.0,"Francia, Países Bajos, Reino Unido",19.0,84.9,NA,provisional
2024,I,Agroalimentario,17,Hortalizas y legumbres,1711,Hortalizas y legumbres,171116,Cebolla,NA,NA,81.07,"Francia, Marruecos, Portugal",1.4,"Francia, Marruecos, Portugal",1.4,"Perú, Países Bajos, Chile",-19.3,"Perú, Países Bajos, Chile",-19.3,30.7,NA,provisional
2024,I,Agroalimentario,17,Hortalizas y legumbres,1711,Hortalizas y legumbres,171117,Ajos,NA,NA,35.38,"Francia, Marruecos, Portugal",1.4,"Francia, Marruecos, Portugal",1.4,"Argentina, Países Bajos, China",97.7,"Argentina, Países Bajos, China",97.7,37.2,NA,provisional
2024,I,Agroalimentario,17,Hortalizas y legumbres,1711,Hortalizas y legumbres,171118,Zanahoria,NA,NA,9.48,"Francia, Marruecos, Portugal",1.4,"Francia, Marruecos, Portugal",1.4,"Portugal, Francia, Países Bajos",-28.0,"Portugal, Francia, Países Bajos",-28.0,88.5,NA,provisional
2024,I,Agroalimentario,17,Hortalizas y legumbres,1711,Hortalizas y legumbres,171119,Las demás hortalizas frescas,NA,NA,461.60,"Francia, Marruecos, Portugal",1.4,"Francia, Marruecos, Portugal",1.4,"Marruecos, Perú, Portugal",12.9,"Marruecos, Perú, Portugal",12.9,37.5,NA,provisional
2024,I,Agroalimentario,17,Hortalizas y legumbres,1711,Hortalizas y legumbres,171120,Hortalizas congeladas,NA,NA,288.97,"Francia, Marruecos, Portugal",1.4,"Francia, Marruecos, Portugal",1.4,"Francia, Bélgica, Países Bajos",-2.0,"Francia, Bélgica, Países Bajos",-2.0,73.6,NA,provisional
2024,I,Agroalimentario,17,Hortalizas y legumbres,1711,Hortalizas y legumbres,171121,Hortalizas conservadas o secas,NA,NA,161.41,"Francia, Marruecos, Portugal",1.4,"Francia, Marruecos, Portugal",1.4,"India, China, Portugal",21.2,"India, China, Portugal",21.2,36.4,NA,provisional
2024,I,Agroalimentario,17,Hortalizas y legumbres,1711,Hortalizas y legumbres,171122,Legumbres,NA,NA,248.47,"Francia, Marruecos, Portugal",1.4,"Francia, Marruecos, Portugal",1.4,"Estados Unidos, Canadá, Argentina",-37.2,"Estados Unidos, Canadá, Argentina",-37.2,23.4,NA,provisional
2024,I,Agroalimentario,18,Frutas,1811,Frutas,181111,Cítricos,NA,NA,244.21,"Marruecos, Perú, Estados Unidos",9.9,"Marruecos, Perú, Estados Unidos",9.9,"Sudáfrica, Egipto, Portugal",-23.6,"Sudáfrica, Egipto, Portugal",-23.6,22.6,NA,provisional
2024,I,Agroalimentario,18,Frutas,1811,Frutas,181111,Cítricos,1811111,Naranjas,144.69,"Marruecos, Perú, Estados Unidos",9.9,"Marruecos, Perú, Estados Unidos",9.9,"Sudáfrica, Egipto, Portugal",-23.6,"Egipto, Sudáfrica, Portugal",-22.8,22.6,22.2,provisional
2024,I,Agroalimentario,18,Frutas,1811,Frutas,181111,Cítricos,1811112,Mandarinas y clementinas,44.66,"Marruecos, Perú, Estados Unidos",9.9,"Marruecos, Perú, Estados Unidos",9.9,"Sudáfrica, Egipto, Portugal",-23.6,"Sudáfrica, Marruecos, Portugal",-17.1,22.6,26.9,provisional
2024,I,Agroalimentario,18,Frutas,1811,Frutas,181111,Cítricos,1811113,Limones y limas,49.16,"Marruecos, Perú, Estados Unidos",9.9,"Marruecos, Perú, Estados Unidos",9.9,"Sudáfrica, Egipto, Portugal",-23.6,"Brasil, Sudáfrica, Argentina",-30.5,22.6,18.1,provisional
2024,I,Agroalimentario,18,Frutas,1811,Frutas,181111,Cítricos,1811114,Otros cítricos,5.70,"Marruecos, Perú, Estados Unidos",9.9,"Marruecos, Perú, Estados Unidos",9.9,"Sudáfrica, Egipto, Portugal",-23.6,"Sudáfrica, Países Bajos, Portugal",-22.9,22.6,36.4,provisional
2024,I,Agroalimentario,18,Frutas,1811,Frutas,181112,Melones y sandías,NA,NA,142.80,"Marruecos, Perú, Estados Unidos",9.9,"Marruecos, Perú, Estados Unidos",9.9,"Brasil, Marruecos, Senegal",-16.1,"Brasil, Marruecos, Senegal",-16.1,6.9,NA,provisional
2024,I,Agroalimentario,18,Frutas,1811,Frutas,181112,Melones y sandías,1811121,Melones,84.10,"Marruecos, Perú, Estados Unidos",9.9,"Marruecos, Perú, Estados Unidos",9.9,"Brasil, Marruecos, Senegal",-16.1,"Brasil, Senegal, Marruecos",-5.2,6.9,3.9,provisional
2024,I,Agroalimentario,18,Frutas,1811,Frutas,181112,Melones y sandías,1811122,Sandías,58.70,"Marruecos, Perú, Estados Unidos",9.9,"Marruecos, Perú, Estados Unidos",9.9,"Brasil, Marruecos, Senegal",-16.1,"Marruecos, Senegal, Mauritania",-27.9,6.9,11.3,provisional
2024,I,Agroalimentario,18,Frutas,1811,Frutas,181113,Melocotón y nectarina,NA,NA,10.92,"Marruecos, Perú, Estados Unidos",9.9,"Marruecos, Perú, Estados Unidos",9.9,"Países Bajos, Marruecos, Grecia",30.8,"Países Bajos, Marruecos, Grecia",30.8,66.7,NA,provisional
2024,I,Agroalimentario,18,Frutas,1811,Frutas,181114,Fresas,NA,NA,42.90,"Marruecos, Perú, Estados Unidos",9.9,"Marruecos, Perú, Estados Unidos",9.9,"Marruecos, Grecia, Bélgica",18.6,"Marruecos, Grecia, Bélgica",18.6,33.8,NA,provisional
2024,I,Agroalimentario,18,Frutas,1811,Frutas,181115,Los demás frutos rojos,NA,NA,625.02,"Marruecos, Perú, Estados Unidos",9.9,"Marruecos, Perú, Estados Unidos",9.9,"Marruecos, Portugal, Perú",28.9,"Marruecos, Portugal, Perú",28.9,19.3,NA,provisional
2024,I,Agroalimentario,18,Frutas,1811,Frutas,181116,Caquis,NA,NA,1.36,"Marruecos, Perú, Estados Unidos",9.9,"Marruecos, Perú, Estados Unidos",9.9,"Perú, Paraguay, Uruguay",-31.2,"Perú, Paraguay, Uruguay",-31.2,10.7,NA,provisional
2024,I,Agroalimentario,18,Frutas,1811,Frutas,181117,"Manzanas, peras y membrillos",NA,NA,284.12,"Marruecos, Perú, Estados Unidos",9.9,"Marruecos, Perú, Estados Unidos",9.9,"Italia, Francia, Bélgica",1.5,"Italia, Francia, Bélgica",1.5,89.7,NA,provisional
2024,I,Agroalimentario,18,Frutas,1811,Frutas,181118,Plátano,NA,NA,343.63,"Marruecos, Perú, Estados Unidos",9.9,"Marruecos, Perú, Estados Unidos",9.9,"Costa Rica, Colombia, Costa de Marfil",0.9,"Costa Rica, Colombia, Costa de Marfil",0.9,3.5,NA,provisional
2024,I,Agroalimentario,18,Frutas,1811,Frutas,181119,Almendras y avellanas,NA,NA,409.59,"Marruecos, Perú, Estados Unidos",9.9,"Marruecos, Perú, Estados Unidos",9.9,"Estados Unidos, Portugal, Turquía",-8.2,"Estados Unidos, Portugal, Turquía",-8.2,20.5,NA,provisional
2024,I,Agroalimentario,18,Frutas,1811,Frutas,181119,Almendras y avellanas,1811191,Almendras,357.92,"Marruecos, Perú, Estados Unidos",9.9,"Marruecos, Perú, Estados Unidos",9.9,"Estados Unidos, Portugal, Turquía",-8.2,"Estados Unidos, Portugal, Australia",-12.3,20.5,20.6,provisional
2024,I,Agroalimentario,18,Frutas,1811,Frutas,181119,Almendras y avellanas,1811192,Avellanas,51.67,"Marruecos, Perú, Estados Unidos",9.9,"Marruecos, Perú, Estados Unidos",9.9,"Estados Unidos, Portugal, Turquía",-8.2,"Turquía, Georgia, Italia",34.8,20.5,20.0,provisional
2024,I,Agroalimentario,18,Frutas,1811,Frutas,181120,Uva,NA,NA,201.40,"Marruecos, Perú, Estados Unidos",9.9,"Marruecos, Perú, Estados Unidos",9.9,"Perú, Italia, Chile",24.9,"Perú, Italia, Chile",24.9,31.7,NA,provisional
2024,I,Agroalimentario,18,Frutas,1811,Frutas,181121,Las demás frutas frescas y desecadas,NA,NA,2120.67,"Marruecos, Perú, Estados Unidos",9.9,"Marruecos, Perú, Estados Unidos",9.9,"Perú, Estados Unidos, Nueva Zelanda",19.6,"Perú, Estados Unidos, Nueva Zelanda",19.6,17.6,NA,provisional
2024,I,Agroalimentario,18,Frutas,1811,Frutas,181122,Frutas congeladas,NA,NA,87.95,"Marruecos, Perú, Estados Unidos",9.9,"Marruecos, Perú, Estados Unidos",9.9,"Bélgica, Marruecos, Egipto",2.7,"Bélgica, Marruecos, Egipto",2.7,54.1,NA,provisional
2024,I,Agroalimentario,18,Frutas,1811,Frutas,181123,Frutas conservadas provisionalmente y cortezas,NA,NA,19.23,"Marruecos, Perú, Estados Unidos",9.9,"Marruecos, Perú, Estados Unidos",9.9,"Perú, Alemania, Italia",6.0,"Perú, Alemania, Italia",6.0,46.1,NA,provisional
2024,I,Agroalimentario,19,Conservas vegetales,1911,Conservas vegetales,191111,Tomate,NA,NA,112.89,"Bélgica, Francia, Países Bajos",5.4,"Bélgica, Francia, Países Bajos",5.4,"Italia, Portugal, China",-24.3,"Italia, Portugal, China",-24.3,67.9,NA,provisional
2024,I,Agroalimentario,19,Conservas vegetales,1911,Conservas vegetales,191112,Aceituna,NA,NA,57.01,"Bélgica, Francia, Países Bajos",5.4,"Bélgica, Francia, Países Bajos",5.4,"Egipto, Marruecos, Portugal",55.5,"Egipto, Marruecos, Portugal",55.5,27.8,NA,provisional
2024,I,Agroalimentario,19,Conservas vegetales,1911,Conservas vegetales,191113,Espárragos,NA,NA,63.27,"Bélgica, Francia, Países Bajos",5.4,"Bélgica, Francia, Países Bajos",5.4,"China, Perú, Francia",-32.8,"China, Perú, Francia",-32.8,1.9,NA,provisional
2024,I,Agroalimentario,19,Conservas vegetales,1911,Conservas vegetales,191114,Las demás hortalizas,NA,NA,773.60,"Bélgica, Francia, Países Bajos",5.4,"Bélgica, Francia, Países Bajos",5.4,"Bélgica, Francia, Países Bajos",4.4,"Bélgica, Francia, Países Bajos",4.4,75.2,NA,provisional
2024,I,Agroalimentario,19,Conservas vegetales,1911,Conservas vegetales,191115,Zumos,NA,NA,413.90,"Bélgica, Francia, Países Bajos",5.4,"Bélgica, Francia, Países Bajos",5.4,"Bélgica, Países Bajos, Brasil",23.3,"Bélgica, Países Bajos, Brasil",23.3,52.2,NA,provisional
2024,I,Agroalimentario,19,Conservas vegetales,1911,Conservas vegetales,191116,Confituras y mermeladas,NA,NA,92.00,"Bélgica, Francia, Países Bajos",5.4,"Bélgica, Francia, Países Bajos",5.4,"Italia, Francia, Turquía",0.3,"Italia, Francia, Turquía",0.3,72.0,NA,provisional
2024,I,Agroalimentario,19,Conservas vegetales,1911,Conservas vegetales,191117,Las demás frutas,NA,NA,344.78,"Bélgica, Francia, Países Bajos",5.4,"Bélgica, Francia, Países Bajos",5.4,"Alemania, Francia, Turquía",9.8,"Alemania, Francia, Turquía",9.8,54.1,NA,provisional
2024,I,Agroalimentario,20,Vinos y bebidas,2011,Vinos y bebidas,201111,Agua,NA,NA,48.00,"Francia, Reino Unido, Estados Unidos",-3.7,"Francia, Reino Unido, Estados Unidos",-3.7,"Francia, Italia, Alemania",5.8,"Francia, Italia, Alemania",5.8,93.0,NA,provisional
2024,I,Agroalimentario,20,Vinos y bebidas,2011,Vinos y bebidas,201112,Bebidas refrescantes,NA,NA,320.39,"Francia, Reino Unido, Estados Unidos",-3.7,"Francia, Reino Unido, Estados Unidos",-3.7,"Portugal, Países Bajos, Alemania",-1.1,"Portugal, Países Bajos, Alemania",-1.1,82.2,NA,provisional
2024,I,Agroalimentario,20,Vinos y bebidas,2011,Vinos y bebidas,201113,Cerveza,NA,NA,455.54,"Francia, Reino Unido, Estados Unidos",-3.7,"Francia, Reino Unido, Estados Unidos",-3.7,"Bélgica, Portugal, México",4.6,"Bélgica, Portugal, México",4.6,82.9,NA,provisional
2024,I,Agroalimentario,20,Vinos y bebidas,2011,Vinos y bebidas,201114,Mosto,NA,NA,12.11,"Francia, Reino Unido, Estados Unidos",-3.7,"Francia, Reino Unido, Estados Unidos",-3.7,"Chile, Italia, Francia",10.8,"Chile, Italia, Francia",10.8,58.2,NA,provisional
2024,I,Agroalimentario,20,Vinos y bebidas,2011,Vinos y bebidas,201115,Vino,NA,NA,301.42,"Francia, Reino Unido, Estados Unidos",-3.7,"Francia, Reino Unido, Estados Unidos",-3.7,"Francia, Italia, Portugal",-0.4,"Francia, Italia, Portugal",-0.4,87.2,NA,provisional
2024,I,Agroalimentario,20,Vinos y bebidas,2011,Vinos y bebidas,201116,Vermut y vino aromátizado,NA,NA,49.62,"Francia, Reino Unido, Estados Unidos",-3.7,"Francia, Reino Unido, Estados Unidos",-3.7,"Italia, Alemania, Francia",7.2,"Italia, Alemania, Francia",7.2,98.5,NA,provisional
2024,I,Agroalimentario,20,Vinos y bebidas,2011,Vinos y bebidas,201117,Otras bebidas fermentadas,NA,NA,38.42,"Francia, Reino Unido, Estados Unidos",-3.7,"Francia, Reino Unido, Estados Unidos",-3.7,"Suecia, Alemania, Irlanda",35.0,"Suecia, Alemania, Irlanda",35.0,88.0,NA,provisional
2024,I,Agroalimentario,20,Vinos y bebidas,2011,Vinos y bebidas,201118,Bebidas espirituosas,NA,NA,944.05,"Francia, Reino Unido, Estados Unidos",-3.7,"Francia, Reino Unido, Estados Unidos",-3.7,"Reino Unido, Estados Unidos, Países Bajos",-8.2,"Reino Unido, Estados Unidos, Países Bajos",-8.2,36.9,NA,provisional
2024,I,Agroalimentario,20,Vinos y bebidas,2011,Vinos y bebidas,201119,Alcohol,NA,NA,256.08,"Francia, Reino Unido, Estados Unidos",-3.7,"Francia, Reino Unido, Estados Unidos",-3.7,"Estados Unidos, Pakistán, Francia",-15.7,"Estados Unidos, Pakistán, Francia",-15.7,35.4,NA,provisional
2024,I,Agroalimentario,20,Vinos y bebidas,2011,Vinos y bebidas,201120,Vinagre y sucedáneos,NA,NA,24.11,"Francia, Reino Unido, Estados Unidos",-3.7,"Francia, Reino Unido, Estados Unidos",-3.7,"Italia, Francia, Países Bajos",28.7,"Italia, Francia, Países Bajos",28.7,90.5,NA,provisional
2024,I,Agroalimentario,21,Tabaco,2111,Tabaco,211111,Tabaco,NA,NA,1771.53,"Polonia, Alemania, Portugal",27.7,"Polonia, Alemania, Portugal",27.7,"Polonia, Alemania, Portugal",27.7,"Polonia, Alemania, Portugal",27.7,93.5,NA,provisional
2024,I,Agroalimentario,22,Grasas y aceites,2211,Grasas y aceites,221111,Aceite de soja,NA,NA,277.07,"Portugal, Ucrania, Indonesia",3.9,"Portugal, Ucrania, Indonesia",3.9,"Argentina, Países Bajos, Portugal",-0.9,"Argentina, Países Bajos, Portugal",-0.9,41.0,NA,provisional
2024,I,Agroalimentario,22,Grasas y aceites,2211,Grasas y aceites,221112,Aceite de oliva,NA,NA,1670.82,"Portugal, Ucrania, Indonesia",3.9,"Portugal, Ucrania, Indonesia",3.9,"Portugal, Túnez, Italia",27.7,"Portugal, Túnez, Italia",27.7,57.0,NA,provisional
2024,I,Agroalimentario,22,Grasas y aceites,2211,Grasas y aceites,221112,Aceite de oliva,2211121,Aceite de oliva virgen extra,916.26,"Portugal, Ucrania, Indonesia",3.9,"Portugal, Ucrania, Indonesia",3.9,"Portugal, Túnez, Italia",27.7,"Portugal, Túnez, Italia",24.9,57.0,51.7,provisional
2024,I,Agroalimentario,22,Grasas y aceites,2211,Grasas y aceites,221112,Aceite de oliva,2211122,Aceite de oliva virgen y lampante,401.01,"Portugal, Ucrania, Indonesia",3.9,"Portugal, Ucrania, Indonesia",3.9,"Portugal, Túnez, Italia",27.7,"Portugal, Turquía, Túnez",67.8,57.0,46.6,provisional
2024,I,Agroalimentario,22,Grasas y aceites,2211,Grasas y aceites,221112,Aceite de oliva,2211123,Aceite de oliva refinado y mezclas,198.03,"Portugal, Ucrania, Indonesia",3.9,"Portugal, Ucrania, Indonesia",3.9,"Portugal, Túnez, Italia",27.7,"Portugal, Italia, Turquía",20.8,57.0,94.3,provisional
2024,I,Agroalimentario,22,Grasas y aceites,2211,Grasas y aceites,221112,Aceite de oliva,2211124,Aceite de orujo y otros aceites de aceituna,155.51,"Portugal, Ucrania, Indonesia",3.9,"Portugal, Ucrania, Indonesia",3.9,"Portugal, Túnez, Italia",27.7,"Portugal, Túnez, Grecia",-9.7,57.0,67.9,provisional
2024,I,Agroalimentario,22,Grasas y aceites,2211,Grasas y aceites,221113,Aceite de girasol,NA,NA,964.93,"Portugal, Ucrania, Indonesia",3.9,"Portugal, Ucrania, Indonesia",3.9,"Ucrania, Francia, Portugal",7.9,"Ucrania, Francia, Portugal",7.9,26.0,NA,provisional
2024,I,Agroalimentario,22,Grasas y aceites,2211,Grasas y aceites,221114,Margarina,NA,NA,124.98,"Portugal, Ucrania, Indonesia",3.9,"Portugal, Ucrania, Indonesia",3.9,"Bélgica, Portugal, Italia",-0.4,"Bélgica, Portugal, Italia",-0.4,92.2,NA,provisional
2024,I,Agroalimentario,22,Grasas y aceites,2211,Grasas y aceites,221115,Las demás grasas y aceites animales,NA,NA,224.76,"Portugal, Ucrania, Indonesia",3.9,"Portugal, Ucrania, Indonesia",3.9,"Francia, Italia, Noruega",5.9,"Francia, Italia, Noruega",5.9,62.4,NA,provisional
2024,I,Agroalimentario,22,Grasas y aceites,2211,Grasas y aceites,221116,Las demás grasas y aceites vegetales,NA,NA,1284.74,"Portugal, Ucrania, Indonesia",3.9,"Portugal, Ucrania, Indonesia",3.9,"Indonesia, Filipinas, Francia",-26.2,"Indonesia, Filipinas, Francia",-26.2,24.1,NA,provisional
2024,I,Agroalimentario,22,Grasas y aceites,2211,Grasas y aceites,221117,Residuos,NA,NA,1074.62,"Portugal, Ucrania, Indonesia",3.9,"Portugal, Ucrania, Indonesia",3.9,"Malasia, Indonesia, China",26.7,"Malasia, Indonesia, China",26.7,27.4,NA,provisional
2024,I,Agroalimentario,23,"Semillas, oleaginosas, mandioca y forraje",2311,"Semillas, oleaginosas, mandioca y forraje",231111,Soja,NA,NA,1588.12,"Brasil, Estados Unidos, Francia",-9.7,"Brasil, Estados Unidos, Francia",-9.7,"Brasil, Estados Unidos, Francia",-9.7,"Brasil, Estados Unidos, Francia",-9.7,1.1,NA,provisional
2024,I,Agroalimentario,23,"Semillas, oleaginosas, mandioca y forraje",2311,"Semillas, oleaginosas, mandioca y forraje",231112,Girasol,NA,NA,266.20,"Brasil, Estados Unidos, Francia",-9.7,"Brasil, Estados Unidos, Francia",-9.7,"Francia, China, Ucrania",-31.3,"Francia, China, Ucrania",-31.3,59.0,NA,provisional
2024,I,Agroalimentario,23,"Semillas, oleaginosas, mandioca y forraje",2311,"Semillas, oleaginosas, mandioca y forraje",231113,Otros productos del capítulo 12,NA,NA,881.22,"Brasil, Estados Unidos, Francia",-9.7,"Brasil, Estados Unidos, Francia",-9.7,"Países Bajos, Francia, China",-0.6,"Países Bajos, Francia, China",-0.6,60.2,NA,provisional
2024,I,Agroalimentario,23,"Semillas, oleaginosas, mandioca y forraje",2311,"Semillas, oleaginosas, mandioca y forraje",231114,Forrajes,NA,NA,12.86,"Brasil, Estados Unidos, Francia",-9.7,"Brasil, Estados Unidos, Francia",-9.7,"Francia, Portugal, Italia",-46.0,"Francia, Portugal, Italia",-46.0,84.3,NA,provisional
2024,I,Agroalimentario,23,"Semillas, oleaginosas, mandioca y forraje",2311,"Semillas, oleaginosas, mandioca y forraje",231115,Mandioca,NA,NA,49.87,"Brasil, Estados Unidos, Francia",-9.7,"Brasil, Estados Unidos, Francia",-9.7,"Costa Rica, Bélgica, Egipto",24.0,"Costa Rica, Bélgica, Egipto",24.0,31.4,NA,provisional
2024,I,Agroalimentario,24,"Café, té, cacao y azúcar",2411,"Café, té, cacao y azúcar",241111,Café,NA,NA,1721.13,"Francia, Costa de Marfil, Brasil",17.0,"Francia, Costa de Marfil, Brasil",17.0,"Vietnam, Brasil, Francia",33.4,"Vietnam, Brasil, Francia",33.4,34.0,NA,provisional
2024,I,Agroalimentario,24,"Café, té, cacao y azúcar",2411,"Café, té, cacao y azúcar",241112,Extractos de café,NA,NA,158.34,"Francia, Costa de Marfil, Brasil",17.0,"Francia, Costa de Marfil, Brasil",17.0,"Alemania, Vietnam, Italia",15.4,"Alemania, Vietnam, Italia",15.4,59.5,NA,provisional
2024,I,Agroalimentario,24,"Café, té, cacao y azúcar",2411,"Café, té, cacao y azúcar",241113,Sucedáneos de café,NA,NA,10.26,"Francia, Costa de Marfil, Brasil",17.0,"Francia, Costa de Marfil, Brasil",17.0,"Polonia, Portugal, Francia",2.1,"Polonia, Portugal, Francia",2.1,98.8,NA,provisional
2024,I,Agroalimentario,24,"Café, té, cacao y azúcar",2411,"Café, té, cacao y azúcar",241114,Té,NA,NA,88.01,"Francia, Costa de Marfil, Brasil",17.0,"Francia, Costa de Marfil, Brasil",17.0,"Países Bajos, Alemania, Estados Unidos",17.8,"Países Bajos, Alemania, Estados Unidos",17.8,57.2,NA,provisional
2024,I,Agroalimentario,24,"Café, té, cacao y azúcar",2411,"Café, té, cacao y azúcar",241115,Cacao,NA,NA,1187.73,"Francia, Costa de Marfil, Brasil",17.0,"Francia, Costa de Marfil, Brasil",17.0,"Costa de Marfil, Países Bajos, Ghana",95.5,"Costa de Marfil, Países Bajos, Ghana",95.5,23.4,NA,provisional
2024,I,Agroalimentario,24,"Café, té, cacao y azúcar",2411,"Café, té, cacao y azúcar",241116,Azúcar,NA,NA,1044.48,"Francia, Costa de Marfil, Brasil",17.0,"Francia, Costa de Marfil, Brasil",17.0,"Francia, Portugal, Brasil",-27.5,"Francia, Portugal, Brasil",-27.5,68.9,NA,provisional
2024,I,Agroalimentario,24,"Café, té, cacao y azúcar",2411,"Café, té, cacao y azúcar",241117,Melazas,NA,NA,25.98,"Francia, Costa de Marfil, Brasil",17.0,"Francia, Costa de Marfil, Brasil",17.0,"Egipto, Polonia, Reino Unido",-58.4,"Egipto, Polonia, Reino Unido",-58.4,22.1,NA,provisional
2024,I,Agroalimentario,25,Industrias agroalimentarias,2511,Industrias agroalimentarias,251111,Miel,NA,NA,64.23,"Alemania, Francia, Italia",8.1,"Alemania, Francia, Italia",8.1,"Portugal, Argentina, Ucrania",1.8,"Portugal, Argentina, Ucrania",1.8,53.4,NA,provisional
2024,I,Agroalimentario,25,Industrias agroalimentarias,2511,Industrias agroalimentarias,251112,Extractos y jugos de origen animal,NA,NA,11.31,"Alemania, Francia, Italia",8.1,"Alemania, Francia, Italia",8.1,"China, Brasil, Hungría",14.4,"China, Brasil, Hungría",14.4,45.5,NA,provisional
2024,I,Agroalimentario,25,Industrias agroalimentarias,2511,Industrias agroalimentarias,251113,Levaduras,NA,NA,81.71,"Alemania, Francia, Italia",8.1,"Alemania, Francia, Italia",8.1,"Francia, Portugal, Bélgica",3.0,"Francia, Portugal, Bélgica",3.0,80.3,NA,provisional
2024,I,Agroalimentario,25,Industrias agroalimentarias,2511,Industrias agroalimentarias,251114,Otras preparaciones alimenticias,NA,NA,1199.57,"Alemania, Francia, Italia",8.1,"Alemania, Francia, Italia",8.1,"Francia, Alemania, Países Bajos",4.9,"Francia, Alemania, Países Bajos",4.9,85.3,NA,provisional
2024,I,Agroalimentario,25,Industrias agroalimentarias,2511,Industrias agroalimentarias,251115,Especias,NA,NA,372.57,"Alemania, Francia, Italia",8.1,"Alemania, Francia, Italia",8.1,"China, Irán, Vietnam",23.4,"China, Irán, Vietnam",23.4,13.3,NA,provisional
2024,I,Agroalimentario,25,Industrias agroalimentarias,2511,Industrias agroalimentarias,251116,"Gomas, resinas y extractos vegetales",NA,NA,300.66,"Alemania, Francia, Italia",8.1,"Alemania, Francia, Italia",8.1,"China, Alemania, Francia",2.0,"China, Alemania, Francia",2.0,39.9,NA,provisional
2024,I,Agroalimentario,25,Industrias agroalimentarias,2511,Industrias agroalimentarias,251117,Artículos sin cacao de confitería,NA,NA,227.52,"Alemania, Francia, Italia",8.1,"Alemania, Francia, Italia",8.1,"Alemania, Bélgica, Francia",14.7,"Alemania, Bélgica, Francia",14.7,86.3,NA,provisional
2024,I,Agroalimentario,25,Industrias agroalimentarias,2511,Industrias agroalimentarias,251118,Chocolate y preparaciones con cacao,NA,NA,932.73,"Alemania, Francia, Italia",8.1,"Alemania, Francia, Italia",8.1,"Alemania, Francia, Italia",19.8,"Alemania, Francia, Italia",19.8,97.2,NA,provisional
2024,I,Agroalimentario,25,Industrias agroalimentarias,2511,Industrias agroalimentarias,251119,Pastas alimenticias,NA,NA,342.68,"Alemania, Francia, Italia",8.1,"Alemania, Francia, Italia",8.1,"Italia, Francia, Portugal",7.7,"Italia, Francia, Portugal",7.7,86.6,NA,provisional
2024,I,Agroalimentario,25,Industrias agroalimentarias,2511,Industrias agroalimentarias,251120,"Panadería, pastelería y galletería",NA,NA,1066.82,"Alemania, Francia, Italia",8.1,"Alemania, Francia, Italia",8.1,"Alemania, Italia, Francia",4.8,"Alemania, Italia, Francia",4.8,95.7,NA,provisional
2024,I,Agroalimentario,25,Industrias agroalimentarias,2511,Industrias agroalimentarias,251121,Otras preparaciones de harina y cereales,NA,NA,443.40,"Alemania, Francia, Italia",8.1,"Alemania, Francia, Italia",8.1,"Francia, Alemania, Portugal",-4.5,"Francia, Alemania, Portugal",-4.5,88.7,NA,provisional
2024,I,Agroalimentario,25,Industrias agroalimentarias,2511,Industrias agroalimentarias,251122,Salsas y sopas,NA,NA,362.99,"Alemania, Francia, Italia",8.1,"Alemania, Francia, Italia",8.1,"Italia, Alemania, Países Bajos",8.9,"Italia, Alemania, Países Bajos",8.9,82.2,NA,provisional
2024,I,Agroalimentario,25,Industrias agroalimentarias,2511,Industrias agroalimentarias,251123,Helados,NA,NA,279.06,"Alemania, Francia, Italia",8.1,"Alemania, Francia, Italia",8.1,"Francia, Alemania, Italia",7.1,"Francia, Alemania, Italia",7.1,96.6,NA,provisional
2024,I,Agroalimentario,25,Industrias agroalimentarias,2511,Industrias agroalimentarias,251124,Batidos y postres lácteos,NA,NA,296.80,"Alemania, Francia, Italia",8.1,"Alemania, Francia, Italia",8.1,"Alemania, Francia, Países Bajos",8.9,"Alemania, Francia, Países Bajos",8.9,98.8,NA,provisional
2024,I,Agroalimentario,AR,Otros productos agrícolas,AARR,Otros productos agrícolas,RESTO,Otros productos agrícolas sin rúbrica propia,NA,NA,266.63,"China, Francia, Portugal",-23.9,"China, Francia, Portugal",-23.9,"China, Francia, Portugal",-23.9,"China, Francia, Portugal",-23.9,50.0,NA,provisional
2024,I,Industrial,2,PRODUCTOS ENERGÉTICOS,21,CARBÓN,210,CARBÓN,2100,CARBÓN,950.14,"Estados Unidos, Argelia, Nigeria",-7.1,"Australia, Estados Unidos, Colombia",-38.9,"Australia, Estados Unidos, Colombia",-38.9,"Australia, Estados Unidos, Colombia",-38.9,23.3,23.3,provisional
2024,I,Industrial,2,PRODUCTOS ENERGÉTICOS,22,PETRÓLEO Y DERIVADOS,220,PETRÓLEO Y DERIVADOS,2200,PETRÓLEO Y DERIVADOS,46251.64,"Estados Unidos, Argelia, Nigeria",-7.1,"Estados Unidos, Nigeria, Brasil",0.2,"Estados Unidos, Nigeria, Brasil",0.2,"Estados Unidos, Nigeria, Brasil",0.2,11.6,11.6,provisional
2024,I,Industrial,2,PRODUCTOS ENERGÉTICOS,23,GAS,230,GAS,2300,GAS,9770.15,"Estados Unidos, Argelia, Nigeria",-7.1,"Argelia, Rusia, Estados Unidos",-27.8,"Argelia, Rusia, Estados Unidos",-27.8,"Argelia, Rusia, Estados Unidos",-27.8,1.3,1.3,provisional
2024,I,Industrial,2,PRODUCTOS ENERGÉTICOS,24,CORRIENTE ELÉCTRICA,240,CORRIENTE ELÉCTRICA,2400,CORRIENTE ELÉCTRICA,1555.84,"Estados Unidos, Argelia, Nigeria",-7.1,"Francia, Portugal, Marruecos",-10.2,"Francia, Portugal, Marruecos",-10.2,"Francia, Portugal, Marruecos",-10.2,98.9,98.9,provisional
2024,I,Industrial,3,MATERIAS PRIMAS,31,MAT. PRIMAS ANIMALES Y VEGETALES,310,MAT. PRIMAS ANIMALES Y VEGETALES,3100,MAT. PRIMAS ANIMALES Y VEGETALES,4134.13,"Francia, Portugal, Perú",6.0,"Francia, Países Bajos, Portugal",3.8,"Francia, Países Bajos, Portugal",3.8,"Francia, Países Bajos, Portugal",3.8,59.3,59.3,provisional
2024,I,Industrial,3,MATERIAS PRIMAS,32,MENAS Y MINERALES,320,MENAS Y MINERALES,3200,MENAS Y MINERALES,8306.15,"Francia, Portugal, Perú",6.0,"Francia, Perú, Portugal",7.1,"Francia, Perú, Portugal",7.1,"Francia, Perú, Portugal",7.1,35.9,35.9,provisional
2024,I,Industrial,4,SEMIMANUFACTURAS,41,METALES NO FERROSOS,410,METALES NO FERROSOS,4100,METALES NO FERROSOS,7330.30,"Alemania, Francia, Estados Unidos",1.0,"Países Bajos, Alemania, Italia",7.7,"Países Bajos, Alemania, Italia",7.7,"Países Bajos, Alemania, Italia",7.7,53.3,53.3,provisional
2024,I,Industrial,4,SEMIMANUFACTURAS,42,HIERRO Y ACERO,420,HIERRO Y ACERO,4200,HIERRO Y ACERO,10952.96,"Alemania, Francia, Estados Unidos",1.0,"Francia, Alemania, Italia",-5.9,"Francia, Alemania, Italia",-5.9,"Francia, Alemania, Italia",-5.9,56.9,56.9,provisional
2024,I,Industrial,4,SEMIMANUFACTURAS,43,PRODUCTOS QUÍMICOS,431,PRODUCTOS QUÍMICOS ORGÁNICOS,4310,PRODUCTOS QUÍMICOS ORGÁNICOS,11291.79,"Alemania, Francia, Estados Unidos",1.0,"Alemania, Estados Unidos, Francia",0.9,"China, Alemania, Francia",-4.4,"China, Alemania, Francia",-4.4,40.8,40.8,provisional
2024,I,Industrial,4,SEMIMANUFACTURAS,43,PRODUCTOS QUÍMICOS,432,PRODUCTOS QUÍMICOS INORGÁNICOS,4320,PRODUCTOS QUÍMICOS INORGÁNICOS,3039.40,"Alemania, Francia, Estados Unidos",1.0,"Alemania, Estados Unidos, Francia",0.9,"Reino Unido, Alemania, Turquía",14.2,"Reino Unido, Alemania, Turquía",14.2,33.3,33.3,provisional
2024,I,Industrial,4,SEMIMANUFACTURAS,43,PRODUCTOS QUÍMICOS,433,MEDICAMENTOS,4330,MEDICAMENTOS,22957.70,"Alemania, Francia, Estados Unidos",1.0,"Alemania, Estados Unidos, Francia",0.9,"Estados Unidos, Alemania, Suiza",3.5,"Estados Unidos, Alemania, Suiza",3.5,50.1,50.1,provisional
2024,I,Industrial,4,SEMIMANUFACTURAS,43,PRODUCTOS QUÍMICOS,434,PLÁSTICOS,4341,MATERIAS PRIMAS PLÁSTICAS,6647.42,"Alemania, Francia, Estados Unidos",1.0,"Alemania, Estados Unidos, Francia",0.9,"Alemania, Francia, Italia",2.6,"Alemania, Francia, Bélgica",1.1,68.9,67.6,provisional
2024,I,Industrial,4,SEMIMANUFACTURAS,43,PRODUCTOS QUÍMICOS,434,PLÁSTICOS,4342,MANUFACTURAS PLÁSTICAS,8245.44,"Alemania, Francia, Estados Unidos",1.0,"Alemania, Estados Unidos, Francia",0.9,"Alemania, Francia, Italia",2.6,"Alemania, Italia, China",4.0,68.9,69.9,provisional
2024,I,Industrial,4,SEMIMANUFACTURAS,43,PRODUCTOS QUÍMICOS,435,ABONOS,4350,ABONOS,1141.19,"Alemania, Francia, Estados Unidos",1.0,"Alemania, Estados Unidos, Francia",0.9,"Egipto, Rusia, Bélgica",-6.8,"Egipto, Rusia, Bélgica",-6.8,43.3,43.3,provisional
2024,I,Industrial,4,SEMIMANUFACTURAS,43,PRODUCTOS QUÍMICOS,436,COLORANTES Y CURTIENTES,4360,COLORANTES Y CURTIENTES,1930.22,"Alemania, Francia, Estados Unidos",1.0,"Alemania, Estados Unidos, Francia",0.9,"Alemania, Francia, Italia",2.4,"Alemania, Francia, Italia",2.4,75.2,75.2,provisional
2024,I,Industrial,4,SEMIMANUFACTURAS,43,PRODUCTOS QUÍMICOS,437,ACEITES ESENCIALES Y PERFUMADOS,4370,ACEITES ESENCIALES Y PERFUMADOS,6411.85,"Alemania, Francia, Estados Unidos",1.0,"Alemania, Estados Unidos, Francia",0.9,"Francia, Italia, Alemania",11.8,"Francia, Italia, Alemania",11.8,84.4,84.4,provisional
2024,I,Industrial,4,SEMIMANUFACTURAS,43,PRODUCTOS QUÍMICOS,438,OTROS PRODUCTOS QUÍMICOS,4380,OTROS PRODUCTOS QUÍMICOS,6404.58,"Alemania, Francia, Estados Unidos",1.0,"Alemania, Estados Unidos, Francia",0.9,"Alemania, Francia, Países Bajos",-14.0,"Alemania, Francia, Países Bajos",-14.0,75.7,75.7,provisional
2024,I,Industrial,4,SEMIMANUFACTURAS,44,OTRAS SEMIMANUFACTURAS,441,PAPEL,4410,PAPEL,4750.53,"Alemania, Francia, Estados Unidos",1.0,"Alemania, Francia, China",4.6,"Alemania, Francia, Italia",4.7,"Alemania, Francia, Italia",4.7,83.0,83.0,provisional
2024,I,Industrial,4,SEMIMANUFACTURAS,44,OTRAS SEMIMANUFACTURAS,442,MATERIAL DE CONSTRUCCIÓN,4421,CAL Y CEMENTO,268.99,"Alemania, Francia, Estados Unidos",1.0,"Alemania, Francia, China",4.6,"China, Italia, Alemania",5.2,"Portugal, Turquía, Italia",6.8,57.6,50.1,provisional
2024,I,Industrial,4,SEMIMANUFACTURAS,44,OTRAS SEMIMANUFACTURAS,442,MATERIAL DE CONSTRUCCIÓN,4422,OTROS MAT. DE CONSTRUCCIÓN,1089.27,"Alemania, Francia, Estados Unidos",1.0,"Alemania, Francia, China",4.6,"China, Italia, Alemania",5.2,"Italia, Alemania, Francia",3.4,57.6,62.7,provisional
2024,I,Industrial,4,SEMIMANUFACTURAS,44,OTRAS SEMIMANUFACTURAS,442,MATERIAL DE CONSTRUCCIÓN,4423,VIDRIO,884.45,"Alemania, Francia, Estados Unidos",1.0,"Alemania, Francia, China",4.6,"China, Italia, Alemania",5.2,"China, Alemania, Francia",7.0,57.6,53.6,provisional
2024,I,Industrial,4,SEMIMANUFACTURAS,44,OTRAS SEMIMANUFACTURAS,443,NEUMÁTICOS Y CÁMARAS,4430,NEUMÁTICOS Y CÁMARAS,2340.05,"Alemania, Francia, Estados Unidos",1.0,"Alemania, Francia, China",4.6,"China, Alemania, Italia",6.2,"China, Alemania, Italia",6.2,59.9,59.9,provisional
2024,I,Industrial,4,SEMIMANUFACTURAS,44,OTRAS SEMIMANUFACTURAS,444,RESTO OTRAS SEMIMANUFACTURAS,4440,RESTO OTRAS SEMIMANUFACTURAS,2941.43,"Alemania, Francia, Estados Unidos",1.0,"Alemania, Francia, China",4.6,"Francia, Portugal, Alemania",2.9,"Francia, Portugal, Alemania",2.9,69.6,69.6,provisional
2024,I,Industrial,5,BIENES DE EQUIPO,51,MAQ. ESPECIFICA CIERTAS INDUSTRIAS,511,MAQUINARIA AGRÍCOLA,5110,MAQUINARIA AGRÍCOLA,1410.82,"China, Alemania, Italia",0.9,"Alemania, China, Italia",2.5,"Alemania, Italia, Francia",-3.1,"Alemania, Italia, Francia",-3.1,82.7,82.7,provisional
2024,I,Industrial,5,BIENES DE EQUIPO,51,MAQ. ESPECIFICA CIERTAS INDUSTRIAS,512,MAQUINARIA OBRAS PUBLICAS,5120,MAQUINARIA OBRAS PUBLICAS,1403.32,"China, Alemania, Italia",0.9,"Alemania, China, Italia",2.5,"Alemania, Italia, Países Bajos",11.7,"Alemania, Italia, Países Bajos",11.7,71.6,71.6,provisional
2024,I,Industrial,5,BIENES DE EQUIPO,51,MAQ. ESPECIFICA CIERTAS INDUSTRIAS,513,MAQUINARIA TEXTIL,5130,MAQUINARIA TEXTIL,258.86,"China, Alemania, Italia",0.9,"Alemania, China, Italia",2.5,"China, Italia, Alemania",-0.7,"China, Italia, Alemania",-0.7,59.5,59.5,provisional
2024,I,Industrial,5,BIENES DE EQUIPO,51,MAQ. ESPECIFICA CIERTAS INDUSTRIAS,514,MAQUINARIA PARA TRABAJAR METAL,5140,MAQUINARIA PARA TRABAJAR METAL,1235.56,"China, Alemania, Italia",0.9,"Alemania, China, Italia",2.5,"Alemania, Italia, China",9.0,"Alemania, Italia, China",9.0,60.3,60.3,provisional
2024,I,Industrial,5,BIENES DE EQUIPO,51,MAQ. ESPECIFICA CIERTAS INDUSTRIAS,515,MAQ. PARA CIERTAS INDUSTRIAS,5150,MAQ. PARA CIERTAS INDUSTRIAS,3252.29,"China, Alemania, Italia",0.9,"Alemania, China, Italia",2.5,"Alemania, Italia, China",5.3,"Alemania, Italia, China",5.3,74.1,74.1,provisional
2024,I,Industrial,5,BIENES DE EQUIPO,51,MAQ. ESPECIFICA CIERTAS INDUSTRIAS,516,MAQ. PARA USO GRAL INDUSTRIA,5160,MAQ. PARA USO GRAL INDUSTRIA,15525.37,"China, Alemania, Italia",0.9,"Alemania, China, Italia",2.5,"Alemania, China, Italia",1.2,"Alemania, China, Italia",1.2,63.8,63.8,provisional
2024,I,Industrial,5,BIENES DE EQUIPO,52,EQUIPO OFICINA Y TELECOMUNIC.,521,EQUIPO DE OFICINA,5210,EQUIPO DE OFICINA,1219.40,"China, Alemania, Italia",0.9,"China, Países Bajos, Italia",-1.1,"China, Alemania, Japón",6.8,"China, Alemania, Japón",6.8,33.7,33.7,provisional
2024,I,Industrial,5,BIENES DE EQUIPO,52,EQUIPO OFICINA Y TELECOMUNIC.,522,MAQ. AUTOMATIZACION DATOS,5220,MAQ. AUTOMATIZACION DATOS,5359.92,"China, Alemania, Italia",0.9,"China, Países Bajos, Italia",-1.1,"China, Países Bajos, Alemania",3.6,"China, Países Bajos, Alemania",3.6,43.1,43.1,provisional
2024,I,Industrial,5,BIENES DE EQUIPO,52,EQUIPO OFICINA Y TELECOMUNIC.,523,EQUIPO TELECOMUNICACIÓN,5230,EQUIPO TELECOMUNICACIÓN,13373.75,"China, Alemania, Italia",0.9,"China, Países Bajos, Italia",-1.1,"China, Italia, Países Bajos",-3.5,"China, Italia, Países Bajos",-3.5,45.7,45.7,provisional
2024,I,Industrial,5,BIENES DE EQUIPO,53,MATERIAL TRANSPORTE,531,MATERIAL FERROVIARIO,5310,MATERIAL FERROVIARIO,815.01,"China, Alemania, Italia",0.9,"Alemania, Francia, Estados Unidos",-2.4,"Francia, Alemania, China",-13.4,"Francia, Alemania, China",-13.4,84.9,84.9,provisional
2024,I,Industrial,5,BIENES DE EQUIPO,53,MATERIAL TRANSPORTE,532,VEHIC. TRANS. MERCANCÍAS CARR.,5320,VEHIC. TRANS. MERCANCÍAS CARR.,6596.36,"China, Alemania, Italia",0.9,"Alemania, Francia, Estados Unidos",-2.4,"Alemania, Francia, Turquía",4.4,"Alemania, Francia, Turquía",4.4,80.2,80.2,provisional
2024,I,Industrial,5,BIENES DE EQUIPO,53,MATERIAL TRANSPORTE,533,BUQUES,5330,BUQUES,653.66,"China, Alemania, Italia",0.9,"Alemania, Francia, Estados Unidos",-2.4,"China, Italia, Francia",7.3,"China, Italia, Francia",7.3,50.3,50.3,provisional
2024,I,Industrial,5,BIENES DE EQUIPO,53,MATERIAL TRANSPORTE,534,AERONAVES,5340,AERONAVES,3849.11,"China, Alemania, Italia",0.9,"Alemania, Francia, Estados Unidos",-2.4,"Estados Unidos, Francia, Alemania",-11.3,"Estados Unidos, Francia, Alemania",-11.3,38.6,38.6,provisional
2024,I,Industrial,5,BIENES DE EQUIPO,54,OTROS BIENES DE EQUIPO,541,EQUIPO GENERADOR DE FUERZA,5410,EQUIPO GENERADOR DE FUERZA,3540.98,"China, Alemania, Italia",0.9,"China, Alemania, Francia",2.0,"Estados Unidos, Reino Unido, Alemania",19.3,"Estados Unidos, Reino Unido, Alemania",19.3,19.9,19.9,provisional
2024,I,Industrial,5,BIENES DE EQUIPO,54,OTROS BIENES DE EQUIPO,542,APARATOS ELÉCTRICOS,5421,MOTORES ELÉCTRICOS,1852.59,"China, Alemania, Italia",0.9,"China, Alemania, Francia",2.0,"China, Alemania, Marruecos",-2.4,"China, Francia, Alemania",2.3,49.5,54.6,provisional
2024,I,Industrial,5,BIENES DE EQUIPO,54,OTROS BIENES DE EQUIPO,542,APARATOS ELÉCTRICOS,5422,TRANSFORMADORES ELÉCTRICOS,2718.59,"China, Alemania, Italia",0.9,"China, Alemania, Francia",2.0,"China, Alemania, Marruecos",-2.4,"China, Alemania, Italia",-2.2,49.5,42.0,provisional
2024,I,Industrial,5,BIENES DE EQUIPO,54,OTROS BIENES DE EQUIPO,542,APARATOS ELÉCTRICOS,5423,OTROS APARATOS ELÉCTRICOS,16392.28,"China, Alemania, Italia",0.9,"China, Alemania, Francia",2.0,"China, Alemania, Marruecos",-2.4,"China, Marruecos, Alemania",-3.0,49.5,50.2,provisional
2024,I,Industrial,5,BIENES DE EQUIPO,54,OTROS BIENES DE EQUIPO,543,APARATOS DE PRECISIÓN,5430,APARATOS DE PRECISIÓN,7289.21,"China, Alemania, Italia",0.9,"China, Alemania, Francia",2.0,"Alemania, Estados Unidos, China",0.8,"Alemania, Estados Unidos, China",0.8,57.9,57.9,provisional
2024,I,Industrial,5,BIENES DE EQUIPO,54,OTROS BIENES DE EQUIPO,544,RESTO BIENES DE EQUIPO,5440,RESTO BIENES DE EQUIPO,9408.14,"China, Alemania, Italia",0.9,"China, Alemania, Francia",2.0,"China, Alemania, Italia",8.3,"China, Alemania, Italia",8.3,62.1,62.1,provisional
2024,I,Industrial,6,SECTOR AUTOMÓVIL,61,AUTOMÓVILES Y MOTOS,610,AUTOMÓVILES Y MOTOS,6100,AUTOMÓVILES Y MOTOS,24498.52,"Alemania, Francia, China",-0.9,"Alemania, China, Japón",1.1,"Alemania, China, Japón",1.1,"Alemania, China, Japón",1.1,58.0,58.0,provisional
2024,I,Industrial,6,SECTOR AUTOMÓVIL,62,COMPONENTES DEL AUTOMÓVIL,620,COMPONENTES DEL AUTOMÓVIL,6200,COMPONENTES DEL AUTOMÓVIL,20124.15,"Alemania, Francia, China",-0.9,"Alemania, Francia, Italia",-3.2,"Alemania, Francia, Italia",-3.2,"Alemania, Francia, Italia",-3.2,82.5,82.5,provisional
2024,I,Industrial,7,BIENES DE CONSUMO DURADERO,71,ELECTRODOMÉSTICOS,710,ELECTRODOMÉSTICOS,7100,ELECTRODOMÉSTICOS,3673.89,"China, Polonia, Alemania",6.1,"China, Turquía, Alemania",6.2,"China, Turquía, Alemania",6.2,"China, Turquía, Alemania",6.2,34.8,34.8,provisional
2024,I,Industrial,7,BIENES DE CONSUMO DURADERO,72,ELECTRÓNICA DE CONSUMO,720,ELECTRÓNICA DE CONSUMO,7200,ELECTRÓNICA DE CONSUMO,2031.96,"China, Polonia, Alemania",6.1,"China, Polonia, Eslovaquia",6.0,"China, Polonia, Eslovaquia",6.0,"China, Polonia, Eslovaquia",6.0,61.2,61.2,provisional
2024,I,Industrial,7,BIENES DE CONSUMO DURADERO,73,MUEBLES,730,MUEBLES,7300,MUEBLES,4169.59,"China, Polonia, Alemania",6.1,"China, Portugal, Marruecos",7.3,"China, Portugal, Marruecos",7.3,"China, Portugal, Marruecos",7.3,53.0,53.0,provisional
2024,I,Industrial,7,BIENES DE CONSUMO DURADERO,74,OTROS BIENES CONSUMO DURADERO,740,OTROS BIENES CONSUMO DURADERO,7400,OTROS BIENES CONSUMO DURADERO,1007.20,"China, Polonia, Alemania",6.1,"China, Italia, Alemania",0.9,"China, Italia, Alemania",0.9,"China, Italia, Alemania",0.9,37.5,37.5,provisional
2024,I,Industrial,8,MANUFACTURAS DE CONSUMO,81,TEXTILES Y CONFECCIÓN,811,FIBRAS TEXTILES,8110,FIBRAS TEXTILES,449.83,"China, Bangladesh, Italia",3.3,"China, Bangladesh, Turquía",4.0,"Turquía, Austria, China",3.0,"Turquía, Austria, China",3.0,37.0,37.0,provisional
2024,I,Industrial,8,MANUFACTURAS DE CONSUMO,81,TEXTILES Y CONFECCIÓN,812,HILADOS,8120,HILADOS,619.43,"China, Bangladesh, Italia",3.3,"China, Bangladesh, Turquía",4.0,"China, Turquía, Italia",-1.8,"China, Turquía, Italia",-1.8,44.8,44.8,provisional
2024,I,Industrial,8,MANUFACTURAS DE CONSUMO,81,TEXTILES Y CONFECCIÓN,813,TEJIDOS,8130,TEJIDOS,1634.65,"China, Bangladesh, Italia",3.3,"China, Bangladesh, Turquía",4.0,"China, Italia, Turquía",10.2,"China, Italia, Turquía",10.2,34.3,34.3,provisional
2024,I,Industrial,8,MANUFACTURAS DE CONSUMO,81,TEXTILES Y CONFECCIÓN,814,VESTUARIO,8141,ROPA DE PUNTO,3368.10,"China, Bangladesh, Italia",3.3,"China, Bangladesh, Turquía",4.0,"China, Bangladesh, Turquía",3.9,"China, Bangladesh, Camboya",5.3,18.1,15.8,provisional
2024,I,Industrial,8,MANUFACTURAS DE CONSUMO,81,TEXTILES Y CONFECCIÓN,814,VESTUARIO,8142,ROPA NO DE PUNTO,8757.56,"China, Bangladesh, Italia",3.3,"China, Bangladesh, Turquía",4.0,"China, Bangladesh, Turquía",3.9,"Bangladesh, Marruecos, China",3.7,18.1,15.5,provisional
2024,I,Industrial,8,MANUFACTURAS DE CONSUMO,81,TEXTILES Y CONFECCIÓN,814,VESTUARIO,8143,RESTO DE PRENDAS,8595.87,"China, Bangladesh, Italia",3.3,"China, Bangladesh, Turquía",4.0,"China, Bangladesh, Turquía",3.9,"China, Bangladesh, Turquía",3.5,18.1,21.7,provisional
2024,I,Industrial,8,MANUFACTURAS DE CONSUMO,81,TEXTILES Y CONFECCIÓN,815,RESTO TEXTILES,8150,RESTO TEXTILES,2530.29,"China, Bangladesh, Italia",3.3,"China, Bangladesh, Turquía",4.0,"China, Pakistán, Alemania",3.1,"China, Pakistán, Alemania",3.1,40.2,40.2,provisional
2024,I,Industrial,8,MANUFACTURAS DE CONSUMO,82,CALZADO,820,CALZADO,8200,CALZADO,5006.61,"China, Bangladesh, Italia",3.3,"China, Vietnam, Italia",6.1,"China, Vietnam, Italia",6.1,"China, Vietnam, Italia",6.1,30.7,30.7,provisional
2024,I,Industrial,8,MANUFACTURAS DE CONSUMO,83,JUGUETES,830,JUGUETES,8300,JUGUETES,3196.01,"China, Bangladesh, Italia",3.3,"China, Alemania, Países Bajos",-14.2,"China, Alemania, Países Bajos",-14.2,"China, Alemania, Países Bajos",-14.2,34.2,34.2,provisional
2024,I,Industrial,8,MANUFACTURAS DE CONSUMO,84,ALFARERÍA,840,ALFARERÍA,8400,ALFARERÍA,223.73,"China, Bangladesh, Italia",3.3,"China, Portugal, Alemania",13.6,"China, Portugal, Alemania",13.6,"China, Portugal, Alemania",13.6,48.3,48.3,provisional
2024,I,Industrial,8,MANUFACTURAS DE CONSUMO,85,JOYERÍA Y RELOJES,850,JOYERÍA Y RELOJES,8500,JOYERÍA Y RELOJES,2021.53,"China, Bangladesh, Italia",3.3,"Suiza, China, Italia",17.4,"Suiza, China, Italia",17.4,"Suiza, China, Italia",17.4,31.8,31.8,provisional
2024,I,Industrial,8,MANUFACTURAS DE CONSUMO,86,CUERO Y MANUFACTURAS DEL CUERO,860,CUERO Y MANUFACTURAS DEL CUERO,8600,CUERO Y MANUFACTURAS DEL CUERO,459.71,"China, Bangladesh, Italia",3.3,"Italia, China, Portugal",-4.8,"Italia, China, Portugal",-4.8,"Italia, China, Portugal",-4.8,65.9,65.9,provisional
2024,I,Industrial,8,MANUFACTURAS DE CONSUMO,87,OTRAS MANUFACTURAS DE CONSUMO,870,OTRAS MANUFACTURAS DE CONSUMO,8700,OTRAS MANUFACTURAS DE CONSUMO,10335.93,"China, Bangladesh, Italia",3.3,"China, Francia, Alemania",4.5,"China, Francia, Alemania",4.5,"China, Francia, Alemania",4.5,47.5,47.5,provisional
2025,E,Agroalimentario,11,Sectores Cárnicos,1111,Bovino,111111,Animales vivos de bovinos,NA,NA,234.09,"Francia, Portugal, Italia",2.6,"Portugal, Italia, Francia",19.4,"Marruecos, Portugal, Líbano",-10.7,"Marruecos, Portugal, Líbano",-10.7,40.2,NA,provisional
2025,E,Agroalimentario,11,Sectores Cárnicos,1111,Bovino,111112,Carne fresca o refrigerada de bovino,NA,NA,1498.75,"Francia, Portugal, Italia",2.6,"Portugal, Italia, Francia",19.4,"Portugal, Italia, Argelia",28.0,"Portugal, Italia, Argelia",28.0,84.3,NA,provisional
2025,E,Agroalimentario,11,Sectores Cárnicos,1111,Bovino,111113,Carne congelada de bovino,NA,NA,252.73,"Francia, Portugal, Italia",2.6,"Portugal, Italia, Francia",19.4,"Portugal, Francia, Marruecos",15.9,"Portugal, Francia, Marruecos",15.9,82.6,NA,provisional
2025,E,Agroalimentario,11,Sectores Cárnicos,1111,Bovino,111114,Preparaciones y despojos de bovino,NA,NA,46.49,"Francia, Portugal, Italia",2.6,"Portugal, Italia, Francia",19.4,"Francia, Portugal, Reino Unido",3.2,"Francia, Portugal, Reino Unido",3.2,77.9,NA,provisional
2025,E,Agroalimentario,11,Sectores Cárnicos,1111,Bovino,111115,Despojos de bovino,NA,NA,80.27,"Francia, Portugal, Italia",2.6,"Portugal, Italia, Francia",19.4,"Portugal, Francia, Italia",10.0,"Portugal, Francia, Italia",10.0,69.7,NA,provisional
2025,E,Agroalimentario,11,Sectores Cárnicos,1112,Ovino-caprino,111211,Animales vivos de ovino-caprino,NA,NA,189.71,"Francia, Portugal, Italia",2.6,"Argelia, Francia, Italia",7.6,"Argelia, Marruecos, Alemania",-18.6,"Argelia, Marruecos, Alemania",-18.6,33.3,NA,provisional
2025,E,Agroalimentario,11,Sectores Cárnicos,1112,Ovino-caprino,111212,Carne de ovino-caprino,NA,NA,414.79,"Francia, Portugal, Italia",2.6,"Argelia, Francia, Italia",7.6,"Francia, Argelia, Italia",25.6,"Francia, Argelia, Italia",25.6,59.8,NA,provisional
2025,E,Agroalimentario,11,Sectores Cárnicos,1112,Ovino-caprino,111213,Preparaciones de ovino-caprino,NA,NA,3.87,"Francia, Portugal, Italia",2.6,"Argelia, Francia, Italia",7.6,"Francia, Países Bajos, Portugal",30.0,"Francia, Países Bajos, Portugal",30.0,77.1,NA,provisional
2025,E,Agroalimentario,11,Sectores Cárnicos,1112,Ovino-caprino,111214,Despojos,NA,NA,16.98,"Francia, Portugal, Italia",2.6,"Argelia, Francia, Italia",7.6,"Grecia, Italia, Francia",12.1,"Grecia, Italia, Francia",12.1,95.0,NA,provisional
2025,E,Agroalimentario,11,Sectores Cárnicos,1113,Porcino,111311,Animales vivos de porcino,NA,NA,210.37,"Francia, Portugal, Italia",2.6,"Francia, China, Italia",-3.3,"Portugal, Italia, Alemania",3.1,"Portugal, Italia, Alemania",3.1,99.9,NA,provisional
2025,E,Agroalimentario,11,Sectores Cárnicos,1113,Porcino,111312,Carne fresca y refrigerada de porcino,NA,NA,2975.80,"Francia, Portugal, Italia",2.6,"Francia, China, Italia",-3.3,"Italia, Francia, Rumanía",-8.5,"Italia, Francia, Rumanía",-8.5,94.0,NA,provisional
2025,E,Agroalimentario,11,Sectores Cárnicos,1113,Porcino,111313,Carne congelada de porcino,NA,NA,2769.97,"Francia, Portugal, Italia",2.6,"Francia, China, Italia",-3.3,"Japón, China, Corea del Sur",-2.8,"Japón, China, Corea del Sur",-2.8,21.9,NA,provisional
2025,E,Agroalimentario,11,Sectores Cárnicos,1113,Porcino,111314,Tocino de porcino,NA,NA,139.75,"Francia, Portugal, Italia",2.6,"Francia, China, Italia",-3.3,"Filipinas, Vietnam, Alemania",-5.8,"Filipinas, Vietnam, Alemania",-5.8,37.5,NA,provisional
2025,E,Agroalimentario,11,Sectores Cárnicos,1113,Porcino,111315,Jamones y paleta de porcino,NA,NA,806.51,"Francia, Portugal, Italia",2.6,"Francia, China, Italia",-3.3,"Francia, Alemania, Portugal",5.1,"Francia, Alemania, Portugal",5.1,65.0,NA,provisional
2025,E,Agroalimentario,11,Sectores Cárnicos,1113,Porcino,111316,Preparaciones de porcino,NA,NA,996.26,"Francia, Portugal, Italia",2.6,"Francia, China, Italia",-3.3,"Francia, Reino Unido, Portugal",4.7,"Francia, Reino Unido, Portugal",4.7,69.6,NA,provisional
2025,E,Agroalimentario,11,Sectores Cárnicos,1113,Porcino,111317,Despojos de porcino,NA,NA,769.82,"Francia, Portugal, Italia",2.6,"Francia, China, Italia",-3.3,"China, Filipinas, Francia",-2.8,"China, Filipinas, Francia",-2.8,9.8,NA,provisional
2025,E,Agroalimentario,11,Sectores Cárnicos,1114,Aves y huevos,111411,Animales vivos de aves,NA,NA,124.76,"Francia, Portugal, Italia",2.6,"Portugal, Francia, Reino Unido",19.0,"Portugal, Argelia, Marruecos",12.7,"Portugal, Argelia, Marruecos",12.7,28.6,NA,provisional
2025,E,Agroalimentario,11,Sectores Cárnicos,1114,Aves y huevos,111412,Carne de aves,NA,NA,629.53,"Francia, Portugal, Italia",2.6,"Portugal, Francia, Reino Unido",19.0,"Portugal, Francia, Alemania",23.2,"Portugal, Francia, Alemania",23.2,77.3,NA,provisional
2025,E,Agroalimentario,11,Sectores Cárnicos,1114,Aves y huevos,111413,Huevos y Ovoproductos,NA,NA,390.75,"Francia, Portugal, Italia",2.6,"Portugal, Francia, Reino Unido",19.0,"Francia, Portugal, Países Bajos",20.7,"Francia, Portugal, Países Bajos",20.7,78.5,NA,provisional
2025,E,Agroalimentario,11,Sectores Cárnicos,1114,Aves y huevos,111414,Preparados de aves,NA,NA,198.50,"Francia, Portugal, Italia",2.6,"Portugal, Francia, Reino Unido",19.0,"Portugal, Reino Unido, Francia",8.3,"Portugal, Reino Unido, Francia",8.3,78.2,NA,provisional
2025,E,Agroalimentario,11,Sectores Cárnicos,1115,Otros animales,111511,Otros animales vivos,NA,NA,92.50,"Francia, Portugal, Italia",2.6,"Italia, Países Bajos, Francia",10.1,"Países Bajos, Emiratos Árabes Unidos, Francia",18.8,"Países Bajos, Emiratos Árabes Unidos, Francia",18.8,50.6,NA,provisional
2025,E,Agroalimentario,11,Sectores Cárnicos,1115,Otros animales,111512,Carne de otros animales,NA,NA,119.17,"Francia, Portugal, Italia",2.6,"Italia, Países Bajos, Francia",10.1,"Italia, Alemania, Portugal",4.2,"Italia, Alemania, Portugal",4.2,91.9,NA,provisional
2025,E,Agroalimentario,12,Lácteos,1211,Lácteos,121111,Leche,NA,NA,429.91,"Portugal, Francia, Italia",1.3,"Portugal, Francia, Italia",1.3,"Portugal, Francia, Países Bajos",-7.1,"Portugal, Francia, Países Bajos",-7.1,61.3,NA,provisional
2025,E,Agroalimentario,12,Lácteos,1211,Lácteos,121112,Mantequilla,NA,NA,119.18,"Portugal, Francia, Italia",1.3,"Portugal, Francia, Italia",1.3,"Italia, Francia, Bélgica",13.3,"Italia, Francia, Bélgica",13.3,84.6,NA,provisional
2025,E,Agroalimentario,12,Lácteos,1211,Lácteos,121113,Quesos,NA,NA,878.81,"Portugal, Francia, Italia",1.3,"Portugal, Francia, Italia",1.3,"Francia, Portugal, Italia",4.6,"Francia, Portugal, Italia",4.6,65.4,NA,provisional
2025,E,Agroalimentario,12,Lácteos,1211,Lácteos,121114,Yogures y lactosueros,NA,NA,443.80,"Portugal, Francia, Italia",1.3,"Portugal, Francia, Italia",1.3,"Portugal, Francia, Italia",0.9,"Portugal, Francia, Italia",0.9,72.5,NA,provisional
2025,E,Agroalimentario,13,Pesca,1311,Pesca,131111,Peces vivos,NA,NA,40.68,"Italia, Portugal, Francia",7.8,"Italia, Portugal, Francia",7.8,"Francia, Italia, Portugal",22.9,"Francia, Italia, Portugal",22.9,89.6,NA,provisional
2025,E,Agroalimentario,13,Pesca,1311,Pesca,131112,Pescado fresco,NA,NA,879.75,"Italia, Portugal, Francia",7.8,"Italia, Portugal, Francia",7.8,"Portugal, Italia, Francia",9.6,"Portugal, Italia, Francia",9.6,80.9,NA,provisional
2025,E,Agroalimentario,13,Pesca,1311,Pesca,131112,Pescado fresco,1311121,Merluza fresca,25.52,"Italia, Portugal, Francia",7.8,"Italia, Portugal, Francia",7.8,"Portugal, Italia, Francia",9.6,"Portugal, Francia, Italia",13.3,80.9,93.0,provisional
2025,E,Agroalimentario,13,Pesca,1311,Pesca,131112,Pescado fresco,1311122,Atún fresco,111.61,"Italia, Portugal, Francia",7.8,"Italia, Portugal, Francia",7.8,"Portugal, Italia, Francia",9.6,"Estados Unidos, China, Portugal",-6.5,80.9,25.2,provisional
2025,E,Agroalimentario,13,Pesca,1311,Pesca,131112,Pescado fresco,1311123,Bacalao fresco,3.83,"Italia, Portugal, Francia",7.8,"Italia, Portugal, Francia",7.8,"Portugal, Italia, Francia",9.6,"Portugal, Italia, Polonia",32.1,80.9,98.4,provisional
2025,E,Agroalimentario,13,Pesca,1311,Pesca,131112,Pescado fresco,1311124,Rape fresco,4.71,"Italia, Portugal, Francia",7.8,"Italia, Portugal, Francia",7.8,"Portugal, Italia, Francia",9.6,"Portugal, Italia, Francia",1.3,80.9,95.8,provisional
2025,E,Agroalimentario,13,Pesca,1311,Pesca,131112,Pescado fresco,1311125,Otro pescado fresco,734.07,"Italia, Portugal, Francia",7.8,"Italia, Portugal, Francia",7.8,"Portugal, Italia, Francia",9.6,"Portugal, Italia, Francia",12.3,80.9,88.8,provisional
2025,E,Agroalimentario,13,Pesca,1311,Pesca,131113,Pescado congelado,NA,NA,1347.35,"Italia, Portugal, Francia",7.8,"Italia, Portugal, Francia",7.8,"Italia, Portugal, China",16.7,"Italia, Portugal, China",16.7,55.4,NA,provisional
2025,E,Agroalimentario,13,Pesca,1311,Pesca,131113,Pescado congelado,1311131,Atún congelado,304.59,"Italia, Portugal, Francia",7.8,"Italia, Portugal, Francia",7.8,"Italia, Portugal, China",16.7,"Ecuador, Mauricio, Portugal",12.5,55.4,22.0,provisional
2025,E,Agroalimentario,13,Pesca,1311,Pesca,131113,Pescado congelado,1311132,Merluza congelada (entera y filetes),230.19,"Italia, Portugal, Francia",7.8,"Italia, Portugal, Francia",7.8,"Italia, Portugal, China",16.7,"Portugal, Italia, Ucrania",6.5,55.4,66.6,provisional
2025,E,Agroalimentario,13,Pesca,1311,Pesca,131113,Pescado congelado,1311133,Otro pescado congelado,812.56,"Italia, Portugal, Francia",7.8,"Italia, Portugal, Francia",7.8,"Italia, Portugal, China",16.7,"Italia, Portugal, China",21.7,55.4,64.8,provisional
2025,E,Agroalimentario,13,Pesca,1311,Pesca,131114,"Moluscos, crustáceos y otros invertebrados acuáticos",NA,NA,1756.84,"Italia, Portugal, Francia",7.8,"Italia, Portugal, Francia",7.8,"Italia, Portugal, Francia",2.7,"Italia, Portugal, Francia",2.7,85.0,NA,provisional
2025,E,Agroalimentario,13,Pesca,1311,Pesca,131114,"Moluscos, crustáceos y otros invertebrados acuáticos",1311141,Mejillón,65.54,"Italia, Portugal, Francia",7.8,"Italia, Portugal, Francia",7.8,"Italia, Portugal, Francia",2.7,"Italia, Francia, Portugal",8.7,85.0,97.1,provisional
2025,E,Agroalimentario,13,Pesca,1311,Pesca,131114,"Moluscos, crustáceos y otros invertebrados acuáticos",1311142,Calamar y sepia,625.71,"Italia, Portugal, Francia",7.8,"Italia, Portugal, Francia",7.8,"Italia, Portugal, Francia",2.7,"Italia, Portugal, Francia",3.1,85.0,84.4,provisional
2025,E,Agroalimentario,13,Pesca,1311,Pesca,131114,"Moluscos, crustáceos y otros invertebrados acuáticos",1311143,Pulpo,474.88,"Italia, Portugal, Francia",7.8,"Italia, Portugal, Francia",7.8,"Italia, Portugal, Francia",2.7,"Italia, Portugal, Estados Unidos",10.1,85.0,72.6,provisional
2025,E,Agroalimentario,13,Pesca,1311,Pesca,131114,"Moluscos, crustáceos y otros invertebrados acuáticos",1311144,Langostino y gamba,406.34,"Italia, Portugal, Francia",7.8,"Italia, Portugal, Francia",7.8,"Italia, Portugal, Francia",2.7,"Portugal, Italia, Francia",-5.2,85.0,94.3,provisional
2025,E,Agroalimentario,13,Pesca,1311,Pesca,131114,"Moluscos, crustáceos y otros invertebrados acuáticos",1311145,Almeja y ostra,84.05,"Italia, Portugal, Francia",7.8,"Italia, Portugal, Francia",7.8,"Italia, Portugal, Francia",2.7,"Italia, Francia, Alemania",6.3,85.0,98.2,provisional
2025,E,Agroalimentario,13,Pesca,1311,Pesca,131114,"Moluscos, crustáceos y otros invertebrados acuáticos",1311146,Otros moluscos y crustáceos,100.32,"Italia, Portugal, Francia",7.8,"Italia, Portugal, Francia",7.8,"Italia, Portugal, Francia",2.7,"Italia, Portugal, Francia",-4.0,85.0,90.5,provisional
2025,E,Agroalimentario,13,Pesca,1311,Pesca,131115,Los demás preparados de productos de la pesca,NA,NA,112.76,"Italia, Portugal, Francia",7.8,"Italia, Portugal, Francia",7.8,"Portugal, Italia, Francia",-7.1,"Portugal, Italia, Francia",-7.1,80.8,NA,provisional
2025,E,Agroalimentario,13,Pesca,1311,Pesca,131116,Conservas de pescados,NA,NA,1223.65,"Italia, Portugal, Francia",7.8,"Italia, Portugal, Francia",7.8,"Italia, Francia, Portugal",8.0,"Italia, Francia, Portugal",8.0,87.1,NA,provisional
2025,E,Agroalimentario,13,Pesca,1311,Pesca,131116,Conservas de pescados,1311161,Atún y bonito en conserva,809.87,"Italia, Portugal, Francia",7.8,"Italia, Portugal, Francia",7.8,"Italia, Francia, Portugal",8.0,"Italia, Francia, Portugal",4.4,87.1,91.3,provisional
2025,E,Agroalimentario,13,Pesca,1311,Pesca,131116,Conservas de pescados,1311162,Anchoa en conserva,61.86,"Italia, Portugal, Francia",7.8,"Italia, Portugal, Francia",7.8,"Italia, Francia, Portugal",8.0,"Italia, Reino Unido, Estados Unidos",1.9,87.1,54.1,provisional
2025,E,Agroalimentario,13,Pesca,1311,Pesca,131116,Conservas de pescados,1311163,Sardina y caballa en conserva,60.72,"Italia, Portugal, Francia",7.8,"Italia, Portugal, Francia",7.8,"Italia, Francia, Portugal",8.0,"Francia, Estados Unidos, Portugal",81.8,87.1,67.8,provisional
2025,E,Agroalimentario,13,Pesca,1311,Pesca,131116,Conservas de pescados,1311165,Otras conservas de pescado,291.20,"Italia, Portugal, Francia",7.8,"Italia, Portugal, Francia",7.8,"Italia, Francia, Portugal",8.0,"Italia, Portugal, Francia",10.5,87.1,86.3,provisional
2025,E,Agroalimentario,13,Pesca,1311,Pesca,131117,Conservas de moluscos y crustáceos,NA,NA,379.39,"Italia, Portugal, Francia",7.8,"Italia, Portugal, Francia",7.8,"Francia, Estados Unidos, Italia",2.8,"Francia, Estados Unidos, Italia",2.8,70.8,NA,provisional
2025,E,Agroalimentario,13,Pesca,1311,Pesca,131117,Conservas de moluscos y crustáceos,1311171,Mejillón en conserva,48.16,"Italia, Portugal, Francia",7.8,"Italia, Portugal, Francia",7.8,"Francia, Estados Unidos, Italia",2.8,"Francia, Italia, Estados Unidos",6.4,70.8,76.5,provisional
2025,E,Agroalimentario,13,Pesca,1311,Pesca,131117,Conservas de moluscos y crustáceos,1311172,"Almeja, berberecho y arca en conserva",7.47,"Italia, Portugal, Francia",7.8,"Italia, Portugal, Francia",7.8,"Francia, Estados Unidos, Italia",2.8,"Portugal, Italia, Estados Unidos",6.1,70.8,76.6,provisional
2025,E,Agroalimentario,13,Pesca,1311,Pesca,131117,Conservas de moluscos y crustáceos,1311174,Pulpo en conserva,124.65,"Italia, Portugal, Francia",7.8,"Italia, Portugal, Francia",7.8,"Francia, Estados Unidos, Italia",2.8,"Estados Unidos, Italia, Francia",1.8,70.8,55.9,provisional
2025,E,Agroalimentario,13,Pesca,1311,Pesca,131117,Conservas de moluscos y crustáceos,1311175,Sepia y calamar en conserva,140.94,"Italia, Portugal, Francia",7.8,"Italia, Portugal, Francia",7.8,"Francia, Estados Unidos, Italia",2.8,"Francia, Estados Unidos, Italia",4.8,70.8,75.6,provisional
2025,E,Agroalimentario,13,Pesca,1311,Pesca,131117,Conservas de moluscos y crustáceos,1311176,Otras conservas de moluscos y crustáceos,58.16,"Italia, Portugal, Francia",7.8,"Italia, Portugal, Francia",7.8,"Francia, Estados Unidos, Italia",2.8,"Italia, Francia, Portugal",-2.4,70.8,85.5,provisional
2025,E,Agroalimentario,14,Cereales y productos de molinera,1411,Cereales,141111,Trigo,NA,NA,75.58,"Portugal, Francia, Reino Unido",-5.8,"Portugal, Francia, Reino Unido",-5.8,"Túnez, Portugal, Italia",-54.3,"Túnez, Portugal, Italia",-54.3,47.6,NA,provisional
2025,E,Agroalimentario,14,Cereales y productos de molinera,1411,Cereales,141112,Cebada,NA,NA,22.07,"Portugal, Francia, Reino Unido",-5.8,"Portugal, Francia, Reino Unido",-5.8,"Portugal, Francia, Bélgica",40.1,"Portugal, Francia, Bélgica",40.1,98.5,NA,provisional
2025,E,Agroalimentario,14,Cereales y productos de molinera,1411,Cereales,141113,Maíz,NA,NA,100.04,"Portugal, Francia, Reino Unido",-5.8,"Portugal, Francia, Reino Unido",-5.8,"Francia, Portugal, Reino Unido",-15.9,"Francia, Portugal, Reino Unido",-15.9,69.9,NA,provisional
2025,E,Agroalimentario,14,Cereales y productos de molinera,1411,Cereales,141114,Arroz,NA,NA,193.94,"Portugal, Francia, Reino Unido",-5.8,"Portugal, Francia, Reino Unido",-5.8,"Portugal, Francia, Reino Unido",14.7,"Portugal, Francia, Reino Unido",14.7,74.5,NA,provisional
2025,E,Agroalimentario,14,Cereales y productos de molinera,1411,Cereales,141115,Otros cereales,NA,NA,26.41,"Portugal, Francia, Reino Unido",-5.8,"Portugal, Francia, Reino Unido",-5.8,"Portugal, Francia, Italia",2.3,"Portugal, Francia, Italia",2.3,89.0,NA,provisional
2025,E,Agroalimentario,14,Cereales y productos de molinera,1411,Cereales,141116,Harina de trigo,NA,NA,58.19,"Portugal, Francia, Reino Unido",-5.8,"Portugal, Francia, Reino Unido",-5.8,"Portugal, Francia, Italia",37.6,"Portugal, Francia, Italia",37.6,88.9,NA,provisional
2025,E,Agroalimentario,14,Cereales y productos de molinera,1411,Cereales,141117,Otras harinas,NA,NA,28.46,"Portugal, Francia, Reino Unido",-5.8,"Portugal, Francia, Reino Unido",-5.8,"Francia, Omán, Portugal",1.8,"Francia, Omán, Portugal",1.8,66.9,NA,provisional
2025,E,Agroalimentario,14,Cereales y productos de molinera,1411,Cereales,141118,Malta,NA,NA,23.25,"Portugal, Francia, Reino Unido",-5.8,"Portugal, Francia, Reino Unido",-5.8,"Portugal, R. D. del Congo, Burkina Faso",-48.9,"Portugal, R. D. del Congo, Burkina Faso",-48.9,67.8,NA,provisional
2025,E,Agroalimentario,14,Cereales y productos de molinera,1411,Cereales,141119,Almidón,NA,NA,63.32,"Portugal, Francia, Reino Unido",-5.8,"Portugal, Francia, Reino Unido",-5.8,"Francia, Portugal, Reino Unido",-12.7,"Francia, Portugal, Reino Unido",-12.7,88.0,NA,provisional
2025,E,Agroalimentario,14,Cereales y productos de molinera,1411,Cereales,141120,Grañones y sémola de trigo,NA,NA,42.07,"Portugal, Francia, Reino Unido",-5.8,"Portugal, Francia, Reino Unido",-5.8,"Francia, Mali, Costa de Marfil",5.4,"Francia, Mali, Costa de Marfil",5.4,62.3,NA,provisional
2025,E,Agroalimentario,14,Cereales y productos de molinera,1411,Cereales,141121,Otros productos de cereales,NA,NA,199.47,"Portugal, Francia, Reino Unido",-5.8,"Portugal, Francia, Reino Unido",-5.8,"Francia, Portugal, Alemania",24.0,"Francia, Portugal, Alemania",24.0,68.7,NA,provisional
2025,E,Agroalimentario,15,Industrias alimentarias y piensos,1511,Industrias alimentarias,151111,Residuos de productos alimentarios,NA,NA,427.94,"Francia, Portugal, Italia",7.1,"Francia, Portugal, Italia",7.1,"Francia, Portugal, Italia",-1.3,"Francia, Portugal, Italia",-1.3,77.9,NA,provisional
2025,E,Agroalimentario,15,Industrias alimentarias y piensos,1511,Industrias alimentarias,151112,Piensos,NA,NA,1465.81,"Francia, Portugal, Italia",7.1,"Francia, Portugal, Italia",7.1,"Portugal, Francia, Italia",9.9,"Portugal, Francia, Italia",9.9,64.8,NA,provisional
2025,E,Agroalimentario,16,Flores y plantas,1611,Flores y plantas,161111,Flores y plantas,NA,NA,742.83,"Francia, Países Bajos, Portugal",6.1,"Francia, Países Bajos, Portugal",6.1,"Francia, Países Bajos, Portugal",6.1,"Francia, Países Bajos, Portugal",6.1,77.1,NA,provisional
2025,E,Agroalimentario,17,Hortalizas y legumbres,1711,Hortalizas y legumbres,171111,Tomate,NA,NA,1052.53,"Alemania, Reino Unido, Francia",1.6,"Alemania, Reino Unido, Francia",1.6,"Alemania, Reino Unido, Francia",-4.3,"Alemania, Reino Unido, Francia",-4.3,81.9,NA,provisional
2025,E,Agroalimentario,17,Hortalizas y legumbres,1711,Hortalizas y legumbres,171112,Pimiento,NA,NA,1767.95,"Alemania, Reino Unido, Francia",1.6,"Alemania, Reino Unido, Francia",1.6,"Alemania, Reino Unido, Francia",6.1,"Alemania, Reino Unido, Francia",6.1,82.6,NA,provisional
2025,E,Agroalimentario,17,Hortalizas y legumbres,1711,Hortalizas y legumbres,171113,Pepino,NA,NA,1185.44,"Alemania, Reino Unido, Francia",1.6,"Alemania, Reino Unido, Francia",1.6,"Alemania, Reino Unido, Países Bajos",20.9,"Alemania, Reino Unido, Países Bajos",20.9,82.6,NA,provisional
2025,E,Agroalimentario,17,Hortalizas y legumbres,1711,Hortalizas y legumbres,171114,Lechuga,NA,NA,1043.89,"Alemania, Reino Unido, Francia",1.6,"Alemania, Reino Unido, Francia",1.6,"Alemania, Francia, Reino Unido",3.2,"Alemania, Francia, Reino Unido",3.2,80.2,NA,provisional
2025,E,Agroalimentario,17,Hortalizas y legumbres,1711,Hortalizas y legumbres,171115,Patata,NA,NA,147.28,"Alemania, Reino Unido, Francia",1.6,"Alemania, Reino Unido, Francia",1.6,"Portugal, Francia, Alemania",-33.0,"Portugal, Francia, Alemania",-33.0,96.2,NA,provisional
2025,E,Agroalimentario,17,Hortalizas y legumbres,1711,Hortalizas y legumbres,171116,Cebolla,NA,NA,179.94,"Alemania, Reino Unido, Francia",1.6,"Alemania, Reino Unido, Francia",1.6,"Alemania, Reino Unido, Portugal",-3.5,"Alemania, Reino Unido, Portugal",-3.5,71.0,NA,provisional
2025,E,Agroalimentario,17,Hortalizas y legumbres,1711,Hortalizas y legumbres,171117,Ajos,NA,NA,454.90,"Alemania, Reino Unido, Francia",1.6,"Alemania, Reino Unido, Francia",1.6,"Alemania, Estados Unidos, Reino Unido",-0.1,"Alemania, Estados Unidos, Reino Unido",-0.1,66.7,NA,provisional
2025,E,Agroalimentario,17,Hortalizas y legumbres,1711,Hortalizas y legumbres,171118,Zanahoria,NA,NA,68.72,"Alemania, Reino Unido, Francia",1.6,"Alemania, Reino Unido, Francia",1.6,"Francia, Alemania, Portugal",-39.0,"Francia, Alemania, Portugal",-39.0,91.7,NA,provisional
2025,E,Agroalimentario,17,Hortalizas y legumbres,1711,Hortalizas y legumbres,171119,Las demás hortalizas frescas,NA,NA,2266.95,"Alemania, Reino Unido, Francia",1.6,"Alemania, Reino Unido, Francia",1.6,"Alemania, Reino Unido, Francia",-2.0,"Alemania, Reino Unido, Francia",-2.0,73.8,NA,provisional
2025,E,Agroalimentario,17,Hortalizas y legumbres,1711,Hortalizas y legumbres,171120,Hortalizas congeladas,NA,NA,905.22,"Alemania, Reino Unido, Francia",1.6,"Alemania, Reino Unido, Francia",1.6,"Francia, Alemania, Estados Unidos",5.8,"Francia, Alemania, Estados Unidos",5.8,71.7,NA,provisional
2025,E,Agroalimentario,17,Hortalizas y legumbres,1711,Hortalizas y legumbres,171121,Hortalizas conservadas o secas,NA,NA,175.01,"Alemania, Reino Unido, Francia",1.6,"Alemania, Reino Unido, Francia",1.6,"Alemania, Francia, Portugal",-1.5,"Alemania, Francia, Portugal",-1.5,77.6,NA,provisional
2025,E,Agroalimentario,17,Hortalizas y legumbres,1711,Hortalizas y legumbres,171122,Legumbres,NA,NA,60.46,"Alemania, Reino Unido, Francia",1.6,"Alemania, Reino Unido, Francia",1.6,"Alemania, Países Bajos, Francia",-26.3,"Alemania, Países Bajos, Francia",-26.3,83.1,NA,provisional
2025,E,Agroalimentario,18,Frutas,1811,Frutas,181111,Cítricos,NA,NA,3697.82,"Alemania, Francia, Reino Unido",9.7,"Alemania, Francia, Reino Unido",9.7,"Alemania, Francia, Reino Unido",4.6,"Alemania, Francia, Reino Unido",4.6,86.4,NA,provisional
2025,E,Agroalimentario,18,Frutas,1811,Frutas,181111,Cítricos,1811111,Naranjas,1240.94,"Alemania, Francia, Reino Unido",9.7,"Alemania, Francia, Reino Unido",9.7,"Alemania, Francia, Reino Unido",4.6,"Alemania, Francia, Países Bajos",7.5,86.4,87.7,provisional
2025,E,Agroalimentario,18,Frutas,1811,Frutas,181111,Cítricos,1811112,Mandarinas y clementinas,1423.64,"Alemania, Francia, Reino Unido",9.7,"Alemania, Francia, Reino Unido",9.7,"Alemania, Francia, Reino Unido",4.6,"Alemania, Francia, Reino Unido",-4.3,86.4,83.1,provisional
2025,E,Agroalimentario,18,Frutas,1811,Frutas,181111,Cítricos,1811113,Limones y limas,944.20,"Alemania, Francia, Reino Unido",9.7,"Alemania, Francia, Reino Unido",9.7,"Alemania, Francia, Reino Unido",4.6,"Alemania, Francia, Reino Unido",16.8,86.4,89.2,provisional
2025,E,Agroalimentario,18,Frutas,1811,Frutas,181111,Cítricos,1811114,Otros cítricos,89.04,"Alemania, Francia, Reino Unido",9.7,"Alemania, Francia, Reino Unido",9.7,"Alemania, Francia, Reino Unido",4.6,"Alemania, Francia, Países Bajos",6.1,86.4,93.2,provisional
2025,E,Agroalimentario,18,Frutas,1811,Frutas,181112,Melones y sandías,NA,NA,958.47,"Alemania, Francia, Reino Unido",9.7,"Alemania, Francia, Reino Unido",9.7,"Alemania, Francia, Reino Unido",8.7,"Alemania, Francia, Reino Unido",8.7,85.2,NA,provisional
2025,E,Agroalimentario,18,Frutas,1811,Frutas,181112,Melones y sandías,1811121,Melones,354.56,"Alemania, Francia, Reino Unido",9.7,"Alemania, Francia, Reino Unido",9.7,"Alemania, Francia, Reino Unido",8.7,"Alemania, Francia, Reino Unido",7.7,85.2,83.4,provisional
2025,E,Agroalimentario,18,Frutas,1811,Frutas,181112,Melones y sandías,1811122,Sandías,603.91,"Alemania, Francia, Reino Unido",9.7,"Alemania, Francia, Reino Unido",9.7,"Alemania, Francia, Reino Unido",8.7,"Alemania, Francia, Reino Unido",9.3,85.2,86.3,provisional
2025,E,Agroalimentario,18,Frutas,1811,Frutas,181113,Melocotón y nectarina,NA,NA,1186.55,"Alemania, Francia, Reino Unido",9.7,"Alemania, Francia, Reino Unido",9.7,"Alemania, Francia, Italia",15.5,"Alemania, Francia, Italia",15.5,86.8,NA,provisional
2025,E,Agroalimentario,18,Frutas,1811,Frutas,181114,Fresas,NA,NA,871.09,"Alemania, Francia, Reino Unido",9.7,"Alemania, Francia, Reino Unido",9.7,"Alemania, Reino Unido, Francia",10.5,"Alemania, Reino Unido, Francia",10.5,80.5,NA,provisional
2025,E,Agroalimentario,18,Frutas,1811,Frutas,181115,Los demás frutos rojos,NA,NA,1243.49,"Alemania, Francia, Reino Unido",9.7,"Alemania, Francia, Reino Unido",9.7,"Alemania, Países Bajos, Reino Unido",10.7,"Alemania, Países Bajos, Reino Unido",10.7,82.9,NA,provisional
2025,E,Agroalimentario,18,Frutas,1811,Frutas,181116,Caquis,NA,NA,261.51,"Alemania, Francia, Reino Unido",9.7,"Alemania, Francia, Reino Unido",9.7,"Alemania, Francia, Italia",5.4,"Alemania, Francia, Italia",5.4,78.3,NA,provisional
2025,E,Agroalimentario,18,Frutas,1811,Frutas,181117,"Manzanas, peras y membrillos",NA,NA,204.47,"Alemania, Francia, Reino Unido",9.7,"Alemania, Francia, Reino Unido",9.7,"Marruecos, Italia, Francia",4.7,"Marruecos, Italia, Francia",4.7,47.3,NA,provisional
2025,E,Agroalimentario,18,Frutas,1811,Frutas,181118,Plátano,NA,NA,92.42,"Alemania, Francia, Reino Unido",9.7,"Alemania, Francia, Reino Unido",9.7,"Portugal, Francia, Marruecos",-17.5,"Portugal, Francia, Marruecos",-17.5,93.3,NA,provisional
2025,E,Agroalimentario,18,Frutas,1811,Frutas,181119,Almendras y avellanas,NA,NA,857.97,"Alemania, Francia, Reino Unido",9.7,"Alemania, Francia, Reino Unido",9.7,"Alemania, Italia, Francia",23.0,"Alemania, Italia, Francia",23.0,86.8,NA,provisional
2025,E,Agroalimentario,18,Frutas,1811,Frutas,181119,Almendras y avellanas,1811191,Almendras,801.05,"Alemania, Francia, Reino Unido",9.7,"Alemania, Francia, Reino Unido",9.7,"Alemania, Italia, Francia",23.0,"Alemania, Italia, Francia",22.6,86.8,86.1,provisional
2025,E,Agroalimentario,18,Frutas,1811,Frutas,181119,Almendras y avellanas,1811192,Avellanas,56.91,"Alemania, Francia, Reino Unido",9.7,"Alemania, Francia, Reino Unido",9.7,"Alemania, Italia, Francia",23.0,"Alemania, Francia, Italia",28.3,86.8,96.7,provisional
2025,E,Agroalimentario,18,Frutas,1811,Frutas,181120,Uva,NA,NA,477.88,"Alemania, Francia, Reino Unido",9.7,"Alemania, Francia, Reino Unido",9.7,"Alemania, Reino Unido, Portugal",6.6,"Alemania, Reino Unido, Portugal",6.6,74.8,NA,provisional
2025,E,Agroalimentario,18,Frutas,1811,Frutas,181121,Las demás frutas frescas y desecadas,NA,NA,1863.80,"Alemania, Francia, Reino Unido",9.7,"Alemania, Francia, Reino Unido",9.7,"Francia, Alemania, Portugal",15.1,"Francia, Alemania, Portugal",15.1,85.9,NA,provisional
2025,E,Agroalimentario,18,Frutas,1811,Frutas,181122,Frutas congeladas,NA,NA,86.48,"Alemania, Francia, Reino Unido",9.7,"Alemania, Francia, Reino Unido",9.7,"Francia, Alemania, Bélgica",8.8,"Francia, Alemania, Bélgica",8.8,77.7,NA,provisional
2025,E,Agroalimentario,18,Frutas,1811,Frutas,181123,Frutas conservadas provisionalmente y cortezas,NA,NA,115.88,"Alemania, Francia, Reino Unido",9.7,"Alemania, Francia, Reino Unido",9.7,"Alemania, Francia, Portugal",12.9,"Alemania, Francia, Portugal",12.9,87.3,NA,provisional
2025,E,Agroalimentario,19,Conservas vegetales,1911,Conservas vegetales,191111,Tomate,NA,NA,542.68,"Francia, Reino Unido, Estados Unidos",3.5,"Francia, Reino Unido, Estados Unidos",3.5,"Alemania, Francia, Italia",-10.0,"Alemania, Francia, Italia",-10.0,77.5,NA,provisional
2025,E,Agroalimentario,19,Conservas vegetales,1911,Conservas vegetales,191112,Aceituna,NA,NA,985.37,"Francia, Reino Unido, Estados Unidos",3.5,"Francia, Reino Unido, Estados Unidos",3.5,"Estados Unidos, Italia, Francia",0.7,"Estados Unidos, Italia, Francia",0.7,37.0,NA,provisional
2025,E,Agroalimentario,19,Conservas vegetales,1911,Conservas vegetales,191113,Espárragos,NA,NA,17.66,"Francia, Reino Unido, Estados Unidos",3.5,"Francia, Reino Unido, Estados Unidos",3.5,"Francia, Italia, Suecia",12.2,"Francia, Italia, Suecia",12.2,95.6,NA,provisional
2025,E,Agroalimentario,19,Conservas vegetales,1911,Conservas vegetales,191114,Las demás hortalizas,NA,NA,942.41,"Francia, Reino Unido, Estados Unidos",3.5,"Francia, Reino Unido, Estados Unidos",3.5,"Francia, Reino Unido, Portugal",-3.7,"Francia, Reino Unido, Portugal",-3.7,62.2,NA,provisional
2025,E,Agroalimentario,19,Conservas vegetales,1911,Conservas vegetales,191115,Zumos,NA,NA,1021.66,"Francia, Reino Unido, Estados Unidos",3.5,"Francia, Reino Unido, Estados Unidos",3.5,"Francia, Reino Unido, Alemania",11.7,"Francia, Reino Unido, Alemania",11.7,57.3,NA,provisional
2025,E,Agroalimentario,19,Conservas vegetales,1911,Conservas vegetales,191116,Confituras y mermeladas,NA,NA,265.66,"Francia, Reino Unido, Estados Unidos",3.5,"Francia, Reino Unido, Estados Unidos",3.5,"Portugal, Alemania, Francia",8.1,"Portugal, Alemania, Francia",8.1,74.8,NA,provisional
2025,E,Agroalimentario,19,Conservas vegetales,1911,Conservas vegetales,191117,Las demás frutas,NA,NA,599.49,"Francia, Reino Unido, Estados Unidos",3.5,"Francia, Reino Unido, Estados Unidos",3.5,"Francia, Alemania, Países Bajos",22.4,"Francia, Alemania, Países Bajos",22.4,72.9,NA,provisional
2025,E,Agroalimentario,20,Vinos y bebidas,2011,Vinos y bebidas,201111,Agua,NA,NA,52.80,"Francia, Alemania, Reino Unido",2.5,"Francia, Alemania, Reino Unido",2.5,"Francia, Portugal, Andorra",8.1,"Francia, Portugal, Andorra",8.1,54.3,NA,provisional
2025,E,Agroalimentario,20,Vinos y bebidas,2011,Vinos y bebidas,201112,Bebidas refrescantes,NA,NA,718.58,"Francia, Alemania, Reino Unido",2.5,"Francia, Alemania, Reino Unido",2.5,"Portugal, Francia, Reino Unido",18.4,"Portugal, Francia, Reino Unido",18.4,62.3,NA,provisional
2025,E,Agroalimentario,20,Vinos y bebidas,2011,Vinos y bebidas,201113,Cerveza,NA,NA,327.90,"Francia, Alemania, Reino Unido",2.5,"Francia, Alemania, Reino Unido",2.5,"China, Cuba, Reino Unido",8.4,"China, Cuba, Reino Unido",8.4,22.3,NA,provisional
2025,E,Agroalimentario,20,Vinos y bebidas,2011,Vinos y bebidas,201114,Mosto,NA,NA,400.26,"Francia, Alemania, Reino Unido",2.5,"Francia, Alemania, Reino Unido",2.5,"Italia, China, Francia",5.6,"Italia, China, Francia",5.6,55.4,NA,provisional
2025,E,Agroalimentario,20,Vinos y bebidas,2011,Vinos y bebidas,201115,Vino,NA,NA,2899.64,"Francia, Alemania, Reino Unido",2.5,"Francia, Alemania, Reino Unido",2.5,"Alemania, Reino Unido, Estados Unidos",-2.6,"Alemania, Reino Unido, Estados Unidos",-2.6,47.2,NA,provisional
2025,E,Agroalimentario,20,Vinos y bebidas,2011,Vinos y bebidas,201116,Vermut y vino aromátizado,NA,NA,82.67,"Francia, Alemania, Reino Unido",2.5,"Francia, Alemania, Reino Unido",2.5,"Estados Unidos, Francia, Bélgica",-7.1,"Estados Unidos, Francia, Bélgica",-7.1,43.2,NA,provisional
2025,E,Agroalimentario,20,Vinos y bebidas,2011,Vinos y bebidas,201117,Otras bebidas fermentadas,NA,NA,38.60,"Francia, Alemania, Reino Unido",2.5,"Francia, Alemania, Reino Unido",2.5,"Estados Unidos, Portugal, Reino Unido",5.4,"Estados Unidos, Portugal, Reino Unido",5.4,29.9,NA,provisional
2025,E,Agroalimentario,20,Vinos y bebidas,2011,Vinos y bebidas,201118,Bebidas espirituosas,NA,NA,1081.73,"Francia, Alemania, Reino Unido",2.5,"Francia, Alemania, Reino Unido",2.5,"Filipinas, Alemania, Italia",4.0,"Filipinas, Alemania, Italia",4.0,41.9,NA,provisional
2025,E,Agroalimentario,20,Vinos y bebidas,2011,Vinos y bebidas,201119,Alcohol,NA,NA,428.41,"Francia, Alemania, Reino Unido",2.5,"Francia, Alemania, Reino Unido",2.5,"Francia, Grecia, Italia",5.5,"Francia, Grecia, Italia",5.5,98.1,NA,provisional
2025,E,Agroalimentario,20,Vinos y bebidas,2011,Vinos y bebidas,201120,Vinagre y sucedáneos,NA,NA,70.07,"Francia, Alemania, Reino Unido",2.5,"Francia, Alemania, Reino Unido",2.5,"Estados Unidos, Reino Unido, Francia",4.4,"Estados Unidos, Reino Unido, Francia",4.4,38.2,NA,provisional
2025,E,Agroalimentario,21,Tabaco,2111,Tabaco,211111,Tabaco,NA,NA,548.23,"No determinado extra-UE, Portugal, Alemania",22.5,"No determinado extra-UE, Portugal, Alemania",22.5,"No determinado extra-UE, Portugal, Alemania",22.5,"No determinado extra-UE, Portugal, Alemania",22.5,44.5,NA,provisional
2025,E,Agroalimentario,22,Grasas y aceites,2211,Grasas y aceites,221111,Aceite de soja,NA,NA,294.02,"Italia, Estados Unidos, Portugal",-12.4,"Italia, Estados Unidos, Portugal",-12.4,"Marruecos, Italia, Francia",-1.8,"Marruecos, Italia, Francia",-1.8,43.3,NA,provisional
2025,E,Agroalimentario,22,Grasas y aceites,2211,Grasas y aceites,221112,Aceite de oliva,NA,NA,5143.80,"Italia, Estados Unidos, Portugal",-12.4,"Italia, Estados Unidos, Portugal",-12.4,"Italia, Estados Unidos, Portugal",-21.8,"Italia, Estados Unidos, Portugal",-21.8,52.5,NA,provisional
2025,E,Agroalimentario,22,Grasas y aceites,2211,Grasas y aceites,221112,Aceite de oliva,2211121,Aceite de oliva virgen extra,3482.21,"Italia, Estados Unidos, Portugal",-12.4,"Italia, Estados Unidos, Portugal",-12.4,"Italia, Estados Unidos, Portugal",-21.8,"Italia, Estados Unidos, Francia",-20.0,52.5,55.0,provisional
2025,E,Agroalimentario,22,Grasas y aceites,2211,Grasas y aceites,221112,Aceite de oliva,2211122,Aceite de oliva virgen y lampante,245.95,"Italia, Estados Unidos, Portugal",-12.4,"Italia, Estados Unidos, Portugal",-12.4,"Italia, Estados Unidos, Portugal",-21.8,"Italia, Portugal, Francia",-2.1,52.5,59.5,provisional
2025,E,Agroalimentario,22,Grasas y aceites,2211,Grasas y aceites,221112,Aceite de oliva,2211123,Aceite de oliva refinado y mezclas,1110.33,"Italia, Estados Unidos, Portugal",-12.4,"Italia, Estados Unidos, Portugal",-12.4,"Italia, Estados Unidos, Portugal",-21.8,"Estados Unidos, Portugal, Italia",-28.3,52.5,48.4,provisional
2025,E,Agroalimentario,22,Grasas y aceites,2211,Grasas y aceites,221112,Aceite de oliva,2211124,Aceite de orujo y otros aceites de aceituna,305.31,"Italia, Estados Unidos, Portugal",-12.4,"Italia, Estados Unidos, Portugal",-12.4,"Italia, Estados Unidos, Portugal",-21.8,"Italia, Portugal, Estados Unidos",-28.1,52.5,34.2,provisional
2025,E,Agroalimentario,22,Grasas y aceites,2211,Grasas y aceites,221113,Aceite de girasol,NA,NA,366.76,"Italia, Estados Unidos, Portugal",-12.4,"Italia, Estados Unidos, Portugal",-12.4,"Portugal, Francia, Estados Unidos",1.4,"Portugal, Francia, Estados Unidos",1.4,64.4,NA,provisional
2025,E,Agroalimentario,22,Grasas y aceites,2211,Grasas y aceites,221114,Margarina,NA,NA,374.59,"Italia, Estados Unidos, Portugal",-12.4,"Italia, Estados Unidos, Portugal",-12.4,"Francia, Portugal, Estados Unidos",10.5,"Francia, Portugal, Estados Unidos",10.5,60.2,NA,provisional
2025,E,Agroalimentario,22,Grasas y aceites,2211,Grasas y aceites,221115,Las demás grasas y aceites animales,NA,NA,118.27,"Italia, Estados Unidos, Portugal",-12.4,"Italia, Estados Unidos, Portugal",-12.4,"Italia, Francia, Países Bajos",4.8,"Italia, Francia, Países Bajos",4.8,73.0,NA,provisional
2025,E,Agroalimentario,22,Grasas y aceites,2211,Grasas y aceites,221116,Las demás grasas y aceites vegetales,NA,NA,862.73,"Italia, Estados Unidos, Portugal",-12.4,"Italia, Estados Unidos, Portugal",-12.4,"Italia, Estados Unidos, Portugal",32.8,"Italia, Estados Unidos, Portugal",32.8,61.6,NA,provisional
2025,E,Agroalimentario,22,Grasas y aceites,2211,Grasas y aceites,221117,Residuos,NA,NA,455.01,"Italia, Estados Unidos, Portugal",-12.4,"Italia, Estados Unidos, Portugal",-12.4,"Suecia, Portugal, Países Bajos",31.1,"Suecia, Portugal, Países Bajos",31.1,97.1,NA,provisional
2025,E,Agroalimentario,23,"Semillas, oleaginosas, mandioca y forraje",2311,"Semillas, oleaginosas, mandioca y forraje",231111,Soja,NA,NA,9.35,"Francia, Portugal, Emiratos Árabes Unidos",23.9,"Francia, Portugal, Emiratos Árabes Unidos",23.9,"Alemania, Portugal, Francia",221.2,"Alemania, Portugal, Francia",221.2,98.1,NA,provisional
2025,E,Agroalimentario,23,"Semillas, oleaginosas, mandioca y forraje",2311,"Semillas, oleaginosas, mandioca y forraje",231112,Girasol,NA,NA,110.65,"Francia, Portugal, Emiratos Árabes Unidos",23.9,"Francia, Portugal, Emiratos Árabes Unidos",23.9,"Francia, Ucrania, Rumanía",43.1,"Francia, Ucrania, Rumanía",43.1,64.9,NA,provisional
2025,E,Agroalimentario,23,"Semillas, oleaginosas, mandioca y forraje",2311,"Semillas, oleaginosas, mandioca y forraje",231113,Otros productos del capítulo 12,NA,NA,458.05,"Francia, Portugal, Emiratos Árabes Unidos",23.9,"Francia, Portugal, Emiratos Árabes Unidos",23.9,"Francia, Portugal, Alemania",7.9,"Francia, Portugal, Alemania",7.9,64.4,NA,provisional
2025,E,Agroalimentario,23,"Semillas, oleaginosas, mandioca y forraje",2311,"Semillas, oleaginosas, mandioca y forraje",231114,Forrajes,NA,NA,343.52,"Francia, Portugal, Emiratos Árabes Unidos",23.9,"Francia, Portugal, Emiratos Árabes Unidos",23.9,"Emiratos Árabes Unidos, Arabia Saudí, Jordania",43.4,"Emiratos Árabes Unidos, Arabia Saudí, Jordania",43.4,13.9,NA,provisional
2025,E,Agroalimentario,23,"Semillas, oleaginosas, mandioca y forraje",2311,"Semillas, oleaginosas, mandioca y forraje",231115,Mandioca,NA,NA,42.11,"Francia, Portugal, Emiratos Árabes Unidos",23.9,"Francia, Portugal, Emiratos Árabes Unidos",23.9,"Francia, Portugal, Reino Unido",26.1,"Francia, Portugal, Reino Unido",26.1,81.1,NA,provisional
2025,E,Agroalimentario,24,"Café, té, cacao y azúcar",2411,"Café, té, cacao y azúcar",241111,Café,NA,NA,554.80,"Francia, Portugal, Italia",39.1,"Francia, Portugal, Italia",39.1,"Portugal, Francia, Italia",48.9,"Portugal, Francia, Italia",48.9,75.6,NA,provisional
2025,E,Agroalimentario,24,"Café, té, cacao y azúcar",2411,"Café, té, cacao y azúcar",241112,Extractos de café,NA,NA,830.49,"Francia, Portugal, Italia",39.1,"Francia, Portugal, Italia",39.1,"Reino Unido, Francia, Turquía",26.5,"Reino Unido, Francia, Turquía",26.5,57.2,NA,provisional
2025,E,Agroalimentario,24,"Café, té, cacao y azúcar",2411,"Café, té, cacao y azúcar",241113,Sucedáneos de café,NA,NA,8.39,"Francia, Portugal, Italia",39.1,"Francia, Portugal, Italia",39.1,"Francia, Portugal, Túnez",78.0,"Francia, Portugal, Túnez",78.0,85.8,NA,provisional
2025,E,Agroalimentario,24,"Café, té, cacao y azúcar",2411,"Café, té, cacao y azúcar",241114,Té,NA,NA,80.45,"Francia, Portugal, Italia",39.1,"Francia, Portugal, Italia",39.1,"Portugal, Francia, Alemania",18.5,"Portugal, Francia, Alemania",18.5,79.9,NA,provisional
2025,E,Agroalimentario,24,"Café, té, cacao y azúcar",2411,"Café, té, cacao y azúcar",241115,Cacao,NA,NA,927.65,"Francia, Portugal, Italia",39.1,"Francia, Portugal, Italia",39.1,"Francia, Italia, Estados Unidos",65.9,"Francia, Italia, Estados Unidos",65.9,55.5,NA,provisional
2025,E,Agroalimentario,24,"Café, té, cacao y azúcar",2411,"Café, té, cacao y azúcar",241116,Azúcar,NA,NA,151.70,"Francia, Portugal, Italia",39.1,"Francia, Portugal, Italia",39.1,"Francia, Portugal, Italia",-11.8,"Francia, Portugal, Italia",-11.8,89.2,NA,provisional
2025,E,Agroalimentario,24,"Café, té, cacao y azúcar",2411,"Café, té, cacao y azúcar",241117,Melazas,NA,NA,6.33,"Francia, Portugal, Italia",39.1,"Francia, Portugal, Italia",39.1,"Portugal, Finlandia, Francia",-15.2,"Portugal, Finlandia, Francia",-15.2,99.5,NA,provisional
2025,E,Agroalimentario,25,Industrias agroalimentarias,2511,Industrias agroalimentarias,251111,Miel,NA,NA,110.49,"Francia, Portugal, Reino Unido",7.7,"Francia, Portugal, Reino Unido",7.7,"Francia, Alemania, Portugal",11.1,"Francia, Alemania, Portugal",11.1,70.7,NA,provisional
2025,E,Agroalimentario,25,Industrias agroalimentarias,2511,Industrias agroalimentarias,251112,Extractos y jugos de origen animal,NA,NA,20.95,"Francia, Portugal, Reino Unido",7.7,"Francia, Portugal, Reino Unido",7.7,"Francia, Italia, Portugal",12.9,"Francia, Italia, Portugal",12.9,70.2,NA,provisional
2025,E,Agroalimentario,25,Industrias agroalimentarias,2511,Industrias agroalimentarias,251113,Levaduras,NA,NA,54.94,"Francia, Portugal, Reino Unido",7.7,"Francia, Portugal, Reino Unido",7.7,"Francia, Portugal, Italia",2.6,"Francia, Portugal, Italia",2.6,58.9,NA,provisional
2025,E,Agroalimentario,25,Industrias agroalimentarias,2511,Industrias agroalimentarias,251114,Otras preparaciones alimenticias,NA,NA,1455.71,"Francia, Portugal, Reino Unido",7.7,"Francia, Portugal, Reino Unido",7.7,"Francia, Portugal, Alemania",9.5,"Francia, Portugal, Alemania",9.5,48.3,NA,provisional
2025,E,Agroalimentario,25,Industrias agroalimentarias,2511,Industrias agroalimentarias,251115,Especias,NA,NA,480.99,"Francia, Portugal, Reino Unido",7.7,"Francia, Portugal, Reino Unido",7.7,"Estados Unidos, Francia, Reino Unido",-3.3,"Estados Unidos, Francia, Reino Unido",-3.3,50.3,NA,provisional
2025,E,Agroalimentario,25,Industrias agroalimentarias,2511,Industrias agroalimentarias,251116,"Gomas, resinas y extractos vegetales",NA,NA,562.52,"Francia, Portugal, Reino Unido",7.7,"Francia, Portugal, Reino Unido",7.7,"Estados Unidos, Alemania, Francia",-3.7,"Estados Unidos, Alemania, Francia",-3.7,43.3,NA,provisional
2025,E,Agroalimentario,25,Industrias agroalimentarias,2511,Industrias agroalimentarias,251117,Artículos sin cacao de confitería,NA,NA,906.77,"Francia, Portugal, Reino Unido",7.7,"Francia, Portugal, Reino Unido",7.7,"Estados Unidos, Francia, Alemania",-3.8,"Estados Unidos, Francia, Alemania",-3.8,52.3,NA,provisional
2025,E,Agroalimentario,25,Industrias agroalimentarias,2511,Industrias agroalimentarias,251118,Chocolate y preparaciones con cacao,NA,NA,1125.64,"Francia, Portugal, Reino Unido",7.7,"Francia, Portugal, Reino Unido",7.7,"Francia, Portugal, Alemania",40.5,"Francia, Portugal, Alemania",40.5,72.2,NA,provisional
2025,E,Agroalimentario,25,Industrias agroalimentarias,2511,Industrias agroalimentarias,251119,Pastas alimenticias,NA,NA,240.92,"Francia, Portugal, Reino Unido",7.7,"Francia, Portugal, Reino Unido",7.7,"Francia, Portugal, Italia",-2.5,"Francia, Portugal, Italia",-2.5,91.6,NA,provisional
2025,E,Agroalimentario,25,Industrias agroalimentarias,2511,Industrias agroalimentarias,251120,"Panadería, pastelería y galletería",NA,NA,2257.96,"Francia, Portugal, Reino Unido",7.7,"Francia, Portugal, Reino Unido",7.7,"Portugal, Francia, Reino Unido",10.5,"Portugal, Francia, Reino Unido",10.5,66.8,NA,provisional
2025,E,Agroalimentario,25,Industrias agroalimentarias,2511,Industrias agroalimentarias,251121,Otras preparaciones de harina y cereales,NA,NA,776.73,"Francia, Portugal, Reino Unido",7.7,"Francia, Portugal, Reino Unido",7.7,"Francia, Portugal, Estados Unidos",3.2,"Francia, Portugal, Estados Unidos",3.2,53.5,NA,provisional
2025,E,Agroalimentario,25,Industrias agroalimentarias,2511,Industrias agroalimentarias,251122,Salsas y sopas,NA,NA,886.48,"Francia, Portugal, Reino Unido",7.7,"Francia, Portugal, Reino Unido",7.7,"Francia, Reino Unido, Italia",5.7,"Francia, Reino Unido, Italia",5.7,61.9,NA,provisional
2025,E,Agroalimentario,25,Industrias agroalimentarias,2511,Industrias agroalimentarias,251123,Helados,NA,NA,335.06,"Francia, Portugal, Reino Unido",7.7,"Francia, Portugal, Reino Unido",7.7,"Luxemburgo, Portugal, Francia",-1.4,"Luxemburgo, Portugal, Francia",-1.4,73.7,NA,provisional
2025,E,Agroalimentario,25,Industrias agroalimentarias,2511,Industrias agroalimentarias,251124,Batidos y postres lácteos,NA,NA,179.55,"Francia, Portugal, Reino Unido",7.7,"Francia, Portugal, Reino Unido",7.7,"Portugal, Italia, Francia",3.0,"Portugal, Italia, Francia",3.0,55.3,NA,provisional
2025,E,Agroalimentario,AR,Otros productos agrícolas,AARR,Otros productos agrícolas,RESTO,Otros productos agrícolas sin rúbrica propia,NA,NA,392.47,"China, Alemania, Francia",1.6,"China, Alemania, Francia",1.6,"China, Alemania, Francia",1.6,"China, Alemania, Francia",1.6,49.5,NA,provisional
2025,E,Industrial,2,PRODUCTOS ENERGÉTICOS,21,CARBÓN,210,CARBÓN,2100,CARBÓN,168.80,"Avituallamiento UE, Avituallamiento extra-UE, Portugal",-13.7,"Francia, Marruecos, Bélgica",-17.6,"Francia, Marruecos, Bélgica",-17.6,"Francia, Marruecos, Bélgica",-17.6,49.6,49.6,provisional
2025,E,Industrial,2,PRODUCTOS ENERGÉTICOS,22,PETRÓLEO Y DERIVADOS,220,PETRÓLEO Y DERIVADOS,2200,PETRÓLEO Y DERIVADOS,21268.91,"Avituallamiento UE, Avituallamiento extra-UE, Portugal",-13.7,"Avituallamiento UE, Avituallamiento extra-UE, Países Bajos",-13.2,"Avituallamiento UE, Avituallamiento extra-UE, Países Bajos",-13.2,"Avituallamiento UE, Avituallamiento extra-UE, Países Bajos",-13.2,31.7,31.7,provisional
2025,E,Industrial,2,PRODUCTOS ENERGÉTICOS,23,GAS,230,GAS,2300,GAS,699.85,"Avituallamiento UE, Avituallamiento extra-UE, Portugal",-13.7,"Marruecos, Avituallamiento UE, Avituallamiento extra-UE",-43.6,"Marruecos, Avituallamiento UE, Avituallamiento extra-UE",-43.6,"Marruecos, Avituallamiento UE, Avituallamiento extra-UE",-43.6,33.8,33.8,provisional
2025,E,Industrial,2,PRODUCTOS ENERGÉTICOS,24,CORRIENTE ELÉCTRICA,240,CORRIENTE ELÉCTRICA,2400,CORRIENTE ELÉCTRICA,2099.42,"Avituallamiento UE, Avituallamiento extra-UE, Portugal",-13.7,"Portugal, Francia, Marruecos",-2.3,"Portugal, Francia, Marruecos",-2.3,"Portugal, Francia, Marruecos",-2.3,89.4,89.4,provisional
2025,E,Industrial,3,MATERIAS PRIMAS,31,MAT. PRIMAS ANIMALES Y VEGETALES,310,MAT. PRIMAS ANIMALES Y VEGETALES,3100,MAT. PRIMAS ANIMALES Y VEGETALES,3445.36,"China, Francia, Portugal",10.2,"Francia, Portugal, Alemania",-1.9,"Francia, Portugal, Alemania",-1.9,"Francia, Portugal, Alemania",-1.9,67.2,67.2,provisional
2025,E,Industrial,3,MATERIAS PRIMAS,32,MENAS Y MINERALES,320,MENAS Y MINERALES,3200,MENAS Y MINERALES,6081.89,"China, Francia, Portugal",10.2,"China, Italia, Francia",18.5,"China, Italia, Francia",18.5,"China, Italia, Francia",18.5,35.7,35.7,provisional
2025,E,Industrial,4,SEMIMANUFACTURAS,41,METALES NO FERROSOS,410,METALES NO FERROSOS,4100,METALES NO FERROSOS,9085.97,"Francia, Portugal, Alemania",3.4,"Italia, Francia, Portugal",6.5,"Italia, Francia, Portugal",6.5,"Italia, Francia, Portugal",6.5,64.6,64.6,provisional
2025,E,Industrial,4,SEMIMANUFACTURAS,42,HIERRO Y ACERO,420,HIERRO Y ACERO,4200,HIERRO Y ACERO,8866.09,"Francia, Portugal, Alemania",3.4,"Francia, Portugal, Italia",-2.6,"Francia, Portugal, Italia",-2.6,"Francia, Portugal, Italia",-2.6,72.4,72.4,provisional
2025,E,Industrial,4,SEMIMANUFACTURAS,43,PRODUCTOS QUÍMICOS,431,PRODUCTOS QUÍMICOS ORGÁNICOS,4310,PRODUCTOS QUÍMICOS ORGÁNICOS,8468.63,"Francia, Portugal, Alemania",3.4,"Francia, Alemania, Italia",5.2,"Países Bajos, Bélgica, Panamá",4.6,"Países Bajos, Bélgica, Panamá",4.6,70.1,70.1,provisional
2025,E,Industrial,4,SEMIMANUFACTURAS,43,PRODUCTOS QUÍMICOS,432,PRODUCTOS QUÍMICOS INORGÁNICOS,4320,PRODUCTOS QUÍMICOS INORGÁNICOS,1615.65,"Francia, Portugal, Alemania",3.4,"Francia, Alemania, Italia",5.2,"Francia, Portugal, Italia",7.7,"Francia, Portugal, Italia",7.7,63.8,63.8,provisional
2025,E,Industrial,4,SEMIMANUFACTURAS,43,PRODUCTOS QUÍMICOS,433,MEDICAMENTOS,4330,MEDICAMENTOS,21153.48,"Francia, Portugal, Alemania",3.4,"Francia, Alemania, Italia",5.2,"Alemania, Reino Unido, Suiza",14.3,"Alemania, Reino Unido, Suiza",14.3,49.7,49.7,provisional
2025,E,Industrial,4,SEMIMANUFACTURAS,43,PRODUCTOS QUÍMICOS,434,PLÁSTICOS,4341,MATERIAS PRIMAS PLÁSTICAS,5989.51,"Francia, Portugal, Alemania",3.4,"Francia, Alemania, Italia",5.2,"Francia, Portugal, Alemania",-3.0,"Francia, Italia, Alemania",-9.0,67.2,66.8,provisional
2025,E,Industrial,4,SEMIMANUFACTURAS,43,PRODUCTOS QUÍMICOS,434,PLÁSTICOS,4342,MANUFACTURAS PLÁSTICAS,6995.98,"Francia, Portugal, Alemania",3.4,"Francia, Alemania, Italia",5.2,"Francia, Portugal, Alemania",-3.0,"Francia, Portugal, Alemania",2.7,67.2,67.5,provisional
2025,E,Industrial,4,SEMIMANUFACTURAS,43,PRODUCTOS QUÍMICOS,435,ABONOS,4350,ABONOS,1421.07,"Francia, Portugal, Alemania",3.4,"Francia, Alemania, Italia",5.2,"Portugal, Francia, Brasil",-0.8,"Portugal, Francia, Brasil",-0.8,43.1,43.1,provisional
2025,E,Industrial,4,SEMIMANUFACTURAS,43,PRODUCTOS QUÍMICOS,436,COLORANTES Y CURTIENTES,4360,COLORANTES Y CURTIENTES,2940.81,"Francia, Portugal, Alemania",3.4,"Francia, Alemania, Italia",5.2,"Italia, Portugal, Francia",-2.1,"Italia, Portugal, Francia",-2.1,52.4,52.4,provisional
2025,E,Industrial,4,SEMIMANUFACTURAS,43,PRODUCTOS QUÍMICOS,437,ACEITES ESENCIALES Y PERFUMADOS,4370,ACEITES ESENCIALES Y PERFUMADOS,11302.37,"Francia, Portugal, Alemania",3.4,"Francia, Alemania, Italia",5.2,"Francia, Portugal, Estados Unidos",6.7,"Francia, Portugal, Estados Unidos",6.7,48.2,48.2,provisional
2025,E,Industrial,4,SEMIMANUFACTURAS,43,PRODUCTOS QUÍMICOS,438,OTROS PRODUCTOS QUÍMICOS,4380,OTROS PRODUCTOS QUÍMICOS,6135.93,"Francia, Portugal, Alemania",3.4,"Francia, Alemania, Italia",5.2,"Francia, Italia, Alemania",-2.1,"Francia, Italia, Alemania",-2.1,65.9,65.9,provisional
2025,E,Industrial,4,SEMIMANUFACTURAS,44,OTRAS SEMIMANUFACTURAS,441,PAPEL,4410,PAPEL,4976.97,"Francia, Portugal, Alemania",3.4,"Francia, Portugal, Estados Unidos",-0.9,"Francia, Portugal, Italia",-1.6,"Francia, Portugal, Italia",-1.6,68.4,68.4,provisional
2025,E,Industrial,4,SEMIMANUFACTURAS,44,OTRAS SEMIMANUFACTURAS,442,MATERIAL DE CONSTRUCCIÓN,4421,CAL Y CEMENTO,1180.07,"Francia, Portugal, Alemania",3.4,"Francia, Portugal, Estados Unidos",-0.9,"Francia, Estados Unidos, Portugal",-1.5,"Francia, Reino Unido, Portugal",-4.8,49.2,58.2,provisional
2025,E,Industrial,4,SEMIMANUFACTURAS,44,OTRAS SEMIMANUFACTURAS,442,MATERIAL DE CONSTRUCCIÓN,4422,OTROS MAT. DE CONSTRUCCIÓN,5621.82,"Francia, Portugal, Alemania",3.4,"Francia, Portugal, Estados Unidos",-0.9,"Francia, Estados Unidos, Portugal",-1.5,"Estados Unidos, Francia, Reino Unido",-1.4,49.2,42.6,provisional
2025,E,Industrial,4,SEMIMANUFACTURAS,44,OTRAS SEMIMANUFACTURAS,442,MATERIAL DE CONSTRUCCIÓN,4423,VIDRIO,918.88,"Francia, Portugal, Alemania",3.4,"Francia, Portugal, Estados Unidos",-0.9,"Francia, Estados Unidos, Portugal",-1.5,"Portugal, Francia, Alemania",2.6,49.2,77.6,provisional
2025,E,Industrial,4,SEMIMANUFACTURAS,44,OTRAS SEMIMANUFACTURAS,443,NEUMÁTICOS Y CÁMARAS,4430,NEUMÁTICOS Y CÁMARAS,3604.09,"Francia, Portugal, Alemania",3.4,"Francia, Portugal, Estados Unidos",-0.9,"Francia, Alemania, Portugal",1.2,"Francia, Alemania, Portugal",1.2,69.3,69.3,provisional
2025,E,Industrial,4,SEMIMANUFACTURAS,44,OTRAS SEMIMANUFACTURAS,444,RESTO OTRAS SEMIMANUFACTURAS,4440,RESTO OTRAS SEMIMANUFACTURAS,3251.65,"Francia, Portugal, Alemania",3.4,"Francia, Portugal, Estados Unidos",-0.9,"Francia, Portugal, Alemania",-0.4,"Francia, Portugal, Alemania",-0.4,60.1,60.1,provisional
2025,E,Industrial,5,BIENES DE EQUIPO,51,MAQ. ESPECIFICA CIERTAS INDUSTRIAS,511,MAQUINARIA AGRÍCOLA,5110,MAQUINARIA AGRÍCOLA,809.65,"Francia, Alemania, Portugal",0.8,"Francia, Estados Unidos, Alemania",2.1,"Francia, Portugal, Estados Unidos",11.8,"Francia, Portugal, Estados Unidos",11.8,47.8,47.8,provisional
2025,E,Industrial,5,BIENES DE EQUIPO,51,MAQ. ESPECIFICA CIERTAS INDUSTRIAS,512,MAQUINARIA OBRAS PUBLICAS,5120,MAQUINARIA OBRAS PUBLICAS,568.24,"Francia, Alemania, Portugal",0.8,"Francia, Estados Unidos, Alemania",2.1,"Portugal, Francia, Estados Unidos",1.5,"Portugal, Francia, Estados Unidos",1.5,40.8,40.8,provisional
2025,E,Industrial,5,BIENES DE EQUIPO,51,MAQ. ESPECIFICA CIERTAS INDUSTRIAS,513,MAQUINARIA TEXTIL,5130,MAQUINARIA TEXTIL,344.51,"Francia, Alemania, Portugal",0.8,"Francia, Estados Unidos, Alemania",2.1,"Estados Unidos, Portugal, Francia",3.2,"Estados Unidos, Portugal, Francia",3.2,38.0,38.0,provisional
2025,E,Industrial,5,BIENES DE EQUIPO,51,MAQ. ESPECIFICA CIERTAS INDUSTRIAS,514,MAQUINARIA PARA TRABAJAR METAL,5140,MAQUINARIA PARA TRABAJAR METAL,1747.35,"Francia, Alemania, Portugal",0.8,"Francia, Estados Unidos, Alemania",2.1,"Estados Unidos, Alemania, México",-1.9,"Estados Unidos, Alemania, México",-1.9,45.0,45.0,provisional
2025,E,Industrial,5,BIENES DE EQUIPO,51,MAQ. ESPECIFICA CIERTAS INDUSTRIAS,515,MAQ. PARA CIERTAS INDUSTRIAS,5150,MAQ. PARA CIERTAS INDUSTRIAS,2719.46,"Francia, Alemania, Portugal",0.8,"Francia, Estados Unidos, Alemania",2.1,"Estados Unidos, Portugal, Francia",-1.9,"Estados Unidos, Portugal, Francia",-1.9,41.3,41.3,provisional
2025,E,Industrial,5,BIENES DE EQUIPO,51,MAQ. ESPECIFICA CIERTAS INDUSTRIAS,516,MAQ. PARA USO GRAL INDUSTRIA,5160,MAQ. PARA USO GRAL INDUSTRIA,12901.06,"Francia, Alemania, Portugal",0.8,"Francia, Estados Unidos, Alemania",2.1,"Francia, Alemania, Portugal",3.0,"Francia, Alemania, Portugal",3.0,51.4,51.4,provisional
2025,E,Industrial,5,BIENES DE EQUIPO,52,EQUIPO OFICINA Y TELECOMUNIC.,521,EQUIPO DE OFICINA,5210,EQUIPO DE OFICINA,428.73,"Francia, Alemania, Portugal",0.8,"Portugal, Alemania, Italia",7.3,"Portugal, Estados Unidos, Países Bajos",2.7,"Portugal, Estados Unidos, Países Bajos",2.7,54.6,54.6,provisional
2025,E,Industrial,5,BIENES DE EQUIPO,52,EQUIPO OFICINA Y TELECOMUNIC.,522,MAQ. AUTOMATIZACION DATOS,5220,MAQ. AUTOMATIZACION DATOS,1354.21,"Francia, Alemania, Portugal",0.8,"Portugal, Alemania, Italia",7.3,"Portugal, Alemania, Francia",16.2,"Portugal, Alemania, Francia",16.2,79.5,79.5,provisional
2025,E,Industrial,5,BIENES DE EQUIPO,52,EQUIPO OFICINA Y TELECOMUNIC.,523,EQUIPO TELECOMUNICACIÓN,5230,EQUIPO TELECOMUNICACIÓN,3756.79,"Francia, Alemania, Portugal",0.8,"Portugal, Alemania, Italia",7.3,"Portugal, Alemania, Italia",4.9,"Portugal, Alemania, Italia",4.9,68.1,68.1,provisional
2025,E,Industrial,5,BIENES DE EQUIPO,53,MATERIAL TRANSPORTE,531,MATERIAL FERROVIARIO,5310,MATERIAL FERROVIARIO,2136.61,"Francia, Alemania, Portugal",0.8,"Francia, Alemania, Italia",-10.5,"Alemania, Emiratos Árabes Unidos, Reino Unido",9.8,"Alemania, Emiratos Árabes Unidos, Reino Unido",9.8,36.8,36.8,provisional
2025,E,Industrial,5,BIENES DE EQUIPO,53,MATERIAL TRANSPORTE,532,VEHIC. TRANS. MERCANCÍAS CARR.,5320,VEHIC. TRANS. MERCANCÍAS CARR.,7131.00,"Francia, Alemania, Portugal",0.8,"Francia, Alemania, Italia",-10.5,"Italia, Francia, Alemania",-11.0,"Italia, Francia, Alemania",-11.0,66.7,66.7,provisional
2025,E,Industrial,5,BIENES DE EQUIPO,53,MATERIAL TRANSPORTE,533,BUQUES,5330,BUQUES,895.96,"Francia, Alemania, Portugal",0.8,"Francia, Alemania, Italia",-10.5,"Gibraltar, Noruega, Reino Unido",7.8,"Gibraltar, Noruega, Reino Unido",7.8,16.8,16.8,provisional
2025,E,Industrial,5,BIENES DE EQUIPO,53,MATERIAL TRANSPORTE,534,AERONAVES,5340,AERONAVES,5279.45,"Francia, Alemania, Portugal",0.8,"Francia, Alemania, Italia",-10.5,"Alemania, Francia, Reino Unido",-18.3,"Alemania, Francia, Reino Unido",-18.3,57.9,57.9,provisional
2025,E,Industrial,5,BIENES DE EQUIPO,54,OTROS BIENES DE EQUIPO,541,EQUIPO GENERADOR DE FUERZA,5410,EQUIPO GENERADOR DE FUERZA,4511.40,"Francia, Alemania, Portugal",0.8,"Francia, Alemania, Estados Unidos",4.9,"Reino Unido, Estados Unidos, Bélgica",11.8,"Reino Unido, Estados Unidos, Bélgica",11.8,26.3,26.3,provisional
2025,E,Industrial,5,BIENES DE EQUIPO,54,OTROS BIENES DE EQUIPO,542,APARATOS ELÉCTRICOS,5421,MOTORES ELÉCTRICOS,1475.31,"Francia, Alemania, Portugal",0.8,"Francia, Alemania, Estados Unidos",4.9,"Francia, Alemania, Estados Unidos",5.4,"Alemania, Estados Unidos, Francia",-10.5,57.2,56.9,provisional
2025,E,Industrial,5,BIENES DE EQUIPO,54,OTROS BIENES DE EQUIPO,542,APARATOS ELÉCTRICOS,5422,TRANSFORMADORES ELÉCTRICOS,2814.79,"Francia, Alemania, Portugal",0.8,"Francia, Alemania, Estados Unidos",4.9,"Francia, Alemania, Estados Unidos",5.4,"Estados Unidos, Chile, Australia",20.0,57.2,28.8,provisional
2025,E,Industrial,5,BIENES DE EQUIPO,54,OTROS BIENES DE EQUIPO,542,APARATOS ELÉCTRICOS,5423,OTROS APARATOS ELÉCTRICOS,12063.04,"Francia, Alemania, Portugal",0.8,"Francia, Alemania, Estados Unidos",4.9,"Francia, Alemania, Estados Unidos",5.4,"Francia, Alemania, Portugal",4.7,57.2,63.9,provisional
2025,E,Industrial,5,BIENES DE EQUIPO,54,OTROS BIENES DE EQUIPO,543,APARATOS DE PRECISIÓN,5430,APARATOS DE PRECISIÓN,3337.53,"Francia, Alemania, Portugal",0.8,"Francia, Alemania, Estados Unidos",4.9,"Portugal, Francia, Alemania",9.3,"Portugal, Francia, Alemania",9.3,58.3,58.3,provisional
2025,E,Industrial,5,BIENES DE EQUIPO,54,OTROS BIENES DE EQUIPO,544,RESTO BIENES DE EQUIPO,5440,RESTO BIENES DE EQUIPO,10743.99,"Francia, Alemania, Portugal",0.8,"Francia, Alemania, Estados Unidos",4.9,"Francia, Alemania, Portugal",0.3,"Francia, Alemania, Portugal",0.3,64.7,64.7,provisional
2025,E,Industrial,6,SECTOR AUTOMÓVIL,61,AUTOMÓVILES Y MOTOS,610,AUTOMÓVILES Y MOTOS,6100,AUTOMÓVILES Y MOTOS,36460.59,"Alemania, Francia, Reino Unido",-7.1,"Alemania, Francia, Reino Unido",-6.1,"Alemania, Francia, Reino Unido",-6.1,"Alemania, Francia, Reino Unido",-6.1,71.4,71.4,provisional
2025,E,Industrial,6,SECTOR AUTOMÓVIL,62,COMPONENTES DEL AUTOMÓVIL,620,COMPONENTES DEL AUTOMÓVIL,6200,COMPONENTES DEL AUTOMÓVIL,12977.17,"Alemania, Francia, Reino Unido",-7.1,"Alemania, Francia, Marruecos",-9.9,"Alemania, Francia, Marruecos",-9.9,"Alemania, Francia, Marruecos",-9.9,61.4,61.4,provisional
2025,E,Industrial,7,BIENES DE CONSUMO DURADERO,71,ELECTRODOMÉSTICOS,710,ELECTRODOMÉSTICOS,7100,ELECTRODOMÉSTICOS,1993.36,"Francia, Portugal, Alemania",7.1,"Portugal, Alemania, Francia",7.5,"Portugal, Alemania, Francia",7.5,"Portugal, Alemania, Francia",7.5,81.6,81.6,provisional
2025,E,Industrial,7,BIENES DE CONSUMO DURADERO,72,ELECTRÓNICA DE CONSUMO,720,ELECTRÓNICA DE CONSUMO,7200,ELECTRÓNICA DE CONSUMO,395.72,"Francia, Portugal, Alemania",7.1,"Portugal, Alemania, Francia",18.8,"Portugal, Alemania, Francia",18.8,"Portugal, Alemania, Francia",18.8,68.8,68.8,provisional
2025,E,Industrial,7,BIENES DE CONSUMO DURADERO,73,MUEBLES,730,MUEBLES,7300,MUEBLES,3267.02,"Francia, Portugal, Alemania",7.1,"Francia, Portugal, Alemania",5.0,"Francia, Portugal, Alemania",5.0,"Francia, Portugal, Alemania",5.0,65.0,65.0,provisional
2025,E,Industrial,7,BIENES DE CONSUMO DURADERO,74,OTROS BIENES CONSUMO DURADERO,740,OTROS BIENES CONSUMO DURADERO,7400,OTROS BIENES CONSUMO DURADERO,717.47,"Francia, Portugal, Alemania",7.1,"Francia, Portugal, Alemania",9.5,"Francia, Portugal, Alemania",9.5,"Francia, Portugal, Alemania",9.5,71.5,71.5,provisional
2025,E,Industrial,8,MANUFACTURAS DE CONSUMO,81,TEXTILES Y CONFECCIÓN,811,FIBRAS TEXTILES,8110,FIBRAS TEXTILES,300.71,"Francia, Italia, Portugal",3.8,"Francia, Italia, Portugal",1.7,"Bélgica, Emiratos Árabes Unidos, Pakistán",6.1,"Bélgica, Emiratos Árabes Unidos, Pakistán",6.1,53.7,53.7,provisional
2025,E,Industrial,8,MANUFACTURAS DE CONSUMO,81,TEXTILES Y CONFECCIÓN,812,HILADOS,8120,HILADOS,402.15,"Francia, Italia, Portugal",3.8,"Francia, Italia, Portugal",1.7,"Italia, Alemania, Francia",-6.7,"Italia, Alemania, Francia",-6.7,77.8,77.8,provisional
2025,E,Industrial,8,MANUFACTURAS DE CONSUMO,81,TEXTILES Y CONFECCIÓN,813,TEJIDOS,8130,TEJIDOS,2007.33,"Francia, Italia, Portugal",3.8,"Francia, Italia, Portugal",1.7,"Marruecos, Francia, Italia",-4.6,"Marruecos, Francia, Italia",-4.6,32.6,32.6,provisional
2025,E,Industrial,8,MANUFACTURAS DE CONSUMO,81,TEXTILES Y CONFECCIÓN,814,VESTUARIO,8141,ROPA DE PUNTO,2076.40,"Francia, Italia, Portugal",3.8,"Francia, Italia, Portugal",1.7,"Francia, Italia, Polonia",2.3,"Francia, Italia, Portugal",4.3,79.9,84.7,provisional
2025,E,Industrial,8,MANUFACTURAS DE CONSUMO,81,TEXTILES Y CONFECCIÓN,814,VESTUARIO,8142,ROPA NO DE PUNTO,6396.87,"Francia, Italia, Portugal",3.8,"Francia, Italia, Portugal",1.7,"Francia, Italia, Polonia",2.3,"Francia, Polonia, Italia",-1.1,79.9,79.8,provisional
2025,E,Industrial,8,MANUFACTURAS DE CONSUMO,81,TEXTILES Y CONFECCIÓN,814,VESTUARIO,8143,RESTO DE PRENDAS,6273.38,"Francia, Italia, Portugal",3.8,"Francia, Italia, Portugal",1.7,"Francia, Italia, Polonia",2.3,"Francia, Italia, Portugal",5.4,79.9,78.4,provisional
2025,E,Industrial,8,MANUFACTURAS DE CONSUMO,81,TEXTILES Y CONFECCIÓN,815,RESTO TEXTILES,8150,RESTO TEXTILES,1960.73,"Francia, Italia, Portugal",3.8,"Francia, Italia, Portugal",1.7,"Francia, Portugal, Marruecos",4.7,"Francia, Portugal, Marruecos",4.7,65.4,65.4,provisional
2025,E,Industrial,8,MANUFACTURAS DE CONSUMO,82,CALZADO,820,CALZADO,8200,CALZADO,3606.34,"Francia, Italia, Portugal",3.8,"Francia, Italia, Alemania",-1.6,"Francia, Italia, Alemania",-1.6,"Francia, Italia, Alemania",-1.6,77.0,77.0,provisional
2025,E,Industrial,8,MANUFACTURAS DE CONSUMO,83,JUGUETES,830,JUGUETES,8300,JUGUETES,2516.89,"Francia, Italia, Portugal",3.8,"Francia, Italia, Portugal",37.3,"Francia, Italia, Portugal",37.3,"Francia, Italia, Portugal",37.3,82.2,82.2,provisional
2025,E,Industrial,8,MANUFACTURAS DE CONSUMO,84,ALFARERÍA,840,ALFARERÍA,8400,ALFARERÍA,129.97,"Francia, Italia, Portugal",3.8,"Francia, Portugal, Italia",8.0,"Francia, Portugal, Italia",8.0,"Francia, Portugal, Italia",8.0,60.5,60.5,provisional
2025,E,Industrial,8,MANUFACTURAS DE CONSUMO,85,JOYERÍA Y RELOJES,850,JOYERÍA Y RELOJES,8500,JOYERÍA Y RELOJES,1412.99,"Francia, Italia, Portugal",3.8,"Francia, Portugal, Suiza",23.5,"Francia, Portugal, Suiza",23.5,"Francia, Portugal, Suiza",23.5,55.2,55.2,provisional
2025,E,Industrial,8,MANUFACTURAS DE CONSUMO,86,CUERO Y MANUFACTURAS DEL CUERO,860,CUERO Y MANUFACTURAS DEL CUERO,8600,CUERO Y MANUFACTURAS DEL CUERO,527.55,"Francia, Italia, Portugal",3.8,"Italia, Francia, Portugal",-0.3,"Italia, Francia, Portugal",-0.3,"Italia, Francia, Portugal",-0.3,74.9,74.9,provisional
2025,E,Industrial,8,MANUFACTURAS DE CONSUMO,87,OTRAS MANUFACTURAS DE CONSUMO,870,OTRAS MANUFACTURAS DE CONSUMO,8700,OTRAS MANUFACTURAS DE CONSUMO,7960.81,"Francia, Italia, Portugal",3.8,"Francia, Portugal, Italia",1.1,"Francia, Portugal, Italia",1.1,"Francia, Portugal, Italia",1.1,59.9,59.9,provisional
2025,I,Agroalimentario,11,Sectores Cárnicos,1111,Bovino,111111,Animales vivos de bovinos,NA,NA,689.27,"Países Bajos, Francia, Polonia",28.3,"Francia, Países Bajos, Polonia",44.9,"Francia, Portugal, Irlanda",75.4,"Francia, Portugal, Irlanda",75.4,98.5,NA,provisional
2025,I,Agroalimentario,11,Sectores Cárnicos,1111,Bovino,111112,Carne fresca o refrigerada de bovino,NA,NA,1137.01,"Países Bajos, Francia, Polonia",28.3,"Francia, Países Bajos, Polonia",44.9,"Países Bajos, Polonia, Alemania",30.6,"Países Bajos, Polonia, Alemania",30.6,88.0,NA,provisional
2025,I,Agroalimentario,11,Sectores Cárnicos,1111,Bovino,111113,Carne congelada de bovino,NA,NA,308.11,"Países Bajos, Francia, Polonia",28.3,"Francia, Países Bajos, Polonia",44.9,"Brasil, Países Bajos, Polonia",60.4,"Brasil, Países Bajos, Polonia",60.4,71.4,NA,provisional
2025,I,Agroalimentario,11,Sectores Cárnicos,1111,Bovino,111114,Preparaciones y despojos de bovino,NA,NA,71.41,"Países Bajos, Francia, Polonia",28.3,"Francia, Países Bajos, Polonia",44.9,"Países Bajos, Alemania, Portugal",11.8,"Países Bajos, Alemania, Portugal",11.8,93.2,NA,provisional
2025,I,Agroalimentario,11,Sectores Cárnicos,1111,Bovino,111115,Despojos de bovino,NA,NA,37.79,"Países Bajos, Francia, Polonia",28.3,"Francia, Países Bajos, Polonia",44.9,"Alemania, Francia, Polonia",32.0,"Alemania, Francia, Polonia",32.0,96.0,NA,provisional
2025,I,Agroalimentario,11,Sectores Cárnicos,1112,Ovino-caprino,111211,Animales vivos de ovino-caprino,NA,NA,30.56,"Países Bajos, Francia, Polonia",28.3,"Italia, Francia, Grecia",16.4,"Francia, Grecia, Rumanía",39.8,"Francia, Grecia, Rumanía",39.8,100.0,NA,provisional
2025,I,Agroalimentario,11,Sectores Cárnicos,1112,Ovino-caprino,111212,Carne de ovino-caprino,NA,NA,84.91,"Países Bajos, Francia, Polonia",28.3,"Italia, Francia, Grecia",16.4,"Italia, Francia, Nueva Zelanda",11.4,"Italia, Francia, Nueva Zelanda",11.4,74.7,NA,provisional
2025,I,Agroalimentario,11,Sectores Cárnicos,1112,Ovino-caprino,111213,Preparaciones de ovino-caprino,NA,NA,4.20,"Países Bajos, Francia, Polonia",28.3,"Italia, Francia, Grecia",16.4,"Alemania, Francia, Rumanía",1.9,"Alemania, Francia, Rumanía",1.9,98.9,NA,provisional
2025,I,Agroalimentario,11,Sectores Cárnicos,1112,Ovino-caprino,111214,Despojos,NA,NA,2.43,"Países Bajos, Francia, Polonia",28.3,"Italia, Francia, Grecia",16.4,"Portugal, Nueva Zelanda, Francia",-11.0,"Portugal, Nueva Zelanda, Francia",-11.0,80.8,NA,provisional
2025,I,Agroalimentario,11,Sectores Cárnicos,1113,Porcino,111311,Animales vivos de porcino,NA,NA,466.91,"Países Bajos, Francia, Polonia",28.3,"Países Bajos, Alemania, Portugal",10.9,"Países Bajos, Bélgica, Portugal",1.7,"Países Bajos, Bélgica, Portugal",1.7,99.9,NA,provisional
2025,I,Agroalimentario,11,Sectores Cárnicos,1113,Porcino,111312,Carne fresca y refrigerada de porcino,NA,NA,234.77,"Países Bajos, Francia, Polonia",28.3,"Países Bajos, Alemania, Portugal",10.9,"Países Bajos, Portugal, Polonia",35.9,"Países Bajos, Portugal, Polonia",35.9,99.9,NA,provisional
2025,I,Agroalimentario,11,Sectores Cárnicos,1113,Porcino,111313,Carne congelada de porcino,NA,NA,129.72,"Países Bajos, Francia, Polonia",28.3,"Países Bajos, Alemania, Portugal",10.9,"Alemania, Francia, Dinamarca",-1.3,"Alemania, Francia, Dinamarca",-1.3,93.1,NA,provisional
2025,I,Agroalimentario,11,Sectores Cárnicos,1113,Porcino,111314,Tocino de porcino,NA,NA,11.23,"Países Bajos, Francia, Polonia",28.3,"Países Bajos, Alemania, Portugal",10.9,"Alemania, Polonia, Francia",23.5,"Alemania, Polonia, Francia",23.5,98.9,NA,provisional
2025,I,Agroalimentario,11,Sectores Cárnicos,1113,Porcino,111315,Jamones y paleta de porcino,NA,NA,35.64,"Países Bajos, Francia, Polonia",28.3,"Países Bajos, Alemania, Portugal",10.9,"Italia, Alemania, Portugal",22.1,"Italia, Alemania, Portugal",22.1,94.8,NA,provisional
2025,I,Agroalimentario,11,Sectores Cárnicos,1113,Porcino,111316,Preparaciones de porcino,NA,NA,287.30,"Países Bajos, Francia, Polonia",28.3,"Países Bajos, Alemania, Portugal",10.9,"Italia, Alemania, Dinamarca",18.1,"Italia, Alemania, Dinamarca",18.1,99.0,NA,provisional
2025,I,Agroalimentario,11,Sectores Cárnicos,1113,Porcino,111317,Despojos de porcino,NA,NA,37.95,"Países Bajos, Francia, Polonia",28.3,"Países Bajos, Alemania, Portugal",10.9,"Alemania, Polonia, Países Bajos",-6.7,"Alemania, Polonia, Países Bajos",-6.7,98.7,NA,provisional
2025,I,Agroalimentario,11,Sectores Cárnicos,1114,Aves y huevos,111411,Animales vivos de aves,NA,NA,64.43,"Países Bajos, Francia, Polonia",28.3,"Polonia, Países Bajos, Francia",24.8,"Portugal, Francia, Reino Unido",16.8,"Portugal, Francia, Reino Unido",16.8,78.8,NA,provisional
2025,I,Agroalimentario,11,Sectores Cárnicos,1114,Aves y huevos,111412,Carne de aves,NA,NA,739.41,"Países Bajos, Francia, Polonia",28.3,"Polonia, Países Bajos, Francia",24.8,"Polonia, Países Bajos, Alemania",22.6,"Polonia, Países Bajos, Alemania",22.6,87.2,NA,provisional
2025,I,Agroalimentario,11,Sectores Cárnicos,1114,Aves y huevos,111413,Huevos y Ovoproductos,NA,NA,263.56,"Países Bajos, Francia, Polonia",28.3,"Polonia, Países Bajos, Francia",24.8,"Portugal, Francia, Ucrania",44.7,"Portugal, Francia, Ucrania",44.7,79.7,NA,provisional
2025,I,Agroalimentario,11,Sectores Cárnicos,1114,Aves y huevos,111414,Preparados de aves,NA,NA,295.70,"Países Bajos, Francia, Polonia",28.3,"Polonia, Países Bajos, Francia",24.8,"Países Bajos, Francia, Alemania",17.3,"Países Bajos, Francia, Alemania",17.3,88.6,NA,provisional
2025,I,Agroalimentario,11,Sectores Cárnicos,1115,Otros animales,111511,Otros animales vivos,NA,NA,71.86,"Países Bajos, Francia, Polonia",28.3,"Francia, Bélgica, Portugal",10.5,"Francia, Bélgica, Países Bajos",8.4,"Francia, Bélgica, Países Bajos",8.4,82.3,NA,provisional
2025,I,Agroalimentario,11,Sectores Cárnicos,1115,Otros animales,111512,Carne de otros animales,NA,NA,29.40,"Países Bajos, Francia, Polonia",28.3,"Francia, Bélgica, Portugal",10.5,"Francia, Portugal, Italia",16.0,"Francia, Portugal, Italia",16.0,93.8,NA,provisional
2025,I,Agroalimentario,12,Lácteos,1211,Lácteos,121111,Leche,NA,NA,468.61,"Países Bajos, Francia, Alemania",10.4,"Países Bajos, Francia, Alemania",10.4,"Francia, Portugal, Países Bajos",8.0,"Francia, Portugal, Países Bajos",8.0,98.3,NA,provisional
2025,I,Agroalimentario,12,Lácteos,1211,Lácteos,121112,Mantequilla,NA,NA,257.95,"Países Bajos, Francia, Alemania",10.4,"Países Bajos, Francia, Alemania",10.4,"Países Bajos, Francia, Bélgica",5.2,"Países Bajos, Francia, Bélgica",5.2,97.4,NA,provisional
2025,I,Agroalimentario,12,Lácteos,1211,Lácteos,121113,Quesos,NA,NA,2162.87,"Países Bajos, Francia, Alemania",10.4,"Países Bajos, Francia, Alemania",10.4,"Países Bajos, Alemania, Italia",10.8,"Países Bajos, Alemania, Italia",10.8,98.1,NA,provisional
2025,I,Agroalimentario,12,Lácteos,1211,Lácteos,121114,Yogures y lactosueros,NA,NA,470.51,"Países Bajos, Francia, Alemania",10.4,"Países Bajos, Francia, Alemania",10.4,"Francia, Alemania, Portugal",14.2,"Francia, Alemania, Portugal",14.2,95.7,NA,provisional
2025,I,Agroalimentario,13,Pesca,1311,Pesca,131111,Peces vivos,NA,NA,108.24,"Marruecos, Ecuador, Portugal",9.8,"Marruecos, Ecuador, Portugal",9.8,"Suecia, Francia, Dinamarca",-29.5,"Suecia, Francia, Dinamarca",-29.5,93.4,NA,provisional
2025,I,Agroalimentario,13,Pesca,1311,Pesca,131112,Pescado fresco,NA,NA,1718.78,"Marruecos, Ecuador, Portugal",9.8,"Marruecos, Ecuador, Portugal",9.8,"Suecia, Noruega, Grecia",6.3,"Suecia, Noruega, Grecia",6.3,67.5,NA,provisional
2025,I,Agroalimentario,13,Pesca,1311,Pesca,131112,Pescado fresco,1311121,Merluza fresca,138.59,"Marruecos, Ecuador, Portugal",9.8,"Marruecos, Ecuador, Portugal",9.8,"Suecia, Noruega, Grecia",6.3,"Francia, Chile, Dinamarca",-2.6,67.5,61.0,provisional
2025,I,Agroalimentario,13,Pesca,1311,Pesca,131112,Pescado fresco,1311122,Atún fresco,45.11,"Marruecos, Ecuador, Portugal",9.8,"Marruecos, Ecuador, Portugal",9.8,"Suecia, Noruega, Grecia",6.3,"Francia, Italia, Marruecos",12.4,67.5,70.2,provisional
2025,I,Agroalimentario,13,Pesca,1311,Pesca,131112,Pescado fresco,1311123,Bacalao fresco,23.30,"Marruecos, Ecuador, Portugal",9.8,"Marruecos, Ecuador, Portugal",9.8,"Suecia, Noruega, Grecia",6.3,"Noruega, Dinamarca, Islandia",-4.0,67.5,50.4,provisional
2025,I,Agroalimentario,13,Pesca,1311,Pesca,131112,Pescado fresco,1311124,Rape fresco,61.19,"Marruecos, Ecuador, Portugal",9.8,"Marruecos, Ecuador, Portugal",9.8,"Suecia, Noruega, Grecia",6.3,"Francia, Irlanda, Dinamarca",2.2,67.5,88.7,provisional
2025,I,Agroalimentario,13,Pesca,1311,Pesca,131112,Pescado fresco,1311125,Otro pescado fresco,1450.59,"Marruecos, Ecuador, Portugal",9.8,"Marruecos, Ecuador, Portugal",9.8,"Suecia, Noruega, Grecia",6.3,"Suecia, Noruega, Grecia",7.4,67.5,67.5,provisional
2025,I,Agroalimentario,13,Pesca,1311,Pesca,131113,Pescado congelado,NA,NA,1757.40,"Marruecos, Ecuador, Portugal",9.8,"Marruecos, Ecuador, Portugal",9.8,"Namibia, China, Portugal",11.2,"Namibia, China, Portugal",11.2,19.9,NA,provisional
2025,I,Agroalimentario,13,Pesca,1311,Pesca,131113,Pescado congelado,1311131,Atún congelado,234.93,"Marruecos, Ecuador, Portugal",9.8,"Marruecos, Ecuador, Portugal",9.8,"Namibia, China, Portugal",11.2,"Seychelles, México, Francia",-13.1,19.9,14.1,provisional
2025,I,Agroalimentario,13,Pesca,1311,Pesca,131113,Pescado congelado,1311132,Merluza congelada (entera y filetes),389.70,"Marruecos, Ecuador, Portugal",9.8,"Marruecos, Ecuador, Portugal",9.8,"Namibia, China, Portugal",11.2,"Namibia, Sudáfrica, Argentina",15.8,19.9,1.7,provisional
2025,I,Agroalimentario,13,Pesca,1311,Pesca,131113,Pescado congelado,1311133,Otro pescado congelado,1132.77,"Marruecos, Ecuador, Portugal",9.8,"Marruecos, Ecuador, Portugal",9.8,"Namibia, China, Portugal",11.2,"China, Portugal, Islandia",16.4,19.9,27.3,provisional
2025,I,Agroalimentario,13,Pesca,1311,Pesca,131114,"Moluscos, crustáceos y otros invertebrados acuáticos",NA,NA,3966.22,"Marruecos, Ecuador, Portugal",9.8,"Marruecos, Ecuador, Portugal",9.8,"Marruecos, Ecuador, Mauritania",12.6,"Marruecos, Ecuador, Mauritania",12.6,15.3,NA,provisional
2025,I,Agroalimentario,13,Pesca,1311,Pesca,131114,"Moluscos, crustáceos y otros invertebrados acuáticos",1311141,Mejillón,15.73,"Marruecos, Ecuador, Portugal",9.8,"Marruecos, Ecuador, Portugal",9.8,"Marruecos, Ecuador, Mauritania",12.6,"Nueva Zelanda, Francia, Italia",-5.7,15.3,60.2,provisional
2025,I,Agroalimentario,13,Pesca,1311,Pesca,131114,"Moluscos, crustáceos y otros invertebrados acuáticos",1311142,Calamar y sepia,1425.17,"Marruecos, Ecuador, Portugal",9.8,"Marruecos, Ecuador, Portugal",9.8,"Marruecos, Ecuador, Mauritania",12.6,"Marruecos, Islas Malvinas, Perú",17.9,15.3,7.6,provisional
2025,I,Agroalimentario,13,Pesca,1311,Pesca,131114,"Moluscos, crustáceos y otros invertebrados acuáticos",1311143,Pulpo,860.95,"Marruecos, Ecuador, Portugal",9.8,"Marruecos, Ecuador, Portugal",9.8,"Marruecos, Ecuador, Mauritania",12.6,"Mauritania, Marruecos, Portugal",27.1,15.3,11.1,provisional
2025,I,Agroalimentario,13,Pesca,1311,Pesca,131114,"Moluscos, crustáceos y otros invertebrados acuáticos",1311144,Langostino y gamba,1157.13,"Marruecos, Ecuador, Portugal",9.8,"Marruecos, Ecuador, Portugal",9.8,"Marruecos, Ecuador, Mauritania",12.6,"Ecuador, Argentina, China",4.1,15.3,10.7,provisional
2025,I,Agroalimentario,13,Pesca,1311,Pesca,131114,"Moluscos, crustáceos y otros invertebrados acuáticos",1311145,Almeja y ostra,135.67,"Marruecos, Ecuador, Portugal",9.8,"Marruecos, Ecuador, Portugal",9.8,"Marruecos, Ecuador, Mauritania",12.6,"Italia, Portugal, Francia",-6.4,15.3,81.9,provisional
2025,I,Agroalimentario,13,Pesca,1311,Pesca,131114,"Moluscos, crustáceos y otros invertebrados acuáticos",1311146,Otros moluscos y crustáceos,371.57,"Marruecos, Ecuador, Portugal",9.8,"Marruecos, Ecuador, Portugal",9.8,"Marruecos, Ecuador, Mauritania",12.6,"Francia, Canadá, Perú",2.7,15.3,42.5,provisional
2025,I,Agroalimentario,13,Pesca,1311,Pesca,131115,Los demás preparados de productos de la pesca,NA,NA,268.72,"Marruecos, Ecuador, Portugal",9.8,"Marruecos, Ecuador, Portugal",9.8,"Islandia, Islas Feroe, Alemania",18.1,"Islandia, Islas Feroe, Alemania",18.1,35.3,NA,provisional
2025,I,Agroalimentario,13,Pesca,1311,Pesca,131116,Conservas de pescados,NA,NA,1325.75,"Marruecos, Ecuador, Portugal",9.8,"Marruecos, Ecuador, Portugal",9.8,"Ecuador, Portugal, China",9.5,"Ecuador, Portugal, China",9.5,19.1,NA,provisional
2025,I,Agroalimentario,13,Pesca,1311,Pesca,131116,Conservas de pescados,1311161,Atún y bonito en conserva,929.81,"Marruecos, Ecuador, Portugal",9.8,"Marruecos, Ecuador, Portugal",9.8,"Ecuador, Portugal, China",9.5,"Ecuador, China, Portugal",8.3,19.1,11.1,provisional
2025,I,Agroalimentario,13,Pesca,1311,Pesca,131116,Conservas de pescados,1311162,Anchoa en conserva,109.10,"Marruecos, Ecuador, Portugal",9.8,"Marruecos, Ecuador, Portugal",9.8,"Ecuador, Portugal, China",9.5,"Marruecos, Perú, Croacia",7.9,19.1,6.4,provisional
2025,I,Agroalimentario,13,Pesca,1311,Pesca,131116,Conservas de pescados,1311163,Sardina y caballa en conserva,104.58,"Marruecos, Ecuador, Portugal",9.8,"Marruecos, Ecuador, Portugal",9.8,"Ecuador, Portugal, China",9.5,"Portugal, Marruecos, Cabo Verde",34.4,19.1,50.8,provisional
2025,I,Agroalimentario,13,Pesca,1311,Pesca,131116,Conservas de pescados,1311165,Otras conservas de pescado,182.26,"Marruecos, Ecuador, Portugal",9.8,"Marruecos, Ecuador, Portugal",9.8,"Ecuador, Portugal, China",9.5,"Marruecos, Francia, Portugal",5.4,19.1,49.1,provisional
2025,I,Agroalimentario,13,Pesca,1311,Pesca,131117,Conservas de moluscos y crustáceos,NA,NA,217.89,"Marruecos, Ecuador, Portugal",9.8,"Marruecos, Ecuador, Portugal",9.8,"Chile, Vietnam, Países Bajos",-0.9,"Chile, Vietnam, Países Bajos",-0.9,19.2,NA,provisional
2025,I,Agroalimentario,13,Pesca,1311,Pesca,131117,Conservas de moluscos y crustáceos,1311171,Mejillón en conserva,90.69,"Marruecos, Ecuador, Portugal",9.8,"Marruecos, Ecuador, Portugal",9.8,"Chile, Vietnam, Países Bajos",-0.9,"Chile, Bulgaria, Reino Unido",1.8,19.2,1.2,provisional
2025,I,Agroalimentario,13,Pesca,1311,Pesca,131117,Conservas de moluscos y crustáceos,1311172,"Almeja, berberecho y arca en conserva",63.18,"Marruecos, Ecuador, Portugal",9.8,"Marruecos, Ecuador, Portugal",9.8,"Chile, Vietnam, Países Bajos",-0.9,"Vietnam, Países Bajos, Turquía",-19.1,19.2,26.2,provisional
2025,I,Agroalimentario,13,Pesca,1311,Pesca,131117,Conservas de moluscos y crustáceos,1311174,Pulpo en conserva,4.41,"Marruecos, Ecuador, Portugal",9.8,"Marruecos, Ecuador, Portugal",9.8,"Chile, Vietnam, Países Bajos",-0.9,"Portugal, Francia, Senegal",33.7,19.2,81.5,provisional
2025,I,Agroalimentario,13,Pesca,1311,Pesca,131117,Conservas de moluscos y crustáceos,1311175,Sepia y calamar en conserva,11.18,"Marruecos, Ecuador, Portugal",9.8,"Marruecos, Ecuador, Portugal",9.8,"Chile, Vietnam, Países Bajos",-0.9,"Perú, Francia, Chile",79.2,19.2,23.4,provisional
2025,I,Agroalimentario,13,Pesca,1311,Pesca,131117,Conservas de moluscos y crustáceos,1311176,Otras conservas de moluscos y crustáceos,48.43,"Marruecos, Ecuador, Portugal",9.8,"Marruecos, Ecuador, Portugal",9.8,"Chile, Vietnam, Países Bajos",-0.9,"Vietnam, Honduras, Guatemala",12.0,19.2,37.1,provisional
2025,I,Agroalimentario,14,Cereales y productos de molinera,1411,Cereales,141111,Trigo,NA,NA,1465.61,"Francia, Estados Unidos, Ucrania",-11.6,"Francia, Estados Unidos, Ucrania",-11.6,"Francia, Ucrania, Canadá",-18.3,"Francia, Ucrania, Canadá",-18.3,61.2,NA,provisional
2025,I,Agroalimentario,14,Cereales y productos de molinera,1411,Cereales,141112,Cebada,NA,NA,116.93,"Francia, Estados Unidos, Ucrania",-11.6,"Francia, Estados Unidos, Ucrania",-11.6,"Francia, Alemania, Bulgaria",-65.8,"Francia, Alemania, Bulgaria",-65.8,94.2,NA,provisional
2025,I,Agroalimentario,14,Cereales y productos de molinera,1411,Cereales,141113,Maíz,NA,NA,1997.96,"Francia, Estados Unidos, Ucrania",-11.6,"Francia, Estados Unidos, Ucrania",-11.6,"Estados Unidos, Francia, Ucrania",-2.6,"Estados Unidos, Francia, Ucrania",-2.6,24.5,NA,provisional
2025,I,Agroalimentario,14,Cereales y productos de molinera,1411,Cereales,141114,Arroz,NA,NA,260.59,"Francia, Estados Unidos, Ucrania",-11.6,"Francia, Estados Unidos, Ucrania",-11.6,"Argentina, Myanmar, India",-15.3,"Argentina, Myanmar, India",-15.3,17.9,NA,provisional
2025,I,Agroalimentario,14,Cereales y productos de molinera,1411,Cereales,141115,Otros cereales,NA,NA,238.80,"Francia, Estados Unidos, Ucrania",-11.6,"Francia, Estados Unidos, Ucrania",-11.6,"Estados Unidos, Francia, Polonia",24.4,"Estados Unidos, Francia, Polonia",24.4,54.8,NA,provisional
2025,I,Agroalimentario,14,Cereales y productos de molinera,1411,Cereales,141116,Harina de trigo,NA,NA,69.01,"Francia, Estados Unidos, Ucrania",-11.6,"Francia, Estados Unidos, Ucrania",-11.6,"Italia, Francia, Portugal",7.6,"Italia, Francia, Portugal",7.6,95.4,NA,provisional
2025,I,Agroalimentario,14,Cereales y productos de molinera,1411,Cereales,141117,Otras harinas,NA,NA,117.92,"Francia, Estados Unidos, Ucrania",-11.6,"Francia, Estados Unidos, Ucrania",-11.6,"Italia, Francia, Países Bajos",-4.8,"Italia, Francia, Países Bajos",-4.8,96.0,NA,provisional
2025,I,Agroalimentario,14,Cereales y productos de molinera,1411,Cereales,141118,Malta,NA,NA,22.98,"Francia, Estados Unidos, Ucrania",-11.6,"Francia, Estados Unidos, Ucrania",-11.6,"Francia, Bélgica, Alemania",-4.8,"Francia, Bélgica, Alemania",-4.8,93.1,NA,provisional
2025,I,Agroalimentario,14,Cereales y productos de molinera,1411,Cereales,141119,Almidón,NA,NA,103.29,"Francia, Estados Unidos, Ucrania",-11.6,"Francia, Estados Unidos, Ucrania",-11.6,"Países Bajos, Bélgica, Alemania",3.7,"Países Bajos, Bélgica, Alemania",3.7,89.4,NA,provisional
2025,I,Agroalimentario,14,Cereales y productos de molinera,1411,Cereales,141120,Grañones y sémola de trigo,NA,NA,5.72,"Francia, Estados Unidos, Ucrania",-11.6,"Francia, Estados Unidos, Ucrania",-11.6,"Italia, Países Bajos, Portugal",-24.0,"Italia, Países Bajos, Portugal",-24.0,95.7,NA,provisional
2025,I,Agroalimentario,14,Cereales y productos de molinera,1411,Cereales,141121,Otros productos de cereales,NA,NA,118.91,"Francia, Estados Unidos, Ucrania",-11.6,"Francia, Estados Unidos, Ucrania",-11.6,"Francia, Bélgica, Alemania",15.9,"Francia, Bélgica, Alemania",15.9,92.8,NA,provisional
2025,I,Agroalimentario,15,Industrias alimentarias y piensos,1511,Industrias alimentarias,151111,Residuos de productos alimentarios,NA,NA,1679.60,"Brasil, Francia, Argentina",-1.9,"Brasil, Francia, Argentina",-1.9,"Brasil, Argentina, Francia",-4.8,"Brasil, Argentina, Francia",-4.8,17.9,NA,provisional
2025,I,Agroalimentario,15,Industrias alimentarias y piensos,1511,Industrias alimentarias,151112,Piensos,NA,NA,1113.12,"Brasil, Francia, Argentina",-1.9,"Brasil, Francia, Argentina",-1.9,"Francia, Países Bajos, Alemania",2.7,"Francia, Países Bajos, Alemania",2.7,89.4,NA,provisional
2025,I,Agroalimentario,16,Flores y plantas,1611,Flores y plantas,161111,Flores y plantas,NA,NA,419.30,"Países Bajos, Colombia, Ecuador",13.5,"Países Bajos, Colombia, Ecuador",13.5,"Países Bajos, Colombia, Ecuador",13.5,"Países Bajos, Colombia, Ecuador",13.5,58.4,NA,provisional
2025,I,Agroalimentario,17,Hortalizas y legumbres,1711,Hortalizas y legumbres,171111,Tomate,NA,NA,316.45,"Marruecos, Francia, Portugal",1.6,"Marruecos, Francia, Portugal",1.6,"Marruecos, Portugal, Países Bajos",41.2,"Marruecos, Portugal, Países Bajos",41.2,54.7,NA,provisional
2025,I,Agroalimentario,17,Hortalizas y legumbres,1711,Hortalizas y legumbres,171112,Pimiento,NA,NA,166.36,"Marruecos, Francia, Portugal",1.6,"Marruecos, Francia, Portugal",1.6,"Marruecos, Portugal, Países Bajos",22.4,"Marruecos, Portugal, Países Bajos",22.4,11.7,NA,provisional
2025,I,Agroalimentario,17,Hortalizas y legumbres,1711,Hortalizas y legumbres,171113,Pepino,NA,NA,30.90,"Marruecos, Francia, Portugal",1.6,"Marruecos, Francia, Portugal",1.6,"Marruecos, Alemania, Portugal",29.8,"Marruecos, Alemania, Portugal",29.8,31.6,NA,provisional
2025,I,Agroalimentario,17,Hortalizas y legumbres,1711,Hortalizas y legumbres,171114,Lechuga,NA,NA,51.04,"Marruecos, Francia, Portugal",1.6,"Marruecos, Francia, Portugal",1.6,"Francia, Países Bajos, Italia",-7.4,"Francia, Países Bajos, Italia",-7.4,99.5,NA,provisional
2025,I,Agroalimentario,17,Hortalizas y legumbres,1711,Hortalizas y legumbres,171115,Patata,NA,NA,461.97,"Marruecos, Francia, Portugal",1.6,"Marruecos, Francia, Portugal",1.6,"Francia, Países Bajos, Portugal",-17.7,"Francia, Países Bajos, Portugal",-17.7,83.7,NA,provisional
2025,I,Agroalimentario,17,Hortalizas y legumbres,1711,Hortalizas y legumbres,171116,Cebolla,NA,NA,97.90,"Marruecos, Francia, Portugal",1.6,"Marruecos, Francia, Portugal",1.6,"Perú, Países Bajos, Chile",20.8,"Perú, Países Bajos, Chile",20.8,27.4,NA,provisional
2025,I,Agroalimentario,17,Hortalizas y legumbres,1711,Hortalizas y legumbres,171117,Ajos,NA,NA,40.88,"Marruecos, Francia, Portugal",1.6,"Marruecos, Francia, Portugal",1.6,"China, Países Bajos, Argentina",15.5,"China, Países Bajos, Argentina",15.5,31.6,NA,provisional
2025,I,Agroalimentario,17,Hortalizas y legumbres,1711,Hortalizas y legumbres,171118,Zanahoria,NA,NA,12.41,"Marruecos, Francia, Portugal",1.6,"Marruecos, Francia, Portugal",1.6,"Francia, Portugal, Países Bajos",30.9,"Francia, Portugal, Países Bajos",30.9,94.2,NA,provisional
2025,I,Agroalimentario,17,Hortalizas y legumbres,1711,Hortalizas y legumbres,171119,Las demás hortalizas frescas,NA,NA,450.93,"Marruecos, Francia, Portugal",1.6,"Marruecos, Francia, Portugal",1.6,"Marruecos, Perú, Portugal",-2.3,"Marruecos, Perú, Portugal",-2.3,37.9,NA,provisional
2025,I,Agroalimentario,17,Hortalizas y legumbres,1711,Hortalizas y legumbres,171120,Hortalizas congeladas,NA,NA,281.90,"Marruecos, Francia, Portugal",1.6,"Marruecos, Francia, Portugal",1.6,"Francia, Países Bajos, Bélgica",-2.4,"Francia, Países Bajos, Bélgica",-2.4,77.5,NA,provisional
2025,I,Agroalimentario,17,Hortalizas y legumbres,1711,Hortalizas y legumbres,171121,Hortalizas conservadas o secas,NA,NA,153.35,"Marruecos, Francia, Portugal",1.6,"Marruecos, Francia, Portugal",1.6,"India, China, Portugal",-5.0,"India, China, Portugal",-5.0,39.0,NA,provisional
2025,I,Agroalimentario,17,Hortalizas y legumbres,1711,Hortalizas y legumbres,171122,Legumbres,NA,NA,258.22,"Marruecos, Francia, Portugal",1.6,"Marruecos, Francia, Portugal",1.6,"Estados Unidos, Canadá, Argentina",3.9,"Estados Unidos, Canadá, Argentina",3.9,14.2,NA,provisional
2025,I,Agroalimentario,18,Frutas,1811,Frutas,181111,Cítricos,NA,NA,303.27,"Marruecos, Estados Unidos, Perú",17.8,"Marruecos, Estados Unidos, Perú",17.8,"Sudáfrica, Marruecos, Portugal",24.2,"Sudáfrica, Marruecos, Portugal",24.2,19.1,NA,provisional
2025,I,Agroalimentario,18,Frutas,1811,Frutas,181111,Cítricos,1811111,Naranjas,133.14,"Marruecos, Estados Unidos, Perú",17.8,"Marruecos, Estados Unidos, Perú",17.8,"Sudáfrica, Marruecos, Portugal",24.2,"Sudáfrica, Egipto, Portugal",-8.0,19.1,19.6,provisional
2025,I,Agroalimentario,18,Frutas,1811,Frutas,181111,Cítricos,1811112,Mandarinas y clementinas,74.40,"Marruecos, Estados Unidos, Perú",17.8,"Marruecos, Estados Unidos, Perú",17.8,"Sudáfrica, Marruecos, Portugal",24.2,"Marruecos, Sudáfrica, Perú",66.6,19.1,19.8,provisional
2025,I,Agroalimentario,18,Frutas,1811,Frutas,181111,Cítricos,1811113,Limones y limas,87.89,"Marruecos, Estados Unidos, Perú",17.8,"Marruecos, Estados Unidos, Perú",17.8,"Sudáfrica, Marruecos, Portugal",24.2,"Sudáfrica, Argentina, Brasil",78.8,19.1,15.5,provisional
2025,I,Agroalimentario,18,Frutas,1811,Frutas,181111,Cítricos,1811114,Otros cítricos,7.84,"Marruecos, Estados Unidos, Perú",17.8,"Marruecos, Estados Unidos, Perú",17.8,"Sudáfrica, Marruecos, Portugal",24.2,"Sudáfrica, Portugal, Países Bajos",37.6,19.1,42.6,provisional
2025,I,Agroalimentario,18,Frutas,1811,Frutas,181112,Melones y sandías,NA,NA,181.32,"Marruecos, Estados Unidos, Perú",17.8,"Marruecos, Estados Unidos, Perú",17.8,"Brasil, Marruecos, Senegal",27.0,"Brasil, Marruecos, Senegal",27.0,10.9,NA,provisional
2025,I,Agroalimentario,18,Frutas,1811,Frutas,181112,Melones y sandías,1811121,Melones,94.09,"Marruecos, Estados Unidos, Perú",17.8,"Marruecos, Estados Unidos, Perú",17.8,"Brasil, Marruecos, Senegal",27.0,"Brasil, Senegal, Marruecos",11.9,10.9,7.6,provisional
2025,I,Agroalimentario,18,Frutas,1811,Frutas,181112,Melones y sandías,1811122,Sandías,87.22,"Marruecos, Estados Unidos, Perú",17.8,"Marruecos, Estados Unidos, Perú",17.8,"Brasil, Marruecos, Senegal",27.0,"Marruecos, Mauritania, Senegal",48.6,10.9,14.4,provisional
2025,I,Agroalimentario,18,Frutas,1811,Frutas,181113,Melocotón y nectarina,NA,NA,9.00,"Marruecos, Estados Unidos, Perú",17.8,"Marruecos, Estados Unidos, Perú",17.8,"Marruecos, Chile, Grecia",-17.6,"Marruecos, Chile, Grecia",-17.6,48.4,NA,provisional
2025,I,Agroalimentario,18,Frutas,1811,Frutas,181114,Fresas,NA,NA,37.57,"Marruecos, Estados Unidos, Perú",17.8,"Marruecos, Estados Unidos, Perú",17.8,"Marruecos, Grecia, Portugal",-12.4,"Marruecos, Grecia, Portugal",-12.4,28.8,NA,provisional
2025,I,Agroalimentario,18,Frutas,1811,Frutas,181115,Los demás frutos rojos,NA,NA,745.31,"Marruecos, Estados Unidos, Perú",17.8,"Marruecos, Estados Unidos, Perú",17.8,"Marruecos, Portugal, Perú",19.2,"Marruecos, Portugal, Perú",19.2,17.0,NA,provisional
2025,I,Agroalimentario,18,Frutas,1811,Frutas,181116,Caquis,NA,NA,2.48,"Marruecos, Estados Unidos, Perú",17.8,"Marruecos, Estados Unidos, Perú",17.8,"Perú, Alemania, Uruguay",81.6,"Perú, Alemania, Uruguay",81.6,16.9,NA,provisional
2025,I,Agroalimentario,18,Frutas,1811,Frutas,181117,"Manzanas, peras y membrillos",NA,NA,305.42,"Marruecos, Estados Unidos, Perú",17.8,"Marruecos, Estados Unidos, Perú",17.8,"Italia, Francia, Bélgica",7.5,"Italia, Francia, Bélgica",7.5,89.5,NA,provisional
2025,I,Agroalimentario,18,Frutas,1811,Frutas,181118,Plátano,NA,NA,365.26,"Marruecos, Estados Unidos, Perú",17.8,"Marruecos, Estados Unidos, Perú",17.8,"Costa Rica, Colombia, Costa de Marfil",6.3,"Costa Rica, Colombia, Costa de Marfil",6.3,8.4,NA,provisional
2025,I,Agroalimentario,18,Frutas,1811,Frutas,181119,Almendras y avellanas,NA,NA,565.50,"Marruecos, Estados Unidos, Perú",17.8,"Marruecos, Estados Unidos, Perú",17.8,"Estados Unidos, Portugal, Turquía",38.1,"Estados Unidos, Portugal, Turquía",38.1,16.3,NA,provisional
2025,I,Agroalimentario,18,Frutas,1811,Frutas,181119,Almendras y avellanas,1811191,Almendras,502.74,"Marruecos, Estados Unidos, Perú",17.8,"Marruecos, Estados Unidos, Perú",17.8,"Estados Unidos, Portugal, Turquía",38.1,"Estados Unidos, Portugal, Alemania",40.5,16.3,17.1,provisional
2025,I,Agroalimentario,18,Frutas,1811,Frutas,181119,Almendras y avellanas,1811192,Avellanas,62.76,"Marruecos, Estados Unidos, Perú",17.8,"Marruecos, Estados Unidos, Perú",17.8,"Estados Unidos, Portugal, Turquía",38.1,"Turquía, Georgia, Chile",21.5,16.3,9.9,provisional
2025,I,Agroalimentario,18,Frutas,1811,Frutas,181120,Uva,NA,NA,244.98,"Marruecos, Estados Unidos, Perú",17.8,"Marruecos, Estados Unidos, Perú",17.8,"Perú, Italia, Chile",21.6,"Perú, Italia, Chile",21.6,24.8,NA,provisional
2025,I,Agroalimentario,18,Frutas,1811,Frutas,181121,Las demás frutas frescas y desecadas,NA,NA,2434.77,"Marruecos, Estados Unidos, Perú",17.8,"Marruecos, Estados Unidos, Perú",17.8,"Perú, Estados Unidos, Nueva Zelanda",14.8,"Perú, Estados Unidos, Nueva Zelanda",14.8,19.6,NA,provisional
2025,I,Agroalimentario,18,Frutas,1811,Frutas,181122,Frutas congeladas,NA,NA,128.79,"Marruecos, Estados Unidos, Perú",17.8,"Marruecos, Estados Unidos, Perú",17.8,"Bélgica, Marruecos, Perú",46.4,"Bélgica, Marruecos, Perú",46.4,48.6,NA,provisional
2025,I,Agroalimentario,18,Frutas,1811,Frutas,181123,Frutas conservadas provisionalmente y cortezas,NA,NA,15.76,"Marruecos, Estados Unidos, Perú",17.8,"Marruecos, Estados Unidos, Perú",17.8,"Perú, Argentina, México",-18.0,"Perú, Argentina, México",-18.0,37.6,NA,provisional
2025,I,Agroalimentario,19,Conservas vegetales,1911,Conservas vegetales,191111,Tomate,NA,NA,75.39,"Bélgica, Francia, Países Bajos",7.8,"Bélgica, Francia, Países Bajos",7.8,"Portugal, Italia, China",-33.2,"Portugal, Italia, China",-33.2,78.3,NA,provisional
2025,I,Agroalimentario,19,Conservas vegetales,1911,Conservas vegetales,191112,Aceituna,NA,NA,61.68,"Bélgica, Francia, Países Bajos",7.8,"Bélgica, Francia, Países Bajos",7.8,"Egipto, Portugal, Grecia",8.2,"Egipto, Portugal, Grecia",8.2,50.4,NA,provisional
2025,I,Agroalimentario,19,Conservas vegetales,1911,Conservas vegetales,191113,Espárragos,NA,NA,93.73,"Bélgica, Francia, Países Bajos",7.8,"Bélgica, Francia, Países Bajos",7.8,"China, Perú, Alemania",48.1,"China, Perú, Alemania",48.1,1.3,NA,provisional
2025,I,Agroalimentario,19,Conservas vegetales,1911,Conservas vegetales,191114,Las demás hortalizas,NA,NA,833.47,"Bélgica, Francia, Países Bajos",7.8,"Bélgica, Francia, Países Bajos",7.8,"Bélgica, Perú, Francia",7.7,"Bélgica, Perú, Francia",7.7,70.9,NA,provisional
2025,I,Agroalimentario,19,Conservas vegetales,1911,Conservas vegetales,191115,Zumos,NA,NA,456.32,"Bélgica, Francia, Países Bajos",7.8,"Bélgica, Francia, Países Bajos",7.8,"Brasil, Países Bajos, Irlanda",10.2,"Brasil, Países Bajos, Irlanda",10.2,43.5,NA,provisional
2025,I,Agroalimentario,19,Conservas vegetales,1911,Conservas vegetales,191116,Confituras y mermeladas,NA,NA,104.25,"Bélgica, Francia, Países Bajos",7.8,"Bélgica, Francia, Países Bajos",7.8,"Italia, Francia, Turquía",13.3,"Italia, Francia, Turquía",13.3,70.5,NA,provisional
2025,I,Agroalimentario,19,Conservas vegetales,1911,Conservas vegetales,191117,Las demás frutas,NA,NA,377.29,"Bélgica, Francia, Países Bajos",7.8,"Bélgica, Francia, Países Bajos",7.8,"Alemania, Francia, Turquía",9.4,"Alemania, Francia, Turquía",9.4,56.0,NA,provisional
2025,I,Agroalimentario,20,Vinos y bebidas,2011,Vinos y bebidas,201111,Agua,NA,NA,57.05,"Francia, Reino Unido, Bélgica",3.8,"Francia, Reino Unido, Bélgica",3.8,"Italia, Francia, Alemania",18.8,"Italia, Francia, Alemania",18.8,90.9,NA,provisional
2025,I,Agroalimentario,20,Vinos y bebidas,2011,Vinos y bebidas,201112,Bebidas refrescantes,NA,NA,347.02,"Francia, Reino Unido, Bélgica",3.8,"Francia, Reino Unido, Bélgica",3.8,"Portugal, Países Bajos, Austria",8.3,"Portugal, Países Bajos, Austria",8.3,88.3,NA,provisional
2025,I,Agroalimentario,20,Vinos y bebidas,2011,Vinos y bebidas,201113,Cerveza,NA,NA,430.90,"Francia, Reino Unido, Bélgica",3.8,"Francia, Reino Unido, Bélgica",3.8,"Bélgica, Portugal, México",-5.4,"Bélgica, Portugal, México",-5.4,82.7,NA,provisional
2025,I,Agroalimentario,20,Vinos y bebidas,2011,Vinos y bebidas,201114,Mosto,NA,NA,10.19,"Francia, Reino Unido, Bélgica",3.8,"Francia, Reino Unido, Bélgica",3.8,"Chile, Francia, Italia",-15.9,"Chile, Francia, Italia",-15.9,57.0,NA,provisional
2025,I,Agroalimentario,20,Vinos y bebidas,2011,Vinos y bebidas,201115,Vino,NA,NA,324.00,"Francia, Reino Unido, Bélgica",3.8,"Francia, Reino Unido, Bélgica",3.8,"Francia, Italia, Portugal",7.5,"Francia, Italia, Portugal",7.5,89.1,NA,provisional
2025,I,Agroalimentario,20,Vinos y bebidas,2011,Vinos y bebidas,201116,Vermut y vino aromátizado,NA,NA,61.43,"Francia, Reino Unido, Bélgica",3.8,"Francia, Reino Unido, Bélgica",3.8,"Italia, Alemania, Francia",23.8,"Italia, Alemania, Francia",23.8,98.7,NA,provisional
2025,I,Agroalimentario,20,Vinos y bebidas,2011,Vinos y bebidas,201117,Otras bebidas fermentadas,NA,NA,31.48,"Francia, Reino Unido, Bélgica",3.8,"Francia, Reino Unido, Bélgica",3.8,"Suecia, Alemania, Irlanda",-18.1,"Suecia, Alemania, Irlanda",-18.1,86.8,NA,provisional
2025,I,Agroalimentario,20,Vinos y bebidas,2011,Vinos y bebidas,201118,Bebidas espirituosas,NA,NA,1009.07,"Francia, Reino Unido, Bélgica",3.8,"Francia, Reino Unido, Bélgica",3.8,"Reino Unido, Estados Unidos, Países Bajos",6.9,"Reino Unido, Estados Unidos, Países Bajos",6.9,36.9,NA,provisional
2025,I,Agroalimentario,20,Vinos y bebidas,2011,Vinos y bebidas,201119,Alcohol,NA,NA,248.25,"Francia, Reino Unido, Bélgica",3.8,"Francia, Reino Unido, Bélgica",3.8,"Estados Unidos, Pakistán, Francia",-3.1,"Estados Unidos, Pakistán, Francia",-3.1,31.2,NA,provisional
2025,I,Agroalimentario,20,Vinos y bebidas,2011,Vinos y bebidas,201120,Vinagre y sucedáneos,NA,NA,23.80,"Francia, Reino Unido, Bélgica",3.8,"Francia, Reino Unido, Bélgica",3.8,"Italia, Francia, Países Bajos",-1.3,"Italia, Francia, Países Bajos",-1.3,90.6,NA,provisional
2025,I,Agroalimentario,21,Tabaco,2111,Tabaco,211111,Tabaco,NA,NA,1784.03,"Polonia, Alemania, Portugal",0.7,"Polonia, Alemania, Portugal",0.7,"Polonia, Alemania, Portugal",0.7,"Polonia, Alemania, Portugal",0.7,93.1,NA,provisional
2025,I,Agroalimentario,22,Grasas y aceites,2211,Grasas y aceites,221111,Aceite de soja,NA,NA,205.45,"Ucrania, Portugal, Indonesia",-8.1,"Ucrania, Portugal, Indonesia",-8.1,"Países Bajos, Portugal, Turquía",-25.8,"Países Bajos, Portugal, Turquía",-25.8,68.3,NA,provisional
2025,I,Agroalimentario,22,Grasas y aceites,2211,Grasas y aceites,221112,Aceite de oliva,NA,NA,823.67,"Ucrania, Portugal, Indonesia",-8.1,"Ucrania, Portugal, Indonesia",-8.1,"Portugal, Túnez, Italia",-50.7,"Portugal, Túnez, Italia",-50.7,58.3,NA,provisional
2025,I,Agroalimentario,22,Grasas y aceites,2211,Grasas y aceites,221112,Aceite de oliva,2211121,Aceite de oliva virgen extra,457.03,"Ucrania, Portugal, Indonesia",-8.1,"Ucrania, Portugal, Indonesia",-8.1,"Portugal, Túnez, Italia",-50.7,"Portugal, Túnez, Italia",-50.1,58.3,51.6,provisional
2025,I,Agroalimentario,22,Grasas y aceites,2211,Grasas y aceites,221112,Aceite de oliva,2211122,Aceite de oliva virgen y lampante,172.77,"Ucrania, Portugal, Indonesia",-8.1,"Ucrania, Portugal, Indonesia",-8.1,"Portugal, Túnez, Italia",-50.7,"Portugal, Túnez, Turquía",-56.9,58.3,45.1,provisional
2025,I,Agroalimentario,22,Grasas y aceites,2211,Grasas y aceites,221112,Aceite de oliva,2211123,Aceite de oliva refinado y mezclas,105.30,"Ucrania, Portugal, Indonesia",-8.1,"Ucrania, Portugal, Indonesia",-8.1,"Portugal, Túnez, Italia",-50.7,"Portugal, Italia, Grecia",-46.8,58.3,97.6,provisional
2025,I,Agroalimentario,22,Grasas y aceites,2211,Grasas y aceites,221112,Aceite de oliva,2211124,Aceite de orujo y otros aceites de aceituna,88.57,"Ucrania, Portugal, Indonesia",-8.1,"Ucrania, Portugal, Indonesia",-8.1,"Portugal, Túnez, Italia",-50.7,"Portugal, Túnez, Grecia",-43.0,58.3,71.5,provisional
2025,I,Agroalimentario,22,Grasas y aceites,2211,Grasas y aceites,221113,Aceite de girasol,NA,NA,1033.44,"Ucrania, Portugal, Indonesia",-8.1,"Ucrania, Portugal, Indonesia",-8.1,"Ucrania, Bulgaria, Francia",7.1,"Ucrania, Bulgaria, Francia",7.1,32.7,NA,provisional
2025,I,Agroalimentario,22,Grasas y aceites,2211,Grasas y aceites,221114,Margarina,NA,NA,132.84,"Ucrania, Portugal, Indonesia",-8.1,"Ucrania, Portugal, Indonesia",-8.1,"Bélgica, Portugal, Países Bajos",6.3,"Bélgica, Portugal, Países Bajos",6.3,92.5,NA,provisional
2025,I,Agroalimentario,22,Grasas y aceites,2211,Grasas y aceites,221115,Las demás grasas y aceites animales,NA,NA,233.71,"Ucrania, Portugal, Indonesia",-8.1,"Ucrania, Portugal, Indonesia",-8.1,"Francia, Italia, Uruguay",4.0,"Francia, Italia, Uruguay",4.0,57.9,NA,provisional
2025,I,Agroalimentario,22,Grasas y aceites,2211,Grasas y aceites,221116,Las demás grasas y aceites vegetales,NA,NA,1434.32,"Ucrania, Portugal, Indonesia",-8.1,"Ucrania, Portugal, Indonesia",-8.1,"Indonesia, Filipinas, Francia",11.6,"Indonesia, Filipinas, Francia",11.6,31.6,NA,provisional
2025,I,Agroalimentario,22,Grasas y aceites,2211,Grasas y aceites,221117,Residuos,NA,NA,1302.44,"Ucrania, Portugal, Indonesia",-8.1,"Ucrania, Portugal, Indonesia",-8.1,"China, Indonesia, Malasia",21.2,"China, Indonesia, Malasia",21.2,30.3,NA,provisional
2025,I,Agroalimentario,23,"Semillas, oleaginosas, mandioca y forraje",2311,"Semillas, oleaginosas, mandioca y forraje",231111,Soja,NA,NA,1235.37,"Brasil, Estados Unidos, Francia",-13.1,"Brasil, Estados Unidos, Francia",-13.1,"Brasil, Estados Unidos, Portugal",-22.2,"Brasil, Estados Unidos, Portugal",-22.2,1.3,NA,provisional
2025,I,Agroalimentario,23,"Semillas, oleaginosas, mandioca y forraje",2311,"Semillas, oleaginosas, mandioca y forraje",231112,Girasol,NA,NA,259.81,"Brasil, Estados Unidos, Francia",-13.1,"Brasil, Estados Unidos, Francia",-13.1,"Francia, China, Bulgaria",-2.4,"Francia, China, Bulgaria",-2.4,64.8,NA,provisional
2025,I,Agroalimentario,23,"Semillas, oleaginosas, mandioca y forraje",2311,"Semillas, oleaginosas, mandioca y forraje",231113,Otros productos del capítulo 12,NA,NA,869.43,"Brasil, Estados Unidos, Francia",-13.1,"Brasil, Estados Unidos, Francia",-13.1,"Países Bajos, Francia, China",-1.3,"Países Bajos, Francia, China",-1.3,62.1,NA,provisional
2025,I,Agroalimentario,23,"Semillas, oleaginosas, mandioca y forraje",2311,"Semillas, oleaginosas, mandioca y forraje",231114,Forrajes,NA,NA,8.20,"Brasil, Estados Unidos, Francia",-13.1,"Brasil, Estados Unidos, Francia",-13.1,"Francia, Portugal, Italia",-36.2,"Francia, Portugal, Italia",-36.2,90.1,NA,provisional
2025,I,Agroalimentario,23,"Semillas, oleaginosas, mandioca y forraje",2311,"Semillas, oleaginosas, mandioca y forraje",231115,Mandioca,NA,NA,59.11,"Brasil, Estados Unidos, Francia",-13.1,"Brasil, Estados Unidos, Francia",-13.1,"Costa Rica, Egipto, Portugal",18.5,"Costa Rica, Egipto, Portugal",18.5,15.9,NA,provisional
2025,I,Agroalimentario,24,"Café, té, cacao y azúcar",2411,"Café, té, cacao y azúcar",241111,Café,NA,NA,2302.46,"Costa de Marfil, Francia, Brasil",27.9,"Costa de Marfil, Francia, Brasil",27.9,"Vietnam, Brasil, Francia",33.8,"Vietnam, Brasil, Francia",33.8,29.7,NA,provisional
2025,I,Agroalimentario,24,"Café, té, cacao y azúcar",2411,"Café, té, cacao y azúcar",241112,Extractos de café,NA,NA,190.54,"Costa de Marfil, Francia, Brasil",27.9,"Costa de Marfil, Francia, Brasil",27.9,"Alemania, Vietnam, Italia",20.3,"Alemania, Vietnam, Italia",20.3,71.1,NA,provisional
2025,I,Agroalimentario,24,"Café, té, cacao y azúcar",2411,"Café, té, cacao y azúcar",241113,Sucedáneos de café,NA,NA,9.30,"Costa de Marfil, Francia, Brasil",27.9,"Costa de Marfil, Francia, Brasil",27.9,"Polonia, Portugal, Francia",-9.3,"Polonia, Portugal, Francia",-9.3,98.0,NA,provisional
2025,I,Agroalimentario,24,"Café, té, cacao y azúcar",2411,"Café, té, cacao y azúcar",241114,Té,NA,NA,85.64,"Costa de Marfil, Francia, Brasil",27.9,"Costa de Marfil, Francia, Brasil",27.9,"Países Bajos, Alemania, China",-2.7,"Países Bajos, Alemania, China",-2.7,58.7,NA,provisional
2025,I,Agroalimentario,24,"Café, té, cacao y azúcar",2411,"Café, té, cacao y azúcar",241115,Cacao,NA,NA,1913.75,"Costa de Marfil, Francia, Brasil",27.9,"Costa de Marfil, Francia, Brasil",27.9,"Costa de Marfil, Países Bajos, Ghana",61.1,"Costa de Marfil, Países Bajos, Ghana",61.1,22.1,NA,provisional
2025,I,Agroalimentario,24,"Café, té, cacao y azúcar",2411,"Café, té, cacao y azúcar",241116,Azúcar,NA,NA,890.16,"Costa de Marfil, Francia, Brasil",27.9,"Costa de Marfil, Francia, Brasil",27.9,"Francia, Brasil, Portugal",-14.8,"Francia, Brasil, Portugal",-14.8,70.4,NA,provisional
2025,I,Agroalimentario,24,"Café, té, cacao y azúcar",2411,"Café, té, cacao y azúcar",241117,Melazas,NA,NA,24.02,"Costa de Marfil, Francia, Brasil",27.9,"Costa de Marfil, Francia, Brasil",27.9,"Egipto, Países Bajos, República Dominicana",-7.5,"Egipto, Países Bajos, República Dominicana",-7.5,27.2,NA,provisional
2025,I,Agroalimentario,25,Industrias agroalimentarias,2511,Industrias agroalimentarias,251111,Miel,NA,NA,68.12,"Alemania, Francia, Italia",12.4,"Alemania, Francia, Italia",12.4,"Portugal, Ucrania, Alemania",6.0,"Portugal, Ucrania, Alemania",6.0,56.7,NA,provisional
2025,I,Agroalimentario,25,Industrias agroalimentarias,2511,Industrias agroalimentarias,251112,Extractos y jugos de origen animal,NA,NA,13.19,"Alemania, Francia, Italia",12.4,"Alemania, Francia, Italia",12.4,"China, Hungría, Portugal",16.6,"China, Hungría, Portugal",16.6,50.0,NA,provisional
2025,I,Agroalimentario,25,Industrias agroalimentarias,2511,Industrias agroalimentarias,251113,Levaduras,NA,NA,88.01,"Alemania, Francia, Italia",12.4,"Alemania, Francia, Italia",12.4,"Francia, Bélgica, Portugal",7.7,"Francia, Bélgica, Portugal",7.7,84.0,NA,provisional
2025,I,Agroalimentario,25,Industrias agroalimentarias,2511,Industrias agroalimentarias,251114,Otras preparaciones alimenticias,NA,NA,1380.94,"Alemania, Francia, Italia",12.4,"Alemania, Francia, Italia",12.4,"Países Bajos, Francia, Alemania",15.1,"Países Bajos, Francia, Alemania",15.1,85.3,NA,provisional
2025,I,Agroalimentario,25,Industrias agroalimentarias,2511,Industrias agroalimentarias,251115,Especias,NA,NA,344.01,"Alemania, Francia, Italia",12.4,"Alemania, Francia, Italia",12.4,"China, Irán, Vietnam",-7.7,"China, Irán, Vietnam",-7.7,14.8,NA,provisional
2025,I,Agroalimentario,25,Industrias agroalimentarias,2511,Industrias agroalimentarias,251116,"Gomas, resinas y extractos vegetales",NA,NA,316.40,"Alemania, Francia, Italia",12.4,"Alemania, Francia, Italia",12.4,"China, Alemania, Francia",5.2,"China, Alemania, Francia",5.2,41.5,NA,provisional
2025,I,Agroalimentario,25,Industrias agroalimentarias,2511,Industrias agroalimentarias,251117,Artículos sin cacao de confitería,NA,NA,262.43,"Alemania, Francia, Italia",12.4,"Alemania, Francia, Italia",12.4,"Alemania, Italia, Bélgica",15.3,"Alemania, Italia, Bélgica",15.3,85.5,NA,provisional
2025,I,Agroalimentario,25,Industrias agroalimentarias,2511,Industrias agroalimentarias,251118,Chocolate y preparaciones con cacao,NA,NA,1182.02,"Alemania, Francia, Italia",12.4,"Alemania, Francia, Italia",12.4,"Alemania, Francia, Italia",26.7,"Alemania, Francia, Italia",26.7,96.9,NA,provisional
2025,I,Agroalimentario,25,Industrias agroalimentarias,2511,Industrias agroalimentarias,251119,Pastas alimenticias,NA,NA,395.86,"Alemania, Francia, Italia",12.4,"Alemania, Francia, Italia",12.4,"Italia, Francia, Alemania",15.5,"Italia, Francia, Alemania",15.5,87.9,NA,provisional
2025,I,Agroalimentario,25,Industrias agroalimentarias,2511,Industrias agroalimentarias,251120,"Panadería, pastelería y galletería",NA,NA,1195.57,"Alemania, Francia, Italia",12.4,"Alemania, Francia, Italia",12.4,"Alemania, Italia, Francia",12.1,"Alemania, Italia, Francia",12.1,95.4,NA,provisional
2025,I,Agroalimentario,25,Industrias agroalimentarias,2511,Industrias agroalimentarias,251121,Otras preparaciones de harina y cereales,NA,NA,460.77,"Alemania, Francia, Italia",12.4,"Alemania, Francia, Italia",12.4,"Francia, Alemania, Portugal",3.9,"Francia, Alemania, Portugal",3.9,90.0,NA,provisional
2025,I,Agroalimentario,25,Industrias agroalimentarias,2511,Industrias agroalimentarias,251122,Salsas y sopas,NA,NA,404.69,"Alemania, Francia, Italia",12.4,"Alemania, Francia, Italia",12.4,"Italia, Países Bajos, Alemania",11.5,"Italia, Países Bajos, Alemania",11.5,83.0,NA,provisional
2025,I,Agroalimentario,25,Industrias agroalimentarias,2511,Industrias agroalimentarias,251123,Helados,NA,NA,292.04,"Alemania, Francia, Italia",12.4,"Alemania, Francia, Italia",12.4,"Francia, Alemania, Italia",4.7,"Francia, Alemania, Italia",4.7,96.9,NA,provisional
2025,I,Agroalimentario,25,Industrias agroalimentarias,2511,Industrias agroalimentarias,251124,Batidos y postres lácteos,NA,NA,320.03,"Alemania, Francia, Italia",12.4,"Alemania, Francia, Italia",12.4,"Alemania, Francia, Países Bajos",7.8,"Alemania, Francia, Países Bajos",7.8,97.9,NA,provisional
2025,I,Agroalimentario,AR,Otros productos agrícolas,AARR,Otros productos agrícolas,RESTO,Otros productos agrícolas sin rúbrica propia,NA,NA,281.54,"China, Francia, Portugal",5.6,"China, Francia, Portugal",5.6,"China, Francia, Portugal",5.6,"China, Francia, Portugal",5.6,48.0,NA,provisional
2025,I,Industrial,2,PRODUCTOS ENERGÉTICOS,21,CARBÓN,210,CARBÓN,2100,CARBÓN,590.42,"Estados Unidos, Argelia, Nigeria",-8.5,"Australia, Estados Unidos, Colombia",-37.9,"Australia, Estados Unidos, Colombia",-37.9,"Australia, Estados Unidos, Colombia",-37.9,14.2,14.2,provisional
2025,I,Industrial,2,PRODUCTOS ENERGÉTICOS,22,PETRÓLEO Y DERIVADOS,220,PETRÓLEO Y DERIVADOS,2200,PETRÓLEO Y DERIVADOS,40029.81,"Estados Unidos, Argelia, Nigeria",-8.5,"Estados Unidos, Brasil, México",-13.5,"Estados Unidos, Brasil, México",-13.5,"Estados Unidos, Brasil, México",-13.5,12.5,12.5,provisional
2025,I,Industrial,2,PRODUCTOS ENERGÉTICOS,23,GAS,230,GAS,2300,GAS,11617.19,"Estados Unidos, Argelia, Nigeria",-8.5,"Estados Unidos, Argelia, Rusia",18.9,"Estados Unidos, Argelia, Rusia",18.9,"Estados Unidos, Argelia, Rusia",18.9,0.8,0.8,provisional
2025,I,Industrial,2,PRODUCTOS ENERGÉTICOS,24,CORRIENTE ELÉCTRICA,240,CORRIENTE ELÉCTRICA,2400,CORRIENTE ELÉCTRICA,1291.56,"Estados Unidos, Argelia, Nigeria",-8.5,"Francia, Portugal, Marruecos",-17.0,"Francia, Portugal, Marruecos",-17.0,"Francia, Portugal, Marruecos",-17.0,98.4,98.4,provisional
2025,I,Industrial,3,MATERIAS PRIMAS,31,MAT. PRIMAS ANIMALES Y VEGETALES,310,MAT. PRIMAS ANIMALES Y VEGETALES,3100,MAT. PRIMAS ANIMALES Y VEGETALES,4030.62,"Francia, Perú, Portugal",-0.1,"Francia, Países Bajos, Portugal",-2.5,"Francia, Países Bajos, Portugal",-2.5,"Francia, Países Bajos, Portugal",-2.5,60.3,60.3,provisional
2025,I,Industrial,3,MATERIAS PRIMAS,32,MENAS Y MINERALES,320,MENAS Y MINERALES,3200,MENAS Y MINERALES,8397.42,"Francia, Perú, Portugal",-0.1,"Francia, Perú, Brasil",1.1,"Francia, Perú, Brasil",1.1,"Francia, Perú, Brasil",1.1,35.3,35.3,provisional
2025,I,Industrial,4,SEMIMANUFACTURAS,41,METALES NO FERROSOS,410,METALES NO FERROSOS,4100,METALES NO FERROSOS,8450.96,"Alemania, Francia, Italia",4.8,"R. D. del Congo, Italia, Alemania",15.3,"R. D. del Congo, Italia, Alemania",15.3,"R. D. del Congo, Italia, Alemania",15.3,50.6,50.6,provisional
2025,I,Industrial,4,SEMIMANUFACTURAS,42,HIERRO Y ACERO,420,HIERRO Y ACERO,4200,HIERRO Y ACERO,10138.32,"Alemania, Francia, Italia",4.8,"Francia, Alemania, Italia",-7.4,"Francia, Alemania, Italia",-7.4,"Francia, Alemania, Italia",-7.4,58.0,58.0,provisional
2025,I,Industrial,4,SEMIMANUFACTURAS,43,PRODUCTOS QUÍMICOS,431,PRODUCTOS QUÍMICOS ORGÁNICOS,4310,PRODUCTOS QUÍMICOS ORGÁNICOS,9806.59,"Alemania, Francia, Italia",4.8,"Alemania, Estados Unidos, Francia",6.0,"China, Alemania, Francia",-13.2,"China, Alemania, Francia",-13.2,44.9,44.9,provisional
2025,I,Industrial,4,SEMIMANUFACTURAS,43,PRODUCTOS QUÍMICOS,432,PRODUCTOS QUÍMICOS INORGÁNICOS,4320,PRODUCTOS QUÍMICOS INORGÁNICOS,3297.97,"Alemania, Francia, Italia",4.8,"Alemania, Estados Unidos, Francia",6.0,"Reino Unido, Alemania, China",8.5,"Reino Unido, Alemania, China",8.5,31.9,31.9,provisional
2025,I,Industrial,4,SEMIMANUFACTURAS,43,PRODUCTOS QUÍMICOS,433,MEDICAMENTOS,4330,MEDICAMENTOS,26578.85,"Alemania, Francia, Italia",4.8,"Alemania, Estados Unidos, Francia",6.0,"Estados Unidos, Italia, Alemania",15.8,"Estados Unidos, Italia, Alemania",15.8,55.6,55.6,provisional
2025,I,Industrial,4,SEMIMANUFACTURAS,43,PRODUCTOS QUÍMICOS,434,PLÁSTICOS,4341,MATERIAS PRIMAS PLÁSTICAS,6402.15,"Alemania, Francia, Italia",4.8,"Alemania, Estados Unidos, Francia",6.0,"Alemania, Francia, Italia",0.6,"Alemania, Francia, Bélgica",-3.7,67.5,65.5,provisional
2025,I,Industrial,4,SEMIMANUFACTURAS,43,PRODUCTOS QUÍMICOS,434,PLÁSTICOS,4342,MANUFACTURAS PLÁSTICAS,8581.85,"Alemania, Francia, Italia",4.8,"Alemania, Estados Unidos, Francia",6.0,"Alemania, Francia, Italia",0.6,"Alemania, China, Francia",4.1,67.5,69.1,provisional
2025,I,Industrial,4,SEMIMANUFACTURAS,43,PRODUCTOS QUÍMICOS,435,ABONOS,4350,ABONOS,1511.94,"Alemania, Francia, Italia",4.8,"Alemania, Estados Unidos, Francia",6.0,"Egipto, Bélgica, Marruecos",32.5,"Egipto, Bélgica, Marruecos",32.5,41.5,41.5,provisional
2025,I,Industrial,4,SEMIMANUFACTURAS,43,PRODUCTOS QUÍMICOS,436,COLORANTES Y CURTIENTES,4360,COLORANTES Y CURTIENTES,1917.56,"Alemania, Francia, Italia",4.8,"Alemania, Estados Unidos, Francia",6.0,"Alemania, Francia, Italia",-0.7,"Alemania, Francia, Italia",-0.7,74.6,74.6,provisional
2025,I,Industrial,4,SEMIMANUFACTURAS,43,PRODUCTOS QUÍMICOS,437,ACEITES ESENCIALES Y PERFUMADOS,4370,ACEITES ESENCIALES Y PERFUMADOS,6972.29,"Alemania, Francia, Italia",4.8,"Alemania, Estados Unidos, Francia",6.0,"Francia, Italia, Alemania",8.7,"Francia, Italia, Alemania",8.7,83.8,83.8,provisional
2025,I,Industrial,4,SEMIMANUFACTURAS,43,PRODUCTOS QUÍMICOS,438,OTROS PRODUCTOS QUÍMICOS,4380,OTROS PRODUCTOS QUÍMICOS,7080.36,"Alemania, Francia, Italia",4.8,"Alemania, Estados Unidos, Francia",6.0,"Alemania, Francia, Países Bajos",10.6,"Alemania, Francia, Países Bajos",10.6,77.8,77.8,provisional
2025,I,Industrial,4,SEMIMANUFACTURAS,44,OTRAS SEMIMANUFACTURAS,441,PAPEL,4410,PAPEL,4850.60,"Alemania, Francia, Italia",4.8,"Alemania, Francia, China",2.9,"Alemania, Francia, Italia",2.1,"Alemania, Francia, Italia",2.1,83.5,83.5,provisional
2025,I,Industrial,4,SEMIMANUFACTURAS,44,OTRAS SEMIMANUFACTURAS,442,MATERIAL DE CONSTRUCCIÓN,4421,CAL Y CEMENTO,325.04,"Alemania, Francia, Italia",4.8,"Alemania, Francia, China",2.9,"China, Italia, Francia",5.0,"Portugal, Turquía, Egipto",20.8,55.1,42.6,provisional
2025,I,Industrial,4,SEMIMANUFACTURAS,44,OTRAS SEMIMANUFACTURAS,442,MATERIAL DE CONSTRUCCIÓN,4422,OTROS MAT. DE CONSTRUCCIÓN,1103.92,"Alemania, Francia, Italia",4.8,"Alemania, Francia, China",2.9,"China, Italia, Francia",5.0,"Italia, Alemania, China",1.3,55.1,63.2,provisional
2025,I,Industrial,4,SEMIMANUFACTURAS,44,OTRAS SEMIMANUFACTURAS,442,MATERIAL DE CONSTRUCCIÓN,4423,VIDRIO,925.91,"Alemania, Francia, Italia",4.8,"Alemania, Francia, China",2.9,"China, Italia, Francia",5.0,"China, Francia, Alemania",4.7,55.1,49.8,provisional
2025,I,Industrial,4,SEMIMANUFACTURAS,44,OTRAS SEMIMANUFACTURAS,443,NEUMÁTICOS Y CÁMARAS,4430,NEUMÁTICOS Y CÁMARAS,2479.49,"Alemania, Francia, Italia",4.8,"Alemania, Francia, China",2.9,"China, Italia, Alemania",6.0,"China, Italia, Alemania",6.0,59.1,59.1,provisional
2025,I,Industrial,4,SEMIMANUFACTURAS,44,OTRAS SEMIMANUFACTURAS,444,RESTO OTRAS SEMIMANUFACTURAS,4440,RESTO OTRAS SEMIMANUFACTURAS,2942.19,"Alemania, Francia, Italia",4.8,"Alemania, Francia, China",2.9,"Francia, Portugal, Alemania",0.0,"Francia, Portugal, Alemania",0.0,69.5,69.5,provisional
2025,I,Industrial,5,BIENES DE EQUIPO,51,MAQ. ESPECIFICA CIERTAS INDUSTRIAS,511,MAQUINARIA AGRÍCOLA,5110,MAQUINARIA AGRÍCOLA,1744.54,"China, Alemania, Francia",9.5,"Alemania, China, Italia",7.4,"Alemania, Italia, Francia",23.7,"Alemania, Italia, Francia",23.7,82.5,82.5,provisional
2025,I,Industrial,5,BIENES DE EQUIPO,51,MAQ. ESPECIFICA CIERTAS INDUSTRIAS,512,MAQUINARIA OBRAS PUBLICAS,5120,MAQUINARIA OBRAS PUBLICAS,1377.35,"China, Alemania, Francia",9.5,"Alemania, China, Italia",7.4,"Alemania, Italia, China",-1.9,"Alemania, Italia, China",-1.9,64.6,64.6,provisional
2025,I,Industrial,5,BIENES DE EQUIPO,51,MAQ. ESPECIFICA CIERTAS INDUSTRIAS,513,MAQUINARIA TEXTIL,5130,MAQUINARIA TEXTIL,310.90,"China, Alemania, Francia",9.5,"Alemania, China, Italia",7.4,"China, Italia, Alemania",20.1,"China, Italia, Alemania",20.1,57.8,57.8,provisional
2025,I,Industrial,5,BIENES DE EQUIPO,51,MAQ. ESPECIFICA CIERTAS INDUSTRIAS,514,MAQUINARIA PARA TRABAJAR METAL,5140,MAQUINARIA PARA TRABAJAR METAL,1182.40,"China, Alemania, Francia",9.5,"Alemania, China, Italia",7.4,"Alemania, Italia, China",-4.3,"Alemania, Italia, China",-4.3,61.4,61.4,provisional
2025,I,Industrial,5,BIENES DE EQUIPO,51,MAQ. ESPECIFICA CIERTAS INDUSTRIAS,515,MAQ. PARA CIERTAS INDUSTRIAS,5150,MAQ. PARA CIERTAS INDUSTRIAS,3592.59,"China, Alemania, Francia",9.5,"Alemania, China, Italia",7.4,"Alemania, Italia, China",10.5,"Alemania, Italia, China",10.5,74.4,74.4,provisional
2025,I,Industrial,5,BIENES DE EQUIPO,51,MAQ. ESPECIFICA CIERTAS INDUSTRIAS,516,MAQ. PARA USO GRAL INDUSTRIA,5160,MAQ. PARA USO GRAL INDUSTRIA,16578.58,"China, Alemania, Francia",9.5,"Alemania, China, Italia",7.4,"China, Alemania, Italia",6.8,"China, Alemania, Italia",6.8,63.8,63.8,provisional
2025,I,Industrial,5,BIENES DE EQUIPO,52,EQUIPO OFICINA Y TELECOMUNIC.,521,EQUIPO DE OFICINA,5210,EQUIPO DE OFICINA,1186.88,"China, Alemania, Francia",9.5,"China, Países Bajos, Italia",8.8,"China, Alemania, Japón",-2.7,"China, Alemania, Japón",-2.7,32.8,32.8,provisional
2025,I,Industrial,5,BIENES DE EQUIPO,52,EQUIPO OFICINA Y TELECOMUNIC.,522,MAQ. AUTOMATIZACION DATOS,5220,MAQ. AUTOMATIZACION DATOS,6875.09,"China, Alemania, Francia",9.5,"China, Países Bajos, Italia",8.8,"China, Países Bajos, Estados Unidos",28.3,"China, Países Bajos, Estados Unidos",28.3,46.2,46.2,provisional
2025,I,Industrial,5,BIENES DE EQUIPO,52,EQUIPO OFICINA Y TELECOMUNIC.,523,EQUIPO TELECOMUNICACIÓN,5230,EQUIPO TELECOMUNICACIÓN,13643.55,"China, Alemania, Francia",9.5,"China, Países Bajos, Italia",8.8,"China, Italia, Países Bajos",2.0,"China, Italia, Países Bajos",2.0,43.7,43.7,provisional
2025,I,Industrial,5,BIENES DE EQUIPO,53,MATERIAL TRANSPORTE,531,MATERIAL FERROVIARIO,5310,MATERIAL FERROVIARIO,868.70,"China, Alemania, Francia",9.5,"Francia, Alemania, Estados Unidos",9.6,"Alemania, Francia, Eslovaquia",6.6,"Alemania, Francia, Eslovaquia",6.6,79.9,79.9,provisional
2025,I,Industrial,5,BIENES DE EQUIPO,53,MATERIAL TRANSPORTE,532,VEHIC. TRANS. MERCANCÍAS CARR.,5320,VEHIC. TRANS. MERCANCÍAS CARR.,6732.47,"China, Alemania, Francia",9.5,"Francia, Alemania, Estados Unidos",9.6,"Alemania, Francia, Turquía",2.1,"Alemania, Francia, Turquía",2.1,77.8,77.8,provisional
2025,I,Industrial,5,BIENES DE EQUIPO,53,MATERIAL TRANSPORTE,533,BUQUES,5330,BUQUES,652.11,"China, Alemania, Francia",9.5,"Francia, Alemania, Estados Unidos",9.6,"China, Francia, Italia",-0.2,"China, Francia, Italia",-0.2,47.2,47.2,provisional
2025,I,Industrial,5,BIENES DE EQUIPO,53,MATERIAL TRANSPORTE,534,AERONAVES,5340,AERONAVES,4800.30,"China, Alemania, Francia",9.5,"Francia, Alemania, Estados Unidos",9.6,"Estados Unidos, Francia, Alemania",24.7,"Estados Unidos, Francia, Alemania",24.7,50.9,50.9,provisional
2025,I,Industrial,5,BIENES DE EQUIPO,54,OTROS BIENES DE EQUIPO,541,EQUIPO GENERADOR DE FUERZA,5410,EQUIPO GENERADOR DE FUERZA,3816.61,"China, Alemania, Francia",9.5,"China, Alemania, Francia",11.0,"Estados Unidos, Reino Unido, Alemania",7.8,"Estados Unidos, Reino Unido, Alemania",7.8,17.1,17.1,provisional
2025,I,Industrial,5,BIENES DE EQUIPO,54,OTROS BIENES DE EQUIPO,542,APARATOS ELÉCTRICOS,5421,MOTORES ELÉCTRICOS,2108.06,"China, Alemania, Francia",9.5,"China, Alemania, Francia",11.0,"China, Alemania, Marruecos",12.5,"China, Francia, Alemania",13.8,49.6,52.1,provisional
2025,I,Industrial,5,BIENES DE EQUIPO,54,OTROS BIENES DE EQUIPO,542,APARATOS ELÉCTRICOS,5422,TRANSFORMADORES ELÉCTRICOS,3049.87,"China, Alemania, Francia",9.5,"China, Alemania, Francia",11.0,"China, Alemania, Marruecos",12.5,"China, Alemania, Italia",12.2,49.6,43.2,provisional
2025,I,Industrial,5,BIENES DE EQUIPO,54,OTROS BIENES DE EQUIPO,542,APARATOS ELÉCTRICOS,5423,OTROS APARATOS ELÉCTRICOS,18420.50,"China, Alemania, Francia",9.5,"China, Alemania, Francia",11.0,"China, Alemania, Marruecos",12.5,"China, Marruecos, Alemania",12.4,49.6,50.4,provisional
2025,I,Industrial,5,BIENES DE EQUIPO,54,OTROS BIENES DE EQUIPO,543,APARATOS DE PRECISIÓN,5430,APARATOS DE PRECISIÓN,7873.19,"China, Alemania, Francia",9.5,"China, Alemania, Francia",11.0,"Alemania, Estados Unidos, China",8.0,"Alemania, Estados Unidos, China",8.0,55.9,55.9,provisional
2025,I,Industrial,5,BIENES DE EQUIPO,54,OTROS BIENES DE EQUIPO,544,RESTO BIENES DE EQUIPO,5440,RESTO BIENES DE EQUIPO,10485.73,"China, Alemania, Francia",9.5,"China, Alemania, Francia",11.0,"China, Alemania, Italia",11.5,"China, Alemania, Italia",11.5,63.9,63.9,provisional
2025,I,Industrial,6,SECTOR AUTOMÓVIL,61,AUTOMÓVILES Y MOTOS,610,AUTOMÓVILES Y MOTOS,6100,AUTOMÓVILES Y MOTOS,27757.61,"Alemania, Francia, China",3.8,"Alemania, China, Japón",13.3,"Alemania, China, Japón",13.3,"Alemania, China, Japón",13.3,57.4,57.4,provisional
2025,I,Industrial,6,SECTOR AUTOMÓVIL,62,COMPONENTES DEL AUTOMÓVIL,620,COMPONENTES DEL AUTOMÓVIL,6200,COMPONENTES DEL AUTOMÓVIL,18549.91,"Alemania, Francia, China",3.8,"Alemania, Francia, Italia",-7.8,"Alemania, Francia, Italia",-7.8,"Alemania, Francia, Italia",-7.8,82.0,82.0,provisional
2025,I,Industrial,7,BIENES DE CONSUMO DURADERO,71,ELECTRODOMÉSTICOS,710,ELECTRODOMÉSTICOS,7100,ELECTRODOMÉSTICOS,3966.30,"China, Polonia, Alemania",7.5,"China, Alemania, Turquía",8.0,"China, Alemania, Turquía",8.0,"China, Alemania, Turquía",8.0,32.7,32.7,provisional
2025,I,Industrial,7,BIENES DE CONSUMO DURADERO,72,ELECTRÓNICA DE CONSUMO,720,ELECTRÓNICA DE CONSUMO,7200,ELECTRÓNICA DE CONSUMO,1990.01,"China, Polonia, Alemania",7.5,"China, Polonia, Eslovaquia",-2.1,"China, Polonia, Eslovaquia",-2.1,"China, Polonia, Eslovaquia",-2.1,51.0,51.0,provisional
2025,I,Industrial,7,BIENES DE CONSUMO DURADERO,73,MUEBLES,730,MUEBLES,7300,MUEBLES,4487.00,"China, Polonia, Alemania",7.5,"China, Portugal, Marruecos",7.6,"China, Portugal, Marruecos",7.6,"China, Portugal, Marruecos",7.6,52.5,52.5,provisional
2025,I,Industrial,7,BIENES DE CONSUMO DURADERO,74,OTROS BIENES CONSUMO DURADERO,740,OTROS BIENES CONSUMO DURADERO,7400,OTROS BIENES CONSUMO DURADERO,1259.86,"China, Polonia, Alemania",7.5,"China, Alemania, Italia",25.1,"China, Alemania, Italia",25.1,"China, Alemania, Italia",25.1,41.6,41.6,provisional
2025,I,Industrial,8,MANUFACTURAS DE CONSUMO,81,TEXTILES Y CONFECCIÓN,811,FIBRAS TEXTILES,8110,FIBRAS TEXTILES,438.28,"China, Bangladesh, Italia",7.6,"China, Bangladesh, Turquía",6.6,"Turquía, China, Austria",-2.6,"Turquía, China, Austria",-2.6,33.2,33.2,provisional
2025,I,Industrial,8,MANUFACTURAS DE CONSUMO,81,TEXTILES Y CONFECCIÓN,812,HILADOS,8120,HILADOS,637.32,"China, Bangladesh, Italia",7.6,"China, Bangladesh, Turquía",6.6,"China, Turquía, Italia",2.9,"China, Turquía, Italia",2.9,41.9,41.9,provisional
2025,I,Industrial,8,MANUFACTURAS DE CONSUMO,81,TEXTILES Y CONFECCIÓN,813,TEJIDOS,8130,TEJIDOS,1561.36,"China, Bangladesh, Italia",7.6,"China, Bangladesh, Turquía",6.6,"China, Turquía, Italia",-4.5,"China, Turquía, Italia",-4.5,34.4,34.4,provisional
2025,I,Industrial,8,MANUFACTURAS DE CONSUMO,81,TEXTILES Y CONFECCIÓN,814,VESTUARIO,8141,ROPA DE PUNTO,3665.83,"China, Bangladesh, Italia",7.6,"China, Bangladesh, Turquía",6.6,"China, Bangladesh, Marruecos",8.0,"China, Bangladesh, Camboya",8.8,17.4,14.9,provisional
2025,I,Industrial,8,MANUFACTURAS DE CONSUMO,81,TEXTILES Y CONFECCIÓN,814,VESTUARIO,8142,ROPA NO DE PUNTO,9196.82,"China, Bangladesh, Italia",7.6,"China, Bangladesh, Turquía",6.6,"China, Bangladesh, Marruecos",8.0,"Bangladesh, China, Marruecos",5.0,17.4,13.9,provisional
2025,I,Industrial,8,MANUFACTURAS DE CONSUMO,81,TEXTILES Y CONFECCIÓN,814,VESTUARIO,8143,RESTO DE PRENDAS,9518.25,"China, Bangladesh, Italia",7.6,"China, Bangladesh, Turquía",6.6,"China, Bangladesh, Marruecos",8.0,"China, Bangladesh, Turquía",10.7,17.4,21.7,provisional
2025,I,Industrial,8,MANUFACTURAS DE CONSUMO,81,TEXTILES Y CONFECCIÓN,815,RESTO TEXTILES,8150,RESTO TEXTILES,2654.25,"China, Bangladesh, Italia",7.6,"China, Bangladesh, Turquía",6.6,"China, Pakistán, Alemania",4.9,"China, Pakistán, Alemania",4.9,39.1,39.1,provisional
2025,I,Industrial,8,MANUFACTURAS DE CONSUMO,82,CALZADO,820,CALZADO,8200,CALZADO,5355.71,"China, Bangladesh, Italia",7.6,"China, Vietnam, Italia",7.0,"China, Vietnam, Italia",7.0,"China, Vietnam, Italia",7.0,30.4,30.4,provisional
2025,I,Industrial,8,MANUFACTURAS DE CONSUMO,83,JUGUETES,830,JUGUETES,8300,JUGUETES,4009.55,"China, Bangladesh, Italia",7.6,"China, Países Bajos, Alemania",25.5,"China, Países Bajos, Alemania",25.5,"China, Países Bajos, Alemania",25.5,35.0,35.0,provisional
2025,I,Industrial,8,MANUFACTURAS DE CONSUMO,84,ALFARERÍA,840,ALFARERÍA,8400,ALFARERÍA,238.92,"China, Bangladesh, Italia",7.6,"China, Portugal, Turquía",6.8,"China, Portugal, Turquía",6.8,"China, Portugal, Turquía",6.8,45.2,45.2,provisional
2025,I,Industrial,8,MANUFACTURAS DE CONSUMO,85,JOYERÍA Y RELOJES,850,JOYERÍA Y RELOJES,8500,JOYERÍA Y RELOJES,2316.85,"China, Bangladesh, Italia",7.6,"Suiza, China, Francia",14.6,"Suiza, China, Francia",14.6,"Suiza, China, Francia",14.6,34.5,34.5,provisional
2025,I,Industrial,8,MANUFACTURAS DE CONSUMO,86,CUERO Y MANUFACTURAS DEL CUERO,860,CUERO Y MANUFACTURAS DEL CUERO,8600,CUERO Y MANUFACTURAS DEL CUERO,465.48,"China, Bangladesh, Italia",7.6,"Italia, China, Francia",1.3,"Italia, China, Francia",1.3,"Italia, China, Francia",1.3,64.6,64.6,provisional
2025,I,Industrial,8,MANUFACTURAS DE CONSUMO,87,OTRAS MANUFACTURAS DE CONSUMO,870,OTRAS MANUFACTURAS DE CONSUMO,8700,OTRAS MANUFACTURAS DE CONSUMO,10716.48,"China, Bangladesh, Italia",7.6,"China, Francia, Alemania",3.7,"China, Francia, Alemania",3.7,"China, Francia, Alemania",3.7,48.9,48.9,provisional
